match_id,date,batting_team,bowling_team,player_of_match,toss_winner,toss_decision,venue,city,season
335982,2008-04-18,Kolkata Knight Riders,Royal Challengers Bangalore,BB McCullum,Royal Challengers Bangalore,field,M Chinnaswamy Stadium,Bangalore,2007/08
335982,2008-04-18,Royal Challengers Bangalore,Kolkata Knight Riders,BB McCullum,Royal Challengers Bangalore,field,M Chinnaswamy Stadium,Bangalore,2007/08
335983,2008-04-19,Chennai Super Kings,Kings XI Punjab,MEK Hussey,Chennai Super Kings,bat,"Punjab Cricket Association Stadium, Mohali",Chandigarh,2007/08
335983,2008-04-19,Kings XI Punjab,Chennai Super Kings,MEK Hussey,Chennai Super Kings,bat,"Punjab Cricket Association Stadium, Mohali",Chandigarh,2007/08
335984,2008-04-19,Rajasthan Royals,Delhi Daredevils,MF Maharoof,Rajasthan Royals,bat,Feroz Shah Kotla,Delhi,2007/08
335984,2008-04-19,Delhi Daredevils,Rajasthan Royals,MF Maharoof,Rajasthan Royals,bat,Feroz Shah Kotla,Delhi,2007/08
335985,2008-04-20,Mumbai Indians,Royal Challengers Bangalore,MV Boucher,Mumbai Indians,bat,Wankhede Stadium,Mumbai,2007/08
335985,2008-04-20,Royal Challengers Bangalore,Mumbai Indians,MV Boucher,Mumbai Indians,bat,Wankhede Stadium,Mumbai,2007/08
335986,2008-04-20,Deccan Chargers,Kolkata Knight Riders,DJ Hussey,Deccan Chargers,bat,Eden Gardens,Kolkata,2007/08
335986,2008-04-20,Kolkata Knight Riders,Deccan Chargers,DJ Hussey,Deccan Chargers,bat,Eden Gardens,Kolkata,2007/08
335987,2008-04-21,Kings XI Punjab,Rajasthan Royals,SR Watson,Kings XI Punjab,bat,Sawai Mansingh Stadium,Jaipur,2007/08
335987,2008-04-21,Rajasthan Royals,Kings XI Punjab,SR Watson,Kings XI Punjab,bat,Sawai Mansingh Stadium,Jaipur,2007/08
335988,2008-04-22,Deccan Chargers,Delhi Daredevils,V Sehwag,Deccan Chargers,bat,"Rajiv Gandhi International Stadium, Uppal",Hyderabad,2007/08
335988,2008-04-22,Delhi Daredevils,Deccan Chargers,V Sehwag,Deccan Chargers,bat,"Rajiv Gandhi International Stadium, Uppal",Hyderabad,2007/08
335989,2008-04-23,Chennai Super Kings,Mumbai Indians,ML Hayden,Mumbai Indians,field,"MA Chidambaram Stadium, Chepauk",Chennai,2007/08
335989,2008-04-23,Mumbai Indians,Chennai Super Kings,ML Hayden,Mumbai Indians,field,"MA Chidambaram Stadium, Chepauk",Chennai,2007/08
335990,2008-04-24,Deccan Chargers,Rajasthan Royals,YK Pathan,Rajasthan Royals,field,"Rajiv Gandhi International Stadium, Uppal",Hyderabad,2007/08
335990,2008-04-24,Rajasthan Royals,Deccan Chargers,YK Pathan,Rajasthan Royals,field,"Rajiv Gandhi International Stadium, Uppal",Hyderabad,2007/08
335991,2008-04-25,Kings XI Punjab,Mumbai Indians,KC Sangakkara,Mumbai Indians,field,"Punjab Cricket Association Stadium, Mohali",Chandigarh,2007/08
335991,2008-04-25,Mumbai Indians,Kings XI Punjab,KC Sangakkara,Mumbai Indians,field,"Punjab Cricket Association Stadium, Mohali",Chandigarh,2007/08
335992,2008-04-26,Royal Challengers Bangalore,Rajasthan Royals,SR Watson,Rajasthan Royals,field,M Chinnaswamy Stadium,Bangalore,2007/08
335992,2008-04-26,Rajasthan Royals,Royal Challengers Bangalore,SR Watson,Rajasthan Royals,field,M Chinnaswamy Stadium,Bangalore,2007/08
335993,2008-04-26,Kolkata Knight Riders,Chennai Super Kings,JDP Oram,Kolkata Knight Riders,bat,"MA Chidambaram Stadium, Chepauk",Chennai,2007/08
335993,2008-04-26,Chennai Super Kings,Kolkata Knight Riders,JDP Oram,Kolkata Knight Riders,bat,"MA Chidambaram Stadium, Chepauk",Chennai,2007/08
335994,2008-04-27,Mumbai Indians,Deccan Chargers,AC Gilchrist,Deccan Chargers,field,Dr DY Patil Sports Academy,Mumbai,2007/08
335994,2008-04-27,Deccan Chargers,Mumbai Indians,AC Gilchrist,Deccan Chargers,field,Dr DY Patil Sports Academy,Mumbai,2007/08
335995,2008-04-27,Delhi Daredevils,Kings XI Punjab,SM Katich,Delhi Daredevils,bat,"Punjab Cricket Association Stadium, Mohali",Chandigarh,2007/08
335995,2008-04-27,Kings XI Punjab,Delhi Daredevils,SM Katich,Delhi Daredevils,bat,"Punjab Cricket Association Stadium, Mohali",Chandigarh,2007/08
335996,2008-04-28,Chennai Super Kings,Royal Challengers Bangalore,MS Dhoni,Chennai Super Kings,bat,M Chinnaswamy Stadium,Bangalore,2007/08
335996,2008-04-28,Royal Challengers Bangalore,Chennai Super Kings,MS Dhoni,Chennai Super Kings,bat,M Chinnaswamy Stadium,Bangalore,2007/08
335997,2008-04-29,Kolkata Knight Riders,Mumbai Indians,ST Jayasuriya,Kolkata Knight Riders,bat,Eden Gardens,Kolkata,2007/08
335997,2008-04-29,Mumbai Indians,Kolkata Knight Riders,ST Jayasuriya,Kolkata Knight Riders,bat,Eden Gardens,Kolkata,2007/08
335998,2008-04-30,Delhi Daredevils,Royal Challengers Bangalore,GD McGrath,Royal Challengers Bangalore,field,Feroz Shah Kotla,Delhi,2007/08
335998,2008-04-30,Royal Challengers Bangalore,Delhi Daredevils,GD McGrath,Royal Challengers Bangalore,field,Feroz Shah Kotla,Delhi,2007/08
335999,2008-05-01,Deccan Chargers,Kings XI Punjab,SE Marsh,Kings XI Punjab,field,"Rajiv Gandhi International Stadium, Uppal",Hyderabad,2007/08
335999,2008-05-01,Kings XI Punjab,Deccan Chargers,SE Marsh,Kings XI Punjab,field,"Rajiv Gandhi International Stadium, Uppal",Hyderabad,2007/08
336000,2008-05-01,Rajasthan Royals,Kolkata Knight Riders,SA Asnodkar,Rajasthan Royals,bat,Sawai Mansingh Stadium,Jaipur,2007/08
336000,2008-05-01,Kolkata Knight Riders,Rajasthan Royals,SA Asnodkar,Rajasthan Royals,bat,Sawai Mansingh Stadium,Jaipur,2007/08
336001,2008-05-02,Chennai Super Kings,Delhi Daredevils,V Sehwag,Chennai Super Kings,bat,"MA Chidambaram Stadium, Chepauk",Chennai,2007/08
336001,2008-05-02,Delhi Daredevils,Chennai Super Kings,V Sehwag,Chennai Super Kings,bat,"MA Chidambaram Stadium, Chepauk",Chennai,2007/08
336003,2008-05-03,Kings XI Punjab,Kolkata Knight Riders,IK Pathan,Kings XI Punjab,bat,"Punjab Cricket Association Stadium, Mohali",Chandigarh,2007/08
336003,2008-05-03,Kolkata Knight Riders,Kings XI Punjab,IK Pathan,Kings XI Punjab,bat,"Punjab Cricket Association Stadium, Mohali",Chandigarh,2007/08
336034,2008-05-03,Royal Challengers Bangalore,Deccan Chargers,P Kumar,Deccan Chargers,field,M Chinnaswamy Stadium,Bangalore,2007/08
336034,2008-05-03,Deccan Chargers,Royal Challengers Bangalore,P Kumar,Deccan Chargers,field,M Chinnaswamy Stadium,Bangalore,2007/08
336004,2008-05-04,Mumbai Indians,Delhi Daredevils,SM Pollock,Delhi Daredevils,field,Dr DY Patil Sports Academy,Mumbai,2007/08
336004,2008-05-04,Delhi Daredevils,Mumbai Indians,SM Pollock,Delhi Daredevils,field,Dr DY Patil Sports Academy,Mumbai,2007/08
336005,2008-05-04,Chennai Super Kings,Rajasthan Royals,Sohail Tanvir,Chennai Super Kings,bat,Sawai Mansingh Stadium,Jaipur,2007/08
336005,2008-05-04,Rajasthan Royals,Chennai Super Kings,Sohail Tanvir,Chennai Super Kings,bat,Sawai Mansingh Stadium,Jaipur,2007/08
336006,2008-05-05,Royal Challengers Bangalore,Kings XI Punjab,S Sreesanth,Kings XI Punjab,field,M Chinnaswamy Stadium,Bangalore,2007/08
336006,2008-05-05,Kings XI Punjab,Royal Challengers Bangalore,S Sreesanth,Kings XI Punjab,field,M Chinnaswamy Stadium,Bangalore,2007/08
336007,2008-05-06,Chennai Super Kings,Deccan Chargers,AC Gilchrist,Deccan Chargers,field,"MA Chidambaram Stadium, Chepauk",Chennai,2007/08
336007,2008-05-06,Deccan Chargers,Chennai Super Kings,AC Gilchrist,Deccan Chargers,field,"MA Chidambaram Stadium, Chepauk",Chennai,2007/08
336008,2008-05-07,Rajasthan Royals,Mumbai Indians,A Nehra,Mumbai Indians,field,Dr DY Patil Sports Academy,Mumbai,2007/08
336008,2008-05-07,Mumbai Indians,Rajasthan Royals,A Nehra,Mumbai Indians,field,Dr DY Patil Sports Academy,Mumbai,2007/08
336009,2008-05-08,Delhi Daredevils,Chennai Super Kings,MS Dhoni,Chennai Super Kings,field,Feroz Shah Kotla,Delhi,2007/08
336009,2008-05-08,Chennai Super Kings,Delhi Daredevils,MS Dhoni,Chennai Super Kings,field,Feroz Shah Kotla,Delhi,2007/08
336010,2008-05-08,Kolkata Knight Riders,Royal Challengers Bangalore,SC Ganguly,Kolkata Knight Riders,bat,Eden Gardens,Kolkata,2007/08
336010,2008-05-08,Royal Challengers Bangalore,Kolkata Knight Riders,SC Ganguly,Kolkata Knight Riders,bat,Eden Gardens,Kolkata,2007/08
336011,2008-05-09,Deccan Chargers,Rajasthan Royals,YK Pathan,Rajasthan Royals,field,Sawai Mansingh Stadium,Jaipur,2007/08
336011,2008-05-09,Rajasthan Royals,Deccan Chargers,YK Pathan,Rajasthan Royals,field,Sawai Mansingh Stadium,Jaipur,2007/08
336013,2008-05-10,Chennai Super Kings,Kings XI Punjab,L Balaji,Kings XI Punjab,field,"MA Chidambaram Stadium, Chepauk",Chennai,2007/08
336013,2008-05-10,Kings XI Punjab,Chennai Super Kings,L Balaji,Kings XI Punjab,field,"MA Chidambaram Stadium, Chepauk",Chennai,2007/08
336014,2008-05-11,Kolkata Knight Riders,Deccan Chargers,SC Ganguly,Kolkata Knight Riders,bat,"Rajiv Gandhi International Stadium, Uppal",Hyderabad,2007/08
336014,2008-05-11,Deccan Chargers,Kolkata Knight Riders,SC Ganguly,Kolkata Knight Riders,bat,"Rajiv Gandhi International Stadium, Uppal",Hyderabad,2007/08
336015,2008-05-11,Delhi Daredevils,Rajasthan Royals,SR Watson,Rajasthan Royals,field,Sawai Mansingh Stadium,Jaipur,2007/08
336015,2008-05-11,Rajasthan Royals,Delhi Daredevils,SR Watson,Rajasthan Royals,field,Sawai Mansingh Stadium,Jaipur,2007/08
336016,2008-05-12,Royal Challengers Bangalore,Kings XI Punjab,SE Marsh,Royal Challengers Bangalore,bat,"Punjab Cricket Association Stadium, Mohali",Chandigarh,2007/08
336016,2008-05-12,Kings XI Punjab,Royal Challengers Bangalore,SE Marsh,Royal Challengers Bangalore,bat,"Punjab Cricket Association Stadium, Mohali",Chandigarh,2007/08
336017,2008-05-13,Kolkata Knight Riders,Delhi Daredevils,Shoaib Akhtar,Kolkata Knight Riders,bat,Eden Gardens,Kolkata,2007/08
336017,2008-05-13,Delhi Daredevils,Kolkata Knight Riders,Shoaib Akhtar,Kolkata Knight Riders,bat,Eden Gardens,Kolkata,2007/08
336018,2008-05-14,Chennai Super Kings,Mumbai Indians,ST Jayasuriya,Mumbai Indians,field,Wankhede Stadium,Mumbai,2007/08
336018,2008-05-14,Mumbai Indians,Chennai Super Kings,ST Jayasuriya,Mumbai Indians,field,Wankhede Stadium,Mumbai,2007/08
336020,2008-05-15,Delhi Daredevils,Deccan Chargers,A Mishra,Deccan Chargers,field,Feroz Shah Kotla,Delhi,2007/08
336020,2008-05-15,Deccan Chargers,Delhi Daredevils,A Mishra,Deccan Chargers,field,Feroz Shah Kotla,Delhi,2007/08
336021,2008-05-16,Kolkata Knight Riders,Mumbai Indians,SM Pollock,Mumbai Indians,field,Wankhede Stadium,Mumbai,2007/08
336021,2008-05-16,Mumbai Indians,Kolkata Knight Riders,SM Pollock,Mumbai Indians,field,Wankhede Stadium,Mumbai,2007/08
336022,2008-05-17,Delhi Daredevils,Kings XI Punjab,DPMD Jayawardene,Delhi Daredevils,bat,Feroz Shah Kotla,Delhi,2007/08
336022,2008-05-17,Kings XI Punjab,Delhi Daredevils,DPMD Jayawardene,Delhi Daredevils,bat,Feroz Shah Kotla,Delhi,2007/08
336023,2008-05-17,Rajasthan Royals,Royal Challengers Bangalore,GC Smith,Royal Challengers Bangalore,field,Sawai Mansingh Stadium,Jaipur,2007/08
336023,2008-05-17,Royal Challengers Bangalore,Rajasthan Royals,GC Smith,Royal Challengers Bangalore,field,Sawai Mansingh Stadium,Jaipur,2007/08
336024,2008-05-18,Mumbai Indians,Deccan Chargers,DJ Bravo,Deccan Chargers,field,"Rajiv Gandhi International Stadium, Uppal",Hyderabad,2007/08
336024,2008-05-18,Deccan Chargers,Mumbai Indians,DJ Bravo,Deccan Chargers,field,"Rajiv Gandhi International Stadium, Uppal",Hyderabad,2007/08
336025,2008-05-18,Kolkata Knight Riders,Chennai Super Kings,M Ntini,Kolkata Knight Riders,bat,Eden Gardens,Kolkata,2007/08
336025,2008-05-18,Chennai Super Kings,Kolkata Knight Riders,M Ntini,Kolkata Knight Riders,bat,Eden Gardens,Kolkata,2007/08
336026,2008-05-19,Royal Challengers Bangalore,Delhi Daredevils,SP Goswami,Delhi Daredevils,field,M Chinnaswamy Stadium,Bangalore,2007/08
336026,2008-05-19,Delhi Daredevils,Royal Challengers Bangalore,SP Goswami,Delhi Daredevils,field,M Chinnaswamy Stadium,Bangalore,2007/08
336027,2008-05-20,Kolkata Knight Riders,Rajasthan Royals,YK Pathan,Rajasthan Royals,field,Eden Gardens,Kolkata,2007/08
336027,2008-05-20,Rajasthan Royals,Kolkata Knight Riders,YK Pathan,Rajasthan Royals,field,Eden Gardens,Kolkata,2007/08
336028,2008-05-21,Kings XI Punjab,Mumbai Indians,SE Marsh,Mumbai Indians,field,Wankhede Stadium,Mumbai,2007/08
336028,2008-05-21,Mumbai Indians,Kings XI Punjab,SE Marsh,Mumbai Indians,field,Wankhede Stadium,Mumbai,2007/08
336029,2008-05-21,Royal Challengers Bangalore,Chennai Super Kings,A Kumble,Royal Challengers Bangalore,bat,"MA Chidambaram Stadium, Chepauk",Chennai,2007/08
336029,2008-05-21,Chennai Super Kings,Royal Challengers Bangalore,A Kumble,Royal Challengers Bangalore,bat,"MA Chidambaram Stadium, Chepauk",Chennai,2007/08
336031,2008-05-23,Deccan Chargers,Kings XI Punjab,SE Marsh,Kings XI Punjab,field,"Punjab Cricket Association Stadium, Mohali",Chandigarh,2007/08
336031,2008-05-23,Kings XI Punjab,Deccan Chargers,SE Marsh,Kings XI Punjab,field,"Punjab Cricket Association Stadium, Mohali",Chandigarh,2007/08
336032,2008-05-24,Mumbai Indians,Delhi Daredevils,KD Karthik,Delhi Daredevils,field,Feroz Shah Kotla,Delhi,2007/08
336032,2008-05-24,Delhi Daredevils,Mumbai Indians,KD Karthik,Delhi Daredevils,field,Feroz Shah Kotla,Delhi,2007/08
336033,2008-05-24,Rajasthan Royals,Chennai Super Kings,JA Morkel,Rajasthan Royals,bat,"MA Chidambaram Stadium, Chepauk",Chennai,2007/08
336033,2008-05-24,Chennai Super Kings,Rajasthan Royals,JA Morkel,Rajasthan Royals,bat,"MA Chidambaram Stadium, Chepauk",Chennai,2007/08
336002,2008-05-25,Deccan Chargers,Royal Challengers Bangalore,R Vinay Kumar,Deccan Chargers,bat,"Rajiv Gandhi International Stadium, Uppal",Hyderabad,2007/08
336002,2008-05-25,Royal Challengers Bangalore,Deccan Chargers,R Vinay Kumar,Deccan Chargers,bat,"Rajiv Gandhi International Stadium, Uppal",Hyderabad,2007/08
336035,2008-05-25,Kings XI Punjab,Kolkata Knight Riders,Umar Gul,Kings XI Punjab,bat,Eden Gardens,Kolkata,2007/08
336035,2008-05-25,Kolkata Knight Riders,Kings XI Punjab,Umar Gul,Kings XI Punjab,bat,Eden Gardens,Kolkata,2007/08
336036,2008-05-26,Mumbai Indians,Rajasthan Royals,Sohail Tanvir,Rajasthan Royals,field,Sawai Mansingh Stadium,Jaipur,2007/08
336036,2008-05-26,Rajasthan Royals,Mumbai Indians,Sohail Tanvir,Rajasthan Royals,field,Sawai Mansingh Stadium,Jaipur,2007/08
336037,2008-05-27,Deccan Chargers,Chennai Super Kings,SK Raina,Deccan Chargers,bat,"Rajiv Gandhi International Stadium, Uppal",Hyderabad,2007/08
336037,2008-05-27,Chennai Super Kings,Deccan Chargers,SK Raina,Deccan Chargers,bat,"Rajiv Gandhi International Stadium, Uppal",Hyderabad,2007/08
336012,2008-05-28,Royal Challengers Bangalore,Mumbai Indians,CRD Fernando,Mumbai Indians,field,M Chinnaswamy Stadium,Bangalore,2007/08
336012,2008-05-28,Mumbai Indians,Royal Challengers Bangalore,CRD Fernando,Mumbai Indians,field,M Chinnaswamy Stadium,Bangalore,2007/08
336019,2008-05-28,Kings XI Punjab,Rajasthan Royals,SE Marsh,Rajasthan Royals,field,"Punjab Cricket Association Stadium, Mohali",Chandigarh,2007/08
336019,2008-05-28,Rajasthan Royals,Kings XI Punjab,SE Marsh,Rajasthan Royals,field,"Punjab Cricket Association Stadium, Mohali",Chandigarh,2007/08
336038,2008-05-30,Rajasthan Royals,Delhi Daredevils,SR Watson,Delhi Daredevils,field,Wankhede Stadium,Mumbai,2007/08
336038,2008-05-30,Delhi Daredevils,Rajasthan Royals,SR Watson,Delhi Daredevils,field,Wankhede Stadium,Mumbai,2007/08
336039,2008-05-31,Kings XI Punjab,Chennai Super Kings,M Ntini,Kings XI Punjab,bat,Wankhede Stadium,Mumbai,2007/08
336039,2008-05-31,Chennai Super Kings,Kings XI Punjab,M Ntini,Kings XI Punjab,bat,Wankhede Stadium,Mumbai,2007/08
336040,2008-06-01,Chennai Super Kings,Rajasthan Royals,YK Pathan,Rajasthan Royals,field,Dr DY Patil Sports Academy,Mumbai,2007/08
336040,2008-06-01,Rajasthan Royals,Chennai Super Kings,YK Pathan,Rajasthan Royals,field,Dr DY Patil Sports Academy,Mumbai,2007/08
392181,2009-04-18,Mumbai Indians,Chennai Super Kings,SR Tendulkar,Chennai Super Kings,field,Newlands,Cape Town,2009
392181,2009-04-18,Chennai Super Kings,Mumbai Indians,SR Tendulkar,Chennai Super Kings,field,Newlands,Cape Town,2009
392182,2009-04-18,Royal Challengers Bangalore,Rajasthan Royals,R Dravid,Royal Challengers Bangalore,bat,Newlands,Cape Town,2009
392182,2009-04-18,Rajasthan Royals,Royal Challengers Bangalore,R Dravid,Royal Challengers Bangalore,bat,Newlands,Cape Town,2009
392183,2009-04-19,Kings XI Punjab,Delhi Daredevils,DL Vettori,Delhi Daredevils,field,Newlands,Cape Town,2009
392183,2009-04-19,Delhi Daredevils,Kings XI Punjab,DL Vettori,Delhi Daredevils,field,Newlands,Cape Town,2009
392184,2009-04-19,Kolkata Knight Riders,Deccan Chargers,RP Singh,Kolkata Knight Riders,bat,Newlands,Cape Town,2009
392184,2009-04-19,Deccan Chargers,Kolkata Knight Riders,RP Singh,Kolkata Knight Riders,bat,Newlands,Cape Town,2009
392185,2009-04-20,Chennai Super Kings,Royal Challengers Bangalore,M Muralitharan,Chennai Super Kings,bat,St George's Park,Port Elizabeth,2009
392185,2009-04-20,Royal Challengers Bangalore,Chennai Super Kings,M Muralitharan,Chennai Super Kings,bat,St George's Park,Port Elizabeth,2009
392186,2009-04-21,Kings XI Punjab,Kolkata Knight Riders,CH Gayle,Kolkata Knight Riders,field,Kingsmead,Durban,2009
392186,2009-04-21,Kolkata Knight Riders,Kings XI Punjab,CH Gayle,Kolkata Knight Riders,field,Kingsmead,Durban,2009
392188,2009-04-22,Deccan Chargers,Royal Challengers Bangalore,AC Gilchrist,Deccan Chargers,bat,Newlands,Cape Town,2009
392188,2009-04-22,Royal Challengers Bangalore,Deccan Chargers,AC Gilchrist,Deccan Chargers,bat,Newlands,Cape Town,2009
392189,2009-04-23,Delhi Daredevils,Chennai Super Kings,AB de Villiers,Delhi Daredevils,bat,Kingsmead,Durban,2009
392189,2009-04-23,Chennai Super Kings,Delhi Daredevils,AB de Villiers,Delhi Daredevils,bat,Kingsmead,Durban,2009
392190,2009-04-23,Rajasthan Royals,Kolkata Knight Riders,YK Pathan,Kolkata Knight Riders,field,Newlands,Cape Town,2009
392190,2009-04-23,Kolkata Knight Riders,Rajasthan Royals,YK Pathan,Kolkata Knight Riders,field,Newlands,Cape Town,2009
392191,2009-04-24,Royal Challengers Bangalore,Kings XI Punjab,RS Bopara,Royal Challengers Bangalore,bat,Kingsmead,Durban,2009
392191,2009-04-24,Kings XI Punjab,Royal Challengers Bangalore,RS Bopara,Royal Challengers Bangalore,bat,Kingsmead,Durban,2009
392192,2009-04-25,Deccan Chargers,Mumbai Indians,PP Ojha,Deccan Chargers,bat,Kingsmead,Durban,2009
392192,2009-04-25,Mumbai Indians,Deccan Chargers,PP Ojha,Deccan Chargers,bat,Kingsmead,Durban,2009
392194,2009-04-26,Royal Challengers Bangalore,Delhi Daredevils,TM Dilshan,Royal Challengers Bangalore,bat,St George's Park,Port Elizabeth,2009
392194,2009-04-26,Delhi Daredevils,Royal Challengers Bangalore,TM Dilshan,Royal Challengers Bangalore,bat,St George's Park,Port Elizabeth,2009
392195,2009-04-26,Kings XI Punjab,Rajasthan Royals,KC Sangakkara,Kings XI Punjab,bat,Newlands,Cape Town,2009
392195,2009-04-26,Rajasthan Royals,Kings XI Punjab,KC Sangakkara,Kings XI Punjab,bat,Newlands,Cape Town,2009
392196,2009-04-27,Chennai Super Kings,Deccan Chargers,HH Gibbs,Deccan Chargers,field,Kingsmead,Durban,2009
392196,2009-04-27,Deccan Chargers,Chennai Super Kings,HH Gibbs,Deccan Chargers,field,Kingsmead,Durban,2009
392197,2009-04-27,Mumbai Indians,Kolkata Knight Riders,SR Tendulkar,Mumbai Indians,bat,St George's Park,Port Elizabeth,2009
392197,2009-04-27,Kolkata Knight Riders,Mumbai Indians,SR Tendulkar,Mumbai Indians,bat,St George's Park,Port Elizabeth,2009
392198,2009-04-28,Delhi Daredevils,Rajasthan Royals,YK Pathan,Delhi Daredevils,bat,SuperSport Park,Centurion,2009
392198,2009-04-28,Rajasthan Royals,Delhi Daredevils,YK Pathan,Delhi Daredevils,bat,SuperSport Park,Centurion,2009
392199,2009-04-29,Kolkata Knight Riders,Royal Challengers Bangalore,MV Boucher,Kolkata Knight Riders,bat,Kingsmead,Durban,2009
392199,2009-04-29,Royal Challengers Bangalore,Kolkata Knight Riders,MV Boucher,Kolkata Knight Riders,bat,Kingsmead,Durban,2009
392200,2009-04-29,Kings XI Punjab,Mumbai Indians,KC Sangakkara,Kings XI Punjab,bat,Kingsmead,Durban,2009
392200,2009-04-29,Mumbai Indians,Kings XI Punjab,KC Sangakkara,Kings XI Punjab,bat,Kingsmead,Durban,2009
392201,2009-04-30,Deccan Chargers,Delhi Daredevils,DP Nannes,Delhi Daredevils,field,SuperSport Park,Centurion,2009
392201,2009-04-30,Delhi Daredevils,Deccan Chargers,DP Nannes,Delhi Daredevils,field,SuperSport Park,Centurion,2009
392202,2009-04-30,Chennai Super Kings,Rajasthan Royals,SK Raina,Rajasthan Royals,field,SuperSport Park,Centurion,2009
392202,2009-04-30,Rajasthan Royals,Chennai Super Kings,SK Raina,Rajasthan Royals,field,SuperSport Park,Centurion,2009
392203,2009-05-01,Mumbai Indians,Kolkata Knight Riders,JP Duminy,Mumbai Indians,bat,Buffalo Park,East London,2009
392203,2009-05-01,Kolkata Knight Riders,Mumbai Indians,JP Duminy,Mumbai Indians,bat,Buffalo Park,East London,2009
392204,2009-05-01,Royal Challengers Bangalore,Kings XI Punjab,Yuvraj Singh,Royal Challengers Bangalore,bat,Kingsmead,Durban,2009
392204,2009-05-01,Kings XI Punjab,Royal Challengers Bangalore,Yuvraj Singh,Royal Challengers Bangalore,bat,Kingsmead,Durban,2009
392205,2009-05-02,Deccan Chargers,Rajasthan Royals,YK Pathan,Deccan Chargers,bat,St George's Park,Port Elizabeth,2009
392205,2009-05-02,Rajasthan Royals,Deccan Chargers,YK Pathan,Deccan Chargers,bat,St George's Park,Port Elizabeth,2009
392206,2009-05-02,Chennai Super Kings,Delhi Daredevils,SB Jakati,Delhi Daredevils,field,New Wanderers Stadium,Johannesburg,2009
392206,2009-05-02,Delhi Daredevils,Chennai Super Kings,SB Jakati,Delhi Daredevils,field,New Wanderers Stadium,Johannesburg,2009
392207,2009-05-03,Kolkata Knight Riders,Kings XI Punjab,DPMD Jayawardene,Kolkata Knight Riders,bat,St George's Park,Port Elizabeth,2009
392207,2009-05-03,Kings XI Punjab,Kolkata Knight Riders,DPMD Jayawardene,Kolkata Knight Riders,bat,St George's Park,Port Elizabeth,2009
392208,2009-05-03,Mumbai Indians,Royal Challengers Bangalore,JH Kallis,Mumbai Indians,bat,New Wanderers Stadium,Johannesburg,2009
392208,2009-05-03,Royal Challengers Bangalore,Mumbai Indians,JH Kallis,Mumbai Indians,bat,New Wanderers Stadium,Johannesburg,2009
392209,2009-05-04,Chennai Super Kings,Deccan Chargers,MS Dhoni,Chennai Super Kings,bat,Buffalo Park,East London,2009
392209,2009-05-04,Deccan Chargers,Chennai Super Kings,MS Dhoni,Chennai Super Kings,bat,Buffalo Park,East London,2009
392210,2009-05-05,Rajasthan Royals,Kings XI Punjab,GC Smith,Kings XI Punjab,field,Kingsmead,Durban,2009
392210,2009-05-05,Kings XI Punjab,Rajasthan Royals,GC Smith,Kings XI Punjab,field,Kingsmead,Durban,2009
392211,2009-05-05,Kolkata Knight Riders,Delhi Daredevils,G Gambhir,Kolkata Knight Riders,bat,Kingsmead,Durban,2009
392211,2009-05-05,Delhi Daredevils,Kolkata Knight Riders,G Gambhir,Kolkata Knight Riders,bat,Kingsmead,Durban,2009
392212,2009-05-06,Deccan Chargers,Mumbai Indians,RG Sharma,Deccan Chargers,bat,SuperSport Park,Centurion,2009
392212,2009-05-06,Mumbai Indians,Deccan Chargers,RG Sharma,Deccan Chargers,bat,SuperSport Park,Centurion,2009
392213,2009-05-07,Royal Challengers Bangalore,Rajasthan Royals,A Singh,Rajasthan Royals,field,SuperSport Park,Centurion,2009
392213,2009-05-07,Rajasthan Royals,Royal Challengers Bangalore,A Singh,Rajasthan Royals,field,SuperSport Park,Centurion,2009
392214,2009-05-07,Chennai Super Kings,Kings XI Punjab,ML Hayden,Chennai Super Kings,bat,SuperSport Park,Centurion,2009
392214,2009-05-07,Kings XI Punjab,Chennai Super Kings,ML Hayden,Chennai Super Kings,bat,SuperSport Park,Centurion,2009
392215,2009-05-08,Mumbai Indians,Delhi Daredevils,A Nehra,Mumbai Indians,bat,Buffalo Park,East London,2009
392215,2009-05-08,Delhi Daredevils,Mumbai Indians,A Nehra,Mumbai Indians,bat,Buffalo Park,East London,2009
392216,2009-05-09,Deccan Chargers,Kings XI Punjab,DPMD Jayawardene,Kings XI Punjab,field,De Beers Diamond Oval,Kimberley,2009
392216,2009-05-09,Kings XI Punjab,Deccan Chargers,DPMD Jayawardene,Kings XI Punjab,field,De Beers Diamond Oval,Kimberley,2009
392217,2009-05-09,Rajasthan Royals,Chennai Super Kings,S Badrinath,Rajasthan Royals,bat,De Beers Diamond Oval,Kimberley,2009
392217,2009-05-09,Chennai Super Kings,Rajasthan Royals,S Badrinath,Rajasthan Royals,bat,De Beers Diamond Oval,Kimberley,2009
392218,2009-05-10,Mumbai Indians,Royal Challengers Bangalore,JP Duminy,Mumbai Indians,bat,St George's Park,Port Elizabeth,2009
392218,2009-05-10,Royal Challengers Bangalore,Mumbai Indians,JP Duminy,Mumbai Indians,bat,St George's Park,Port Elizabeth,2009
392219,2009-05-10,Kolkata Knight Riders,Delhi Daredevils,A Mishra,Delhi Daredevils,field,New Wanderers Stadium,Johannesburg,2009
392219,2009-05-10,Delhi Daredevils,Kolkata Knight Riders,A Mishra,Delhi Daredevils,field,New Wanderers Stadium,Johannesburg,2009
392220,2009-05-11,Deccan Chargers,Rajasthan Royals,DR Smith,Deccan Chargers,bat,De Beers Diamond Oval,Kimberley,2009
392220,2009-05-11,Rajasthan Royals,Deccan Chargers,DR Smith,Deccan Chargers,bat,De Beers Diamond Oval,Kimberley,2009
392221,2009-05-12,Kolkata Knight Riders,Royal Challengers Bangalore,LRPL Taylor,Royal Challengers Bangalore,field,SuperSport Park,Centurion,2009
392221,2009-05-12,Royal Challengers Bangalore,Kolkata Knight Riders,LRPL Taylor,Royal Challengers Bangalore,field,SuperSport Park,Centurion,2009
392222,2009-05-12,Kings XI Punjab,Mumbai Indians,Harbhajan Singh,Kings XI Punjab,bat,SuperSport Park,Centurion,2009
392222,2009-05-12,Mumbai Indians,Kings XI Punjab,Harbhajan Singh,Kings XI Punjab,bat,SuperSport Park,Centurion,2009
392223,2009-05-13,Delhi Daredevils,Deccan Chargers,R Bhatia,Deccan Chargers,field,Kingsmead,Durban,2009
392223,2009-05-13,Deccan Chargers,Delhi Daredevils,R Bhatia,Deccan Chargers,field,Kingsmead,Durban,2009
392224,2009-05-14,Chennai Super Kings,Royal Challengers Bangalore,LRPL Taylor,Chennai Super Kings,bat,Kingsmead,Durban,2009
392224,2009-05-14,Royal Challengers Bangalore,Chennai Super Kings,LRPL Taylor,Chennai Super Kings,bat,Kingsmead,Durban,2009
392225,2009-05-14,Rajasthan Royals,Mumbai Indians,SK Warne,Rajasthan Royals,bat,Kingsmead,Durban,2009
392225,2009-05-14,Mumbai Indians,Rajasthan Royals,SK Warne,Rajasthan Royals,bat,Kingsmead,Durban,2009
392226,2009-05-15,Delhi Daredevils,Kings XI Punjab,B Lee,Kings XI Punjab,field,OUTsurance Oval,Bloemfontein,2009
392226,2009-05-15,Kings XI Punjab,Delhi Daredevils,B Lee,Kings XI Punjab,field,OUTsurance Oval,Bloemfontein,2009
392227,2009-05-16,Mumbai Indians,Chennai Super Kings,ML Hayden,Mumbai Indians,bat,St George's Park,Port Elizabeth,2009
392227,2009-05-16,Chennai Super Kings,Mumbai Indians,ML Hayden,Mumbai Indians,bat,St George's Park,Port Elizabeth,2009
392228,2009-05-16,Kolkata Knight Riders,Deccan Chargers,RG Sharma,Deccan Chargers,field,New Wanderers Stadium,Johannesburg,2009
392228,2009-05-16,Deccan Chargers,Kolkata Knight Riders,RG Sharma,Deccan Chargers,field,New Wanderers Stadium,Johannesburg,2009
392229,2009-05-17,Kings XI Punjab,Deccan Chargers,Yuvraj Singh,Deccan Chargers,field,New Wanderers Stadium,Johannesburg,2009
392229,2009-05-17,Deccan Chargers,Kings XI Punjab,Yuvraj Singh,Deccan Chargers,field,New Wanderers Stadium,Johannesburg,2009
392230,2009-05-17,Delhi Daredevils,Rajasthan Royals,AB de Villiers,Delhi Daredevils,bat,OUTsurance Oval,Bloemfontein,2009
392230,2009-05-17,Rajasthan Royals,Delhi Daredevils,AB de Villiers,Delhi Daredevils,bat,OUTsurance Oval,Bloemfontein,2009
392231,2009-05-18,Chennai Super Kings,Kolkata Knight Riders,BJ Hodge,Chennai Super Kings,bat,SuperSport Park,Centurion,2009
392231,2009-05-18,Kolkata Knight Riders,Chennai Super Kings,BJ Hodge,Chennai Super Kings,bat,SuperSport Park,Centurion,2009
392232,2009-05-19,Delhi Daredevils,Royal Challengers Bangalore,JH Kallis,Delhi Daredevils,bat,New Wanderers Stadium,Johannesburg,2009
392232,2009-05-19,Royal Challengers Bangalore,Delhi Daredevils,JH Kallis,Delhi Daredevils,bat,New Wanderers Stadium,Johannesburg,2009
392233,2009-05-20,Rajasthan Royals,Kolkata Knight Riders,LR Shukla,Kolkata Knight Riders,field,Kingsmead,Durban,2009
392233,2009-05-20,Kolkata Knight Riders,Rajasthan Royals,LR Shukla,Kolkata Knight Riders,field,Kingsmead,Durban,2009
392234,2009-05-20,Chennai Super Kings,Kings XI Punjab,M Muralitharan,Chennai Super Kings,bat,Kingsmead,Durban,2009
392234,2009-05-20,Kings XI Punjab,Chennai Super Kings,M Muralitharan,Chennai Super Kings,bat,Kingsmead,Durban,2009
392235,2009-05-21,Mumbai Indians,Delhi Daredevils,V Sehwag,Delhi Daredevils,field,SuperSport Park,Centurion,2009
392235,2009-05-21,Delhi Daredevils,Mumbai Indians,V Sehwag,Delhi Daredevils,field,SuperSport Park,Centurion,2009
392236,2009-05-21,Royal Challengers Bangalore,Deccan Chargers,MK Pandey,Royal Challengers Bangalore,bat,SuperSport Park,Centurion,2009
392236,2009-05-21,Deccan Chargers,Royal Challengers Bangalore,MK Pandey,Royal Challengers Bangalore,bat,SuperSport Park,Centurion,2009
392237,2009-05-22,Delhi Daredevils,Deccan Chargers,AC Gilchrist,Deccan Chargers,field,SuperSport Park,Centurion,2009
392237,2009-05-22,Deccan Chargers,Delhi Daredevils,AC Gilchrist,Deccan Chargers,field,SuperSport Park,Centurion,2009
392238,2009-05-23,Chennai Super Kings,Royal Challengers Bangalore,MK Pandey,Royal Challengers Bangalore,field,New Wanderers Stadium,Johannesburg,2009
392238,2009-05-23,Royal Challengers Bangalore,Chennai Super Kings,MK Pandey,Royal Challengers Bangalore,field,New Wanderers Stadium,Johannesburg,2009
392239,2009-05-24,Deccan Chargers,Royal Challengers Bangalore,A Kumble,Royal Challengers Bangalore,field,New Wanderers Stadium,Johannesburg,2009
392239,2009-05-24,Royal Challengers Bangalore,Deccan Chargers,A Kumble,Royal Challengers Bangalore,field,New Wanderers Stadium,Johannesburg,2009
419106,2010-03-12,Kolkata Knight Riders,Deccan Chargers,AD Mathews,Deccan Chargers,field,Dr DY Patil Sports Academy,Mumbai,2009/10
419106,2010-03-12,Deccan Chargers,Kolkata Knight Riders,AD Mathews,Deccan Chargers,field,Dr DY Patil Sports Academy,Mumbai,2009/10
419107,2010-03-13,Mumbai Indians,Rajasthan Royals,YK Pathan,Mumbai Indians,bat,Brabourne Stadium,Mumbai,2009/10
419107,2010-03-13,Rajasthan Royals,Mumbai Indians,YK Pathan,Mumbai Indians,bat,Brabourne Stadium,Mumbai,2009/10
419108,2010-03-13,Kings XI Punjab,Delhi Daredevils,G Gambhir,Delhi Daredevils,field,"Punjab Cricket Association Stadium, Mohali",Chandigarh,2009/10
419108,2010-03-13,Delhi Daredevils,Kings XI Punjab,G Gambhir,Delhi Daredevils,field,"Punjab Cricket Association Stadium, Mohali",Chandigarh,2009/10
419109,2010-03-14,Royal Challengers Bangalore,Kolkata Knight Riders,MK Tiwary,Kolkata Knight Riders,field,Eden Gardens,Kolkata,2009/10
419109,2010-03-14,Kolkata Knight Riders,Royal Challengers Bangalore,MK Tiwary,Kolkata Knight Riders,field,Eden Gardens,Kolkata,2009/10
419110,2010-03-14,Deccan Chargers,Chennai Super Kings,WPUJC Vaas,Deccan Chargers,bat,"MA Chidambaram Stadium, Chepauk",Chennai,2009/10
419110,2010-03-14,Chennai Super Kings,Deccan Chargers,WPUJC Vaas,Deccan Chargers,bat,"MA Chidambaram Stadium, Chepauk",Chennai,2009/10
419111,2010-03-15,Rajasthan Royals,Delhi Daredevils,V Sehwag,Delhi Daredevils,field,"Sardar Patel Stadium, Motera",Ahmedabad,2009/10
419111,2010-03-15,Delhi Daredevils,Rajasthan Royals,V Sehwag,Delhi Daredevils,field,"Sardar Patel Stadium, Motera",Ahmedabad,2009/10
419112,2010-03-16,Kings XI Punjab,Royal Challengers Bangalore,JH Kallis,Kings XI Punjab,bat,M Chinnaswamy Stadium,Bangalore,2009/10
419112,2010-03-16,Royal Challengers Bangalore,Kings XI Punjab,JH Kallis,Kings XI Punjab,bat,M Chinnaswamy Stadium,Bangalore,2009/10
419113,2010-03-16,Chennai Super Kings,Kolkata Knight Riders,MS Dhoni,Chennai Super Kings,bat,Eden Gardens,Kolkata,2009/10
419113,2010-03-16,Kolkata Knight Riders,Chennai Super Kings,MS Dhoni,Chennai Super Kings,bat,Eden Gardens,Kolkata,2009/10
419114,2010-03-17,Mumbai Indians,Delhi Daredevils,SR Tendulkar,Delhi Daredevils,field,Feroz Shah Kotla,Delhi,2009/10
419114,2010-03-17,Delhi Daredevils,Mumbai Indians,SR Tendulkar,Delhi Daredevils,field,Feroz Shah Kotla,Delhi,2009/10
419115,2010-03-18,Rajasthan Royals,Royal Challengers Bangalore,JH Kallis,Royal Challengers Bangalore,field,M Chinnaswamy Stadium,Bangalore,2009/10
419115,2010-03-18,Royal Challengers Bangalore,Rajasthan Royals,JH Kallis,Royal Challengers Bangalore,field,M Chinnaswamy Stadium,Bangalore,2009/10
419116,2010-03-19,Delhi Daredevils,Chennai Super Kings,ML Hayden,Delhi Daredevils,bat,Feroz Shah Kotla,Delhi,2009/10
419116,2010-03-19,Chennai Super Kings,Delhi Daredevils,ML Hayden,Delhi Daredevils,bat,Feroz Shah Kotla,Delhi,2009/10
419117,2010-03-19,Deccan Chargers,Kings XI Punjab,A Symonds,Kings XI Punjab,field,Barabati Stadium,Cuttack,2009/10
419117,2010-03-19,Kings XI Punjab,Deccan Chargers,A Symonds,Kings XI Punjab,field,Barabati Stadium,Cuttack,2009/10
419118,2010-03-20,Rajasthan Royals,Kolkata Knight Riders,AA Jhunjhunwala,Rajasthan Royals,bat,"Sardar Patel Stadium, Motera",Ahmedabad,2009/10
419118,2010-03-20,Kolkata Knight Riders,Rajasthan Royals,AA Jhunjhunwala,Rajasthan Royals,bat,"Sardar Patel Stadium, Motera",Ahmedabad,2009/10
419119,2010-03-20,Mumbai Indians,Royal Challengers Bangalore,JH Kallis,Mumbai Indians,bat,Brabourne Stadium,Mumbai,2009/10
419119,2010-03-20,Royal Challengers Bangalore,Mumbai Indians,JH Kallis,Mumbai Indians,bat,Brabourne Stadium,Mumbai,2009/10
419120,2010-03-21,Deccan Chargers,Delhi Daredevils,A Symonds,Deccan Chargers,bat,Barabati Stadium,Cuttack,2009/10
419120,2010-03-21,Delhi Daredevils,Deccan Chargers,A Symonds,Deccan Chargers,bat,Barabati Stadium,Cuttack,2009/10
419121,2010-03-21,Kings XI Punjab,Chennai Super Kings,J Theron,Chennai Super Kings,field,"MA Chidambaram Stadium, Chepauk",Chennai,2009/10
419121,2010-03-21,Chennai Super Kings,Kings XI Punjab,J Theron,Chennai Super Kings,field,"MA Chidambaram Stadium, Chepauk",Chennai,2009/10
419122,2010-03-22,Kolkata Knight Riders,Mumbai Indians,SR Tendulkar,Kolkata Knight Riders,bat,Brabourne Stadium,Mumbai,2009/10
419122,2010-03-22,Mumbai Indians,Kolkata Knight Riders,SR Tendulkar,Kolkata Knight Riders,bat,Brabourne Stadium,Mumbai,2009/10
419123,2010-03-23,Royal Challengers Bangalore,Chennai Super Kings,RV Uthappa,Chennai Super Kings,field,M Chinnaswamy Stadium,Bangalore,2009/10
419123,2010-03-23,Chennai Super Kings,Royal Challengers Bangalore,RV Uthappa,Chennai Super Kings,field,M Chinnaswamy Stadium,Bangalore,2009/10
419124,2010-03-24,Rajasthan Royals,Kings XI Punjab,AC Voges,Kings XI Punjab,field,"Punjab Cricket Association Stadium, Mohali",Chandigarh,2009/10
419124,2010-03-24,Kings XI Punjab,Rajasthan Royals,AC Voges,Kings XI Punjab,field,"Punjab Cricket Association Stadium, Mohali",Chandigarh,2009/10
419125,2010-03-25,Chennai Super Kings,Mumbai Indians,SR Tendulkar,Mumbai Indians,field,"Brabourne Stadium, Mumbai",Mumbai,2009/10
419125,2010-03-25,Mumbai Indians,Chennai Super Kings,SR Tendulkar,Mumbai Indians,field,"Brabourne Stadium, Mumbai",Mumbai,2009/10
419128,2010-03-25,Delhi Daredevils,Royal Challengers Bangalore,KM Jadhav,Royal Challengers Bangalore,field,M Chinnaswamy Stadium,Bangalore,2009/10
419128,2010-03-25,Royal Challengers Bangalore,Delhi Daredevils,KM Jadhav,Royal Challengers Bangalore,field,M Chinnaswamy Stadium,Bangalore,2009/10
419126,2010-03-26,Deccan Chargers,Rajasthan Royals,YK Pathan,Deccan Chargers,bat,"Sardar Patel Stadium, Motera",Ahmedabad,2009/10
419126,2010-03-26,Rajasthan Royals,Deccan Chargers,YK Pathan,Deccan Chargers,bat,"Sardar Patel Stadium, Motera",Ahmedabad,2009/10
419127,2010-03-27,Kolkata Knight Riders,Kings XI Punjab,MK Tiwary,Kolkata Knight Riders,bat,"Punjab Cricket Association Stadium, Mohali",Chandigarh,2009/10
419127,2010-03-27,Kings XI Punjab,Kolkata Knight Riders,MK Tiwary,Kolkata Knight Riders,bat,"Punjab Cricket Association Stadium, Mohali",Chandigarh,2009/10
419129,2010-03-28,Rajasthan Royals,Chennai Super Kings,NV Ojha,Rajasthan Royals,bat,"Sardar Patel Stadium, Motera",Ahmedabad,2009/10
419129,2010-03-28,Chennai Super Kings,Rajasthan Royals,NV Ojha,Rajasthan Royals,bat,"Sardar Patel Stadium, Motera",Ahmedabad,2009/10
419130,2010-03-28,Mumbai Indians,Deccan Chargers,Harbhajan Singh,Deccan Chargers,field,Dr DY Patil Sports Academy,Mumbai,2009/10
419130,2010-03-28,Deccan Chargers,Mumbai Indians,Harbhajan Singh,Deccan Chargers,field,Dr DY Patil Sports Academy,Mumbai,2009/10
419131,2010-03-29,Delhi Daredevils,Kolkata Knight Riders,DA Warner,Delhi Daredevils,bat,Feroz Shah Kotla,Delhi,2009/10
419131,2010-03-29,Kolkata Knight Riders,Delhi Daredevils,DA Warner,Delhi Daredevils,bat,Feroz Shah Kotla,Delhi,2009/10
419132,2010-03-30,Kings XI Punjab,Mumbai Indians,SL Malinga,Mumbai Indians,field,Brabourne Stadium,Mumbai,2009/10
419132,2010-03-30,Mumbai Indians,Kings XI Punjab,SL Malinga,Mumbai Indians,field,Brabourne Stadium,Mumbai,2009/10
419133,2010-03-31,Royal Challengers Bangalore,Chennai Super Kings,M Vijay,Royal Challengers Bangalore,bat,"MA Chidambaram Stadium, Chepauk",Chennai,2009/10
419133,2010-03-31,Chennai Super Kings,Royal Challengers Bangalore,M Vijay,Royal Challengers Bangalore,bat,"MA Chidambaram Stadium, Chepauk",Chennai,2009/10
419134,2010-03-31,Delhi Daredevils,Rajasthan Royals,KD Karthik,Delhi Daredevils,bat,Feroz Shah Kotla,Delhi,2009/10
419134,2010-03-31,Rajasthan Royals,Delhi Daredevils,KD Karthik,Delhi Daredevils,bat,Feroz Shah Kotla,Delhi,2009/10
419135,2010-04-01,Kolkata Knight Riders,Deccan Chargers,SC Ganguly,Kolkata Knight Riders,bat,Eden Gardens,Kolkata,2009/10
419135,2010-04-01,Deccan Chargers,Kolkata Knight Riders,SC Ganguly,Kolkata Knight Riders,bat,Eden Gardens,Kolkata,2009/10
419136,2010-04-02,Kings XI Punjab,Royal Challengers Bangalore,KP Pietersen,Kings XI Punjab,bat,"Punjab Cricket Association Stadium, Mohali",Chandigarh,2009/10
419136,2010-04-02,Royal Challengers Bangalore,Kings XI Punjab,KP Pietersen,Kings XI Punjab,bat,"Punjab Cricket Association Stadium, Mohali",Chandigarh,2009/10
419137,2010-04-03,Chennai Super Kings,Rajasthan Royals,M Vijay,Chennai Super Kings,bat,"MA Chidambaram Stadium, Chepauk",Chennai,2009/10
419137,2010-04-03,Rajasthan Royals,Chennai Super Kings,M Vijay,Chennai Super Kings,bat,"MA Chidambaram Stadium, Chepauk",Chennai,2009/10
419138,2010-04-03,Mumbai Indians,Deccan Chargers,AT Rayudu,Mumbai Indians,bat,Brabourne Stadium,Mumbai,2009/10
419138,2010-04-03,Deccan Chargers,Mumbai Indians,AT Rayudu,Mumbai Indians,bat,Brabourne Stadium,Mumbai,2009/10
419139,2010-04-04,Kolkata Knight Riders,Kings XI Punjab,DPMD Jayawardene,Kolkata Knight Riders,bat,Eden Gardens,Kolkata,2009/10
419139,2010-04-04,Kings XI Punjab,Kolkata Knight Riders,DPMD Jayawardene,Kolkata Knight Riders,bat,Eden Gardens,Kolkata,2009/10
419140,2010-04-04,Delhi Daredevils,Royal Challengers Bangalore,PD Collingwood,Delhi Daredevils,bat,Feroz Shah Kotla,Delhi,2009/10
419140,2010-04-04,Royal Challengers Bangalore,Delhi Daredevils,PD Collingwood,Delhi Daredevils,bat,Feroz Shah Kotla,Delhi,2009/10
419141,2010-04-05,Rajasthan Royals,Deccan Chargers,SK Warne,Rajasthan Royals,bat,"Vidarbha Cricket Association Stadium, Jamtha",Nagpur,2009/10
419141,2010-04-05,Deccan Chargers,Rajasthan Royals,SK Warne,Rajasthan Royals,bat,"Vidarbha Cricket Association Stadium, Jamtha",Nagpur,2009/10
419142,2010-04-06,Chennai Super Kings,Mumbai Indians,SK Raina,Chennai Super Kings,bat,"MA Chidambaram Stadium, Chepauk",Chennai,2009/10
419142,2010-04-06,Mumbai Indians,Chennai Super Kings,SK Raina,Chennai Super Kings,bat,"MA Chidambaram Stadium, Chepauk",Chennai,2009/10
419143,2010-04-07,Kings XI Punjab,Rajasthan Royals,MJ Lumb,Kings XI Punjab,bat,Sawai Mansingh Stadium,Jaipur,2009/10
419143,2010-04-07,Rajasthan Royals,Kings XI Punjab,MJ Lumb,Kings XI Punjab,bat,Sawai Mansingh Stadium,Jaipur,2009/10
419144,2010-04-07,Kolkata Knight Riders,Delhi Daredevils,SC Ganguly,Kolkata Knight Riders,bat,Eden Gardens,Kolkata,2009/10
419144,2010-04-07,Delhi Daredevils,Kolkata Knight Riders,SC Ganguly,Kolkata Knight Riders,bat,Eden Gardens,Kolkata,2009/10
419145,2010-04-08,Royal Challengers Bangalore,Deccan Chargers,TL Suman,Deccan Chargers,field,M Chinnaswamy Stadium,Bangalore,2009/10
419145,2010-04-08,Deccan Chargers,Royal Challengers Bangalore,TL Suman,Deccan Chargers,field,M Chinnaswamy Stadium,Bangalore,2009/10
419146,2010-04-09,Mumbai Indians,Kings XI Punjab,KC Sangakkara,Mumbai Indians,bat,"Punjab Cricket Association Stadium, Mohali",Chandigarh,2009/10
419146,2010-04-09,Kings XI Punjab,Mumbai Indians,KC Sangakkara,Mumbai Indians,bat,"Punjab Cricket Association Stadium, Mohali",Chandigarh,2009/10
419147,2010-04-10,Chennai Super Kings,Deccan Chargers,RJ Harris,Chennai Super Kings,bat,"Vidarbha Cricket Association Stadium, Jamtha",Nagpur,2009/10
419147,2010-04-10,Deccan Chargers,Chennai Super Kings,RJ Harris,Chennai Super Kings,bat,"Vidarbha Cricket Association Stadium, Jamtha",Nagpur,2009/10
419148,2010-04-10,Kolkata Knight Riders,Royal Challengers Bangalore,R Vinay Kumar,Royal Challengers Bangalore,field,M Chinnaswamy Stadium,Bangalore,2009/10
419148,2010-04-10,Royal Challengers Bangalore,Kolkata Knight Riders,R Vinay Kumar,Royal Challengers Bangalore,field,M Chinnaswamy Stadium,Bangalore,2009/10
419149,2010-04-11,Delhi Daredevils,Kings XI Punjab,PP Chawla,Delhi Daredevils,bat,Feroz Shah Kotla,Delhi,2009/10
419149,2010-04-11,Kings XI Punjab,Delhi Daredevils,PP Chawla,Delhi Daredevils,bat,Feroz Shah Kotla,Delhi,2009/10
419150,2010-04-11,Mumbai Indians,Rajasthan Royals,SR Tendulkar,Rajasthan Royals,field,Sawai Mansingh Stadium,Jaipur,2009/10
419150,2010-04-11,Rajasthan Royals,Mumbai Indians,SR Tendulkar,Rajasthan Royals,field,Sawai Mansingh Stadium,Jaipur,2009/10
419151,2010-04-12,Deccan Chargers,Royal Challengers Bangalore,Harmeet Singh,Royal Challengers Bangalore,field,"Vidarbha Cricket Association Stadium, Jamtha",Nagpur,2009/10
419151,2010-04-12,Royal Challengers Bangalore,Deccan Chargers,Harmeet Singh,Royal Challengers Bangalore,field,"Vidarbha Cricket Association Stadium, Jamtha",Nagpur,2009/10
419152,2010-04-13,Mumbai Indians,Delhi Daredevils,KA Pollard,Mumbai Indians,bat,Brabourne Stadium,Mumbai,2009/10
419152,2010-04-13,Delhi Daredevils,Mumbai Indians,KA Pollard,Mumbai Indians,bat,Brabourne Stadium,Mumbai,2009/10
419153,2010-04-13,Kolkata Knight Riders,Chennai Super Kings,R Ashwin,Kolkata Knight Riders,bat,"MA Chidambaram Stadium, Chepauk",Chennai,2009/10
419153,2010-04-13,Chennai Super Kings,Kolkata Knight Riders,R Ashwin,Kolkata Knight Riders,bat,"MA Chidambaram Stadium, Chepauk",Chennai,2009/10
419154,2010-04-14,Rajasthan Royals,Royal Challengers Bangalore,KP Pietersen,Rajasthan Royals,bat,Sawai Mansingh Stadium,Jaipur,2009/10
419154,2010-04-14,Royal Challengers Bangalore,Rajasthan Royals,KP Pietersen,Rajasthan Royals,bat,Sawai Mansingh Stadium,Jaipur,2009/10
419155,2010-04-15,Chennai Super Kings,Delhi Daredevils,G Gambhir,Chennai Super Kings,bat,"MA Chidambaram Stadium, Chepauk",Chennai,2009/10
419155,2010-04-15,Delhi Daredevils,Chennai Super Kings,G Gambhir,Chennai Super Kings,bat,"MA Chidambaram Stadium, Chepauk",Chennai,2009/10
419156,2010-04-16,Kings XI Punjab,Deccan Chargers,RG Sharma,Deccan Chargers,field,Himachal Pradesh Cricket Association Stadium,Dharamsala,2009/10
419156,2010-04-16,Deccan Chargers,Kings XI Punjab,RG Sharma,Deccan Chargers,field,Himachal Pradesh Cricket Association Stadium,Dharamsala,2009/10
419157,2010-04-17,Mumbai Indians,Royal Challengers Bangalore,R McLaren,Royal Challengers Bangalore,field,M Chinnaswamy Stadium,Bangalore,2009/10
419157,2010-04-17,Royal Challengers Bangalore,Mumbai Indians,R McLaren,Royal Challengers Bangalore,field,M Chinnaswamy Stadium,Bangalore,2009/10
419158,2010-04-17,Rajasthan Royals,Kolkata Knight Riders,JD Unadkat,Rajasthan Royals,bat,Eden Gardens,Kolkata,2009/10
419158,2010-04-17,Kolkata Knight Riders,Rajasthan Royals,JD Unadkat,Rajasthan Royals,bat,Eden Gardens,Kolkata,2009/10
419159,2010-04-18,Kings XI Punjab,Chennai Super Kings,MS Dhoni,Chennai Super Kings,field,Himachal Pradesh Cricket Association Stadium,Dharamsala,2009/10
419159,2010-04-18,Chennai Super Kings,Kings XI Punjab,MS Dhoni,Chennai Super Kings,field,Himachal Pradesh Cricket Association Stadium,Dharamsala,2009/10
419160,2010-04-18,Deccan Chargers,Delhi Daredevils,A Symonds,Deccan Chargers,bat,Feroz Shah Kotla,Delhi,2009/10
419160,2010-04-18,Delhi Daredevils,Deccan Chargers,A Symonds,Deccan Chargers,bat,Feroz Shah Kotla,Delhi,2009/10
419161,2010-04-19,Mumbai Indians,Kolkata Knight Riders,M Kartik,Mumbai Indians,bat,Eden Gardens,Kolkata,2009/10
419161,2010-04-19,Kolkata Knight Riders,Mumbai Indians,M Kartik,Mumbai Indians,bat,Eden Gardens,Kolkata,2009/10
419162,2010-04-21,Mumbai Indians,Royal Challengers Bangalore,KA Pollard,Mumbai Indians,bat,Dr DY Patil Sports Academy,Mumbai,2009/10
419162,2010-04-21,Royal Challengers Bangalore,Mumbai Indians,KA Pollard,Mumbai Indians,bat,Dr DY Patil Sports Academy,Mumbai,2009/10
419163,2010-04-22,Chennai Super Kings,Deccan Chargers,DE Bollinger,Chennai Super Kings,bat,Dr DY Patil Sports Academy,Mumbai,2009/10
419163,2010-04-22,Deccan Chargers,Chennai Super Kings,DE Bollinger,Chennai Super Kings,bat,Dr DY Patil Sports Academy,Mumbai,2009/10
419164,2010-04-24,Deccan Chargers,Royal Challengers Bangalore,A Kumble,Deccan Chargers,bat,Dr DY Patil Sports Academy,Mumbai,2009/10
419164,2010-04-24,Royal Challengers Bangalore,Deccan Chargers,A Kumble,Deccan Chargers,bat,Dr DY Patil Sports Academy,Mumbai,2009/10
419165,2010-04-25,Chennai Super Kings,Mumbai Indians,SK Raina,Chennai Super Kings,bat,Dr DY Patil Sports Academy,Mumbai,2009/10
419165,2010-04-25,Mumbai Indians,Chennai Super Kings,SK Raina,Chennai Super Kings,bat,Dr DY Patil Sports Academy,Mumbai,2009/10
501198,2011-04-08,Chennai Super Kings,Kolkata Knight Riders,S Anirudha,Chennai Super Kings,bat,"MA Chidambaram Stadium, Chepauk",Chennai,2011
501198,2011-04-08,Kolkata Knight Riders,Chennai Super Kings,S Anirudha,Chennai Super Kings,bat,"MA Chidambaram Stadium, Chepauk",Chennai,2011
501199,2011-04-09,Deccan Chargers,Rajasthan Royals,SK Trivedi,Rajasthan Royals,field,"Rajiv Gandhi International Stadium, Uppal",Hyderabad,2011
501199,2011-04-09,Rajasthan Royals,Deccan Chargers,SK Trivedi,Rajasthan Royals,field,"Rajiv Gandhi International Stadium, Uppal",Hyderabad,2011
501200,2011-04-09,Kochi Tuskers Kerala,Royal Challengers Bangalore,AB de Villiers,Kochi Tuskers Kerala,bat,Nehru Stadium,Kochi,2011
501200,2011-04-09,Royal Challengers Bangalore,Kochi Tuskers Kerala,AB de Villiers,Kochi Tuskers Kerala,bat,Nehru Stadium,Kochi,2011
501201,2011-04-10,Delhi Daredevils,Mumbai Indians,SL Malinga,Delhi Daredevils,bat,Feroz Shah Kotla,Delhi,2011
501201,2011-04-10,Mumbai Indians,Delhi Daredevils,SL Malinga,Delhi Daredevils,bat,Feroz Shah Kotla,Delhi,2011
501202,2011-04-10,Kings XI Punjab,Pune Warriors,SB Wagh,Kings XI Punjab,bat,Dr DY Patil Sports Academy,Mumbai,2011
501202,2011-04-10,Pune Warriors,Kings XI Punjab,SB Wagh,Kings XI Punjab,bat,Dr DY Patil Sports Academy,Mumbai,2011
501203,2011-04-11,Kolkata Knight Riders,Deccan Chargers,JH Kallis,Kolkata Knight Riders,bat,Eden Gardens,Kolkata,2011
501203,2011-04-11,Deccan Chargers,Kolkata Knight Riders,JH Kallis,Kolkata Knight Riders,bat,Eden Gardens,Kolkata,2011
501204,2011-04-12,Delhi Daredevils,Rajasthan Royals,SK Warne,Delhi Daredevils,bat,Sawai Mansingh Stadium,Jaipur,2011
501204,2011-04-12,Rajasthan Royals,Delhi Daredevils,SK Warne,Delhi Daredevils,bat,Sawai Mansingh Stadium,Jaipur,2011
501205,2011-04-12,Royal Challengers Bangalore,Mumbai Indians,SR Tendulkar,Mumbai Indians,field,M Chinnaswamy Stadium,Bangalore,2011
501205,2011-04-12,Mumbai Indians,Royal Challengers Bangalore,SR Tendulkar,Mumbai Indians,field,M Chinnaswamy Stadium,Bangalore,2011
501206,2011-04-13,Chennai Super Kings,Kings XI Punjab,PC Valthaty,Kings XI Punjab,field,"Punjab Cricket Association Stadium, Mohali",Chandigarh,2011
501206,2011-04-13,Kings XI Punjab,Chennai Super Kings,PC Valthaty,Kings XI Punjab,field,"Punjab Cricket Association Stadium, Mohali",Chandigarh,2011
501207,2011-04-13,Kochi Tuskers Kerala,Pune Warriors,MD Mishra,Kochi Tuskers Kerala,bat,Dr DY Patil Sports Academy,Mumbai,2011
501207,2011-04-13,Pune Warriors,Kochi Tuskers Kerala,MD Mishra,Kochi Tuskers Kerala,bat,Dr DY Patil Sports Academy,Mumbai,2011
501208,2011-04-14,Deccan Chargers,Royal Challengers Bangalore,DW Steyn,Royal Challengers Bangalore,field,"Rajiv Gandhi International Stadium, Uppal",Hyderabad,2011
501208,2011-04-14,Royal Challengers Bangalore,Deccan Chargers,DW Steyn,Royal Challengers Bangalore,field,"Rajiv Gandhi International Stadium, Uppal",Hyderabad,2011
501209,2011-04-15,Rajasthan Royals,Kolkata Knight Riders,G Gambhir,Kolkata Knight Riders,field,Sawai Mansingh Stadium,Jaipur,2011
501209,2011-04-15,Kolkata Knight Riders,Rajasthan Royals,G Gambhir,Kolkata Knight Riders,field,Sawai Mansingh Stadium,Jaipur,2011
501210,2011-04-15,Mumbai Indians,Kochi Tuskers Kerala,BB McCullum,Kochi Tuskers Kerala,field,Wankhede Stadium,Mumbai,2011
501210,2011-04-15,Kochi Tuskers Kerala,Mumbai Indians,BB McCullum,Kochi Tuskers Kerala,field,Wankhede Stadium,Mumbai,2011
501211,2011-04-16,Chennai Super Kings,Royal Challengers Bangalore,MEK Hussey,Chennai Super Kings,bat,"MA Chidambaram Stadium, Chepauk",Chennai,2011
501211,2011-04-16,Royal Challengers Bangalore,Chennai Super Kings,MEK Hussey,Chennai Super Kings,bat,"MA Chidambaram Stadium, Chepauk",Chennai,2011
501212,2011-04-16,Deccan Chargers,Kings XI Punjab,PC Valthaty,Kings XI Punjab,field,"Rajiv Gandhi International Stadium, Uppal",Hyderabad,2011
501212,2011-04-16,Kings XI Punjab,Deccan Chargers,PC Valthaty,Kings XI Punjab,field,"Rajiv Gandhi International Stadium, Uppal",Hyderabad,2011
501213,2011-04-17,Pune Warriors,Delhi Daredevils,Yuvraj Singh,Delhi Daredevils,field,Dr DY Patil Sports Academy,Mumbai,2011
501213,2011-04-17,Delhi Daredevils,Pune Warriors,Yuvraj Singh,Delhi Daredevils,field,Dr DY Patil Sports Academy,Mumbai,2011
501214,2011-04-17,Rajasthan Royals,Kolkata Knight Riders,L Balaji,Kolkata Knight Riders,field,Eden Gardens,Kolkata,2011
501214,2011-04-17,Kolkata Knight Riders,Rajasthan Royals,L Balaji,Kolkata Knight Riders,field,Eden Gardens,Kolkata,2011
501215,2011-04-18,Chennai Super Kings,Kochi Tuskers Kerala,BB McCullum,Kochi Tuskers Kerala,field,Nehru Stadium,Kochi,2011
501215,2011-04-18,Kochi Tuskers Kerala,Chennai Super Kings,BB McCullum,Kochi Tuskers Kerala,field,Nehru Stadium,Kochi,2011
501216,2011-04-19,Deccan Chargers,Delhi Daredevils,S Sohal,Deccan Chargers,bat,Feroz Shah Kotla,Delhi,2011
501216,2011-04-19,Delhi Daredevils,Deccan Chargers,S Sohal,Deccan Chargers,bat,Feroz Shah Kotla,Delhi,2011
501218,2011-04-20,Pune Warriors,Mumbai Indians,MM Patel,Pune Warriors,bat,Wankhede Stadium,Mumbai,2011
501218,2011-04-20,Mumbai Indians,Pune Warriors,MM Patel,Pune Warriors,bat,Wankhede Stadium,Mumbai,2011
501219,2011-04-20,Kochi Tuskers Kerala,Kolkata Knight Riders,DPMD Jayawardene,Kolkata Knight Riders,field,Eden Gardens,Kolkata,2011
501219,2011-04-20,Kolkata Knight Riders,Kochi Tuskers Kerala,DPMD Jayawardene,Kolkata Knight Riders,field,Eden Gardens,Kolkata,2011
501220,2011-04-21,Kings XI Punjab,Rajasthan Royals,SE Marsh,Rajasthan Royals,field,"Punjab Cricket Association Stadium, Mohali",Chandigarh,2011
501220,2011-04-21,Rajasthan Royals,Kings XI Punjab,SE Marsh,Rajasthan Royals,field,"Punjab Cricket Association Stadium, Mohali",Chandigarh,2011
501221,2011-04-22,Mumbai Indians,Chennai Super Kings,Harbhajan Singh,Chennai Super Kings,field,Wankhede Stadium,Mumbai,2011
501221,2011-04-22,Chennai Super Kings,Mumbai Indians,Harbhajan Singh,Chennai Super Kings,field,Wankhede Stadium,Mumbai,2011
501222,2011-04-22,Kolkata Knight Riders,Royal Challengers Bangalore,CH Gayle,Royal Challengers Bangalore,field,Eden Gardens,Kolkata,2011
501222,2011-04-22,Royal Challengers Bangalore,Kolkata Knight Riders,CH Gayle,Royal Challengers Bangalore,field,Eden Gardens,Kolkata,2011
501223,2011-04-23,Delhi Daredevils,Kings XI Punjab,DA Warner,Kings XI Punjab,field,Feroz Shah Kotla,Delhi,2011
501223,2011-04-23,Kings XI Punjab,Delhi Daredevils,DA Warner,Kings XI Punjab,field,Feroz Shah Kotla,Delhi,2011
501224,2011-04-24,Mumbai Indians,Deccan Chargers,SL Malinga,Deccan Chargers,field,"Rajiv Gandhi International Stadium, Uppal",Hyderabad,2011
501224,2011-04-24,Deccan Chargers,Mumbai Indians,SL Malinga,Deccan Chargers,field,"Rajiv Gandhi International Stadium, Uppal",Hyderabad,2011
501225,2011-04-24,Kochi Tuskers Kerala,Rajasthan Royals,SK Warne,Rajasthan Royals,field,Sawai Mansingh Stadium,Jaipur,2011
501225,2011-04-24,Rajasthan Royals,Kochi Tuskers Kerala,SK Warne,Rajasthan Royals,field,Sawai Mansingh Stadium,Jaipur,2011
501226,2011-04-25,Chennai Super Kings,Pune Warriors,MEK Hussey,Pune Warriors,field,"MA Chidambaram Stadium, Chepauk",Chennai,2011
501226,2011-04-25,Pune Warriors,Chennai Super Kings,MEK Hussey,Pune Warriors,field,"MA Chidambaram Stadium, Chepauk",Chennai,2011
501227,2011-04-26,Delhi Daredevils,Royal Challengers Bangalore,V Kohli,Royal Challengers Bangalore,field,Feroz Shah Kotla,Delhi,2011
501227,2011-04-26,Royal Challengers Bangalore,Delhi Daredevils,V Kohli,Royal Challengers Bangalore,field,Feroz Shah Kotla,Delhi,2011
501228,2011-04-27,Pune Warriors,Chennai Super Kings,DE Bollinger,Pune Warriors,bat,Dr DY Patil Sports Academy,Mumbai,2011
501228,2011-04-27,Chennai Super Kings,Pune Warriors,DE Bollinger,Pune Warriors,bat,Dr DY Patil Sports Academy,Mumbai,2011
501229,2011-04-27,Deccan Chargers,Kochi Tuskers Kerala,I Sharma,Kochi Tuskers Kerala,field,Nehru Stadium,Kochi,2011
501229,2011-04-27,Kochi Tuskers Kerala,Deccan Chargers,I Sharma,Kochi Tuskers Kerala,field,Nehru Stadium,Kochi,2011
501230,2011-04-28,Kolkata Knight Riders,Delhi Daredevils,MK Tiwary,Delhi Daredevils,field,Feroz Shah Kotla,Delhi,2011
501230,2011-04-28,Delhi Daredevils,Kolkata Knight Riders,MK Tiwary,Delhi Daredevils,field,Feroz Shah Kotla,Delhi,2011
501231,2011-04-29,Mumbai Indians,Rajasthan Royals,J Botha,Rajasthan Royals,field,Sawai Mansingh Stadium,Jaipur,2011
501231,2011-04-29,Rajasthan Royals,Mumbai Indians,J Botha,Rajasthan Royals,field,Sawai Mansingh Stadium,Jaipur,2011
501232,2011-04-29,Royal Challengers Bangalore,Pune Warriors,V Kohli,Pune Warriors,field,M Chinnaswamy Stadium,Bangalore,2011
501232,2011-04-29,Pune Warriors,Royal Challengers Bangalore,V Kohli,Pune Warriors,field,M Chinnaswamy Stadium,Bangalore,2011
501233,2011-04-30,Delhi Daredevils,Kochi Tuskers Kerala,V Sehwag,Delhi Daredevils,bat,Nehru Stadium,Kochi,2011
501233,2011-04-30,Kochi Tuskers Kerala,Delhi Daredevils,V Sehwag,Delhi Daredevils,bat,Nehru Stadium,Kochi,2011
501234,2011-04-30,Kings XI Punjab,Kolkata Knight Riders,Iqbal Abdulla,Kolkata Knight Riders,field,Eden Gardens,Kolkata,2011
501234,2011-04-30,Kolkata Knight Riders,Kings XI Punjab,Iqbal Abdulla,Kolkata Knight Riders,field,Eden Gardens,Kolkata,2011
501235,2011-05-01,Pune Warriors,Rajasthan Royals,LRPL Taylor,Rajasthan Royals,field,Sawai Mansingh Stadium,Jaipur,2011
501235,2011-05-01,Rajasthan Royals,Pune Warriors,LRPL Taylor,Rajasthan Royals,field,Sawai Mansingh Stadium,Jaipur,2011
501236,2011-05-01,Chennai Super Kings,Deccan Chargers,JA Morkel,Chennai Super Kings,bat,"MA Chidambaram Stadium, Chepauk",Chennai,2011
501236,2011-05-01,Deccan Chargers,Chennai Super Kings,JA Morkel,Chennai Super Kings,bat,"MA Chidambaram Stadium, Chepauk",Chennai,2011
501237,2011-05-02,Mumbai Indians,Kings XI Punjab,KA Pollard,Kings XI Punjab,field,Wankhede Stadium,Mumbai,2011
501237,2011-05-02,Kings XI Punjab,Mumbai Indians,KA Pollard,Kings XI Punjab,field,Wankhede Stadium,Mumbai,2011
501238,2011-05-02,Delhi Daredevils,Kochi Tuskers Kerala,P Parameswaran,Kochi Tuskers Kerala,field,Feroz Shah Kotla,Delhi,2011
501238,2011-05-02,Kochi Tuskers Kerala,Delhi Daredevils,P Parameswaran,Kochi Tuskers Kerala,field,Feroz Shah Kotla,Delhi,2011
501239,2011-05-03,Kolkata Knight Riders,Deccan Chargers,YK Pathan,Deccan Chargers,field,"Rajiv Gandhi International Stadium, Uppal",Hyderabad,2011
501239,2011-05-03,Deccan Chargers,Kolkata Knight Riders,YK Pathan,Deccan Chargers,field,"Rajiv Gandhi International Stadium, Uppal",Hyderabad,2011
501240,2011-05-04,Rajasthan Royals,Chennai Super Kings,MEK Hussey,Rajasthan Royals,bat,"MA Chidambaram Stadium, Chepauk",Chennai,2011
501240,2011-05-04,Chennai Super Kings,Rajasthan Royals,MEK Hussey,Rajasthan Royals,bat,"MA Chidambaram Stadium, Chepauk",Chennai,2011
501241,2011-05-04,Mumbai Indians,Pune Warriors,R Sharma,Pune Warriors,field,Dr DY Patil Sports Academy,Mumbai,2011
501241,2011-05-04,Pune Warriors,Mumbai Indians,R Sharma,Pune Warriors,field,Dr DY Patil Sports Academy,Mumbai,2011
501242,2011-05-05,Kochi Tuskers Kerala,Kolkata Knight Riders,BJ Hodge,Kolkata Knight Riders,field,Nehru Stadium,Kochi,2011
501242,2011-05-05,Kolkata Knight Riders,Kochi Tuskers Kerala,BJ Hodge,Kolkata Knight Riders,field,Nehru Stadium,Kochi,2011
501243,2011-05-05,Deccan Chargers,Delhi Daredevils,V Sehwag,Delhi Daredevils,field,"Rajiv Gandhi International Stadium, Uppal",Hyderabad,2011
501243,2011-05-05,Delhi Daredevils,Deccan Chargers,V Sehwag,Delhi Daredevils,field,"Rajiv Gandhi International Stadium, Uppal",Hyderabad,2011
501244,2011-05-06,Royal Challengers Bangalore,Kings XI Punjab,CH Gayle,Kings XI Punjab,field,M Chinnaswamy Stadium,Bangalore,2011
501244,2011-05-06,Kings XI Punjab,Royal Challengers Bangalore,CH Gayle,Kings XI Punjab,field,M Chinnaswamy Stadium,Bangalore,2011
501245,2011-05-07,Chennai Super Kings,Kolkata Knight Riders,Iqbal Abdulla,Chennai Super Kings,bat,Eden Gardens,Kolkata,2011
501245,2011-05-07,Kolkata Knight Riders,Chennai Super Kings,Iqbal Abdulla,Chennai Super Kings,bat,Eden Gardens,Kolkata,2011
501246,2011-05-07,Mumbai Indians,Delhi Daredevils,AT Rayudu,Delhi Daredevils,field,Wankhede Stadium,Mumbai,2011
501246,2011-05-07,Delhi Daredevils,Mumbai Indians,AT Rayudu,Delhi Daredevils,field,Wankhede Stadium,Mumbai,2011
501247,2011-05-08,Kochi Tuskers Kerala,Royal Challengers Bangalore,CH Gayle,Kochi Tuskers Kerala,bat,M Chinnaswamy Stadium,Bangalore,2011
501247,2011-05-08,Royal Challengers Bangalore,Kochi Tuskers Kerala,CH Gayle,Kochi Tuskers Kerala,bat,M Chinnaswamy Stadium,Bangalore,2011
501248,2011-05-08,Kings XI Punjab,Pune Warriors,R Sharma,Kings XI Punjab,bat,"Punjab Cricket Association Stadium, Mohali",Chandigarh,2011
501248,2011-05-08,Pune Warriors,Kings XI Punjab,R Sharma,Kings XI Punjab,bat,"Punjab Cricket Association Stadium, Mohali",Chandigarh,2011
501249,2011-05-09,Chennai Super Kings,Rajasthan Royals,M Vijay,Rajasthan Royals,field,Sawai Mansingh Stadium,Jaipur,2011
501249,2011-05-09,Rajasthan Royals,Chennai Super Kings,M Vijay,Rajasthan Royals,field,Sawai Mansingh Stadium,Jaipur,2011
501250,2011-05-10,Deccan Chargers,Pune Warriors,MR Marsh,Deccan Chargers,bat,"Rajiv Gandhi International Stadium, Uppal",Hyderabad,2011
501250,2011-05-10,Pune Warriors,Deccan Chargers,MR Marsh,Deccan Chargers,bat,"Rajiv Gandhi International Stadium, Uppal",Hyderabad,2011
501251,2011-05-10,Kings XI Punjab,Mumbai Indians,BA Bhatt,Mumbai Indians,field,"Punjab Cricket Association Stadium, Mohali",Chandigarh,2011
501251,2011-05-10,Mumbai Indians,Kings XI Punjab,BA Bhatt,Mumbai Indians,field,"Punjab Cricket Association Stadium, Mohali",Chandigarh,2011
501252,2011-05-11,Rajasthan Royals,Royal Challengers Bangalore,S Aravind,Royal Challengers Bangalore,field,Sawai Mansingh Stadium,Jaipur,2011
501252,2011-05-11,Royal Challengers Bangalore,Rajasthan Royals,S Aravind,Royal Challengers Bangalore,field,Sawai Mansingh Stadium,Jaipur,2011
501253,2011-05-12,Chennai Super Kings,Delhi Daredevils,MS Dhoni,Chennai Super Kings,bat,"MA Chidambaram Stadium, Chepauk",Chennai,2011
501253,2011-05-12,Delhi Daredevils,Chennai Super Kings,MS Dhoni,Chennai Super Kings,bat,"MA Chidambaram Stadium, Chepauk",Chennai,2011
501254,2011-05-13,Kochi Tuskers Kerala,Kings XI Punjab,KD Karthik,Kings XI Punjab,field,Holkar Cricket Stadium,Indore,2011
501254,2011-05-13,Kings XI Punjab,Kochi Tuskers Kerala,KD Karthik,Kings XI Punjab,field,Holkar Cricket Stadium,Indore,2011
501255,2011-05-14,Kolkata Knight Riders,Royal Challengers Bangalore,CH Gayle,Royal Challengers Bangalore,field,M Chinnaswamy Stadium,Bangalore,2011
501255,2011-05-14,Royal Challengers Bangalore,Kolkata Knight Riders,CH Gayle,Royal Challengers Bangalore,field,M Chinnaswamy Stadium,Bangalore,2011
501256,2011-05-14,Deccan Chargers,Mumbai Indians,A Mishra,Deccan Chargers,bat,Wankhede Stadium,Mumbai,2011
501256,2011-05-14,Mumbai Indians,Deccan Chargers,A Mishra,Deccan Chargers,bat,Wankhede Stadium,Mumbai,2011
501257,2011-05-15,Kings XI Punjab,Delhi Daredevils,PP Chawla,Delhi Daredevils,field,Himachal Pradesh Cricket Association Stadium,Dharamsala,2011
501257,2011-05-15,Delhi Daredevils,Kings XI Punjab,PP Chawla,Delhi Daredevils,field,Himachal Pradesh Cricket Association Stadium,Dharamsala,2011
501258,2011-05-15,Rajasthan Royals,Kochi Tuskers Kerala,BJ Hodge,Kochi Tuskers Kerala,field,Holkar Cricket Stadium,Indore,2011
501258,2011-05-15,Kochi Tuskers Kerala,Rajasthan Royals,BJ Hodge,Kochi Tuskers Kerala,field,Holkar Cricket Stadium,Indore,2011
501259,2011-05-16,Pune Warriors,Deccan Chargers,A Mishra,Deccan Chargers,field,Dr DY Patil Sports Academy,Mumbai,2011
501259,2011-05-16,Deccan Chargers,Pune Warriors,A Mishra,Deccan Chargers,field,Dr DY Patil Sports Academy,Mumbai,2011
501260,2011-05-17,Kings XI Punjab,Royal Challengers Bangalore,AC Gilchrist,Kings XI Punjab,bat,Himachal Pradesh Cricket Association Stadium,Dharamsala,2011
501260,2011-05-17,Royal Challengers Bangalore,Kings XI Punjab,AC Gilchrist,Kings XI Punjab,bat,Himachal Pradesh Cricket Association Stadium,Dharamsala,2011
501261,2011-05-18,Chennai Super Kings,Kochi Tuskers Kerala,WP Saha,Chennai Super Kings,bat,"MA Chidambaram Stadium, Chepauk",Chennai,2011
501261,2011-05-18,Kochi Tuskers Kerala,Chennai Super Kings,WP Saha,Chennai Super Kings,bat,"MA Chidambaram Stadium, Chepauk",Chennai,2011
501262,2011-05-19,Pune Warriors,Kolkata Knight Riders,YK Pathan,Kolkata Knight Riders,field,Dr DY Patil Sports Academy,Mumbai,2011
501262,2011-05-19,Kolkata Knight Riders,Pune Warriors,YK Pathan,Kolkata Knight Riders,field,Dr DY Patil Sports Academy,Mumbai,2011
501263,2011-05-20,Mumbai Indians,Rajasthan Royals,SR Watson,Mumbai Indians,bat,Wankhede Stadium,Mumbai,2011
501263,2011-05-20,Rajasthan Royals,Mumbai Indians,SR Watson,Mumbai Indians,bat,Wankhede Stadium,Mumbai,2011
501264,2011-05-21,Deccan Chargers,Kings XI Punjab,S Dhawan,Kings XI Punjab,field,Himachal Pradesh Cricket Association Stadium,Dharamsala,2011
501264,2011-05-21,Kings XI Punjab,Deccan Chargers,S Dhawan,Kings XI Punjab,field,Himachal Pradesh Cricket Association Stadium,Dharamsala,2011
501265,2011-05-21,Delhi Daredevils,Pune Warriors,Unknown,Delhi Daredevils,bat,Feroz Shah Kotla,Delhi,2011
501266,2011-05-22,Chennai Super Kings,Royal Challengers Bangalore,CH Gayle,Royal Challengers Bangalore,field,M Chinnaswamy Stadium,Bangalore,2011
501266,2011-05-22,Royal Challengers Bangalore,Chennai Super Kings,CH Gayle,Royal Challengers Bangalore,field,M Chinnaswamy Stadium,Bangalore,2011
501267,2011-05-22,Kolkata Knight Riders,Mumbai Indians,JEC Franklin,Mumbai Indians,field,Eden Gardens,Kolkata,2011
501267,2011-05-22,Mumbai Indians,Kolkata Knight Riders,JEC Franklin,Mumbai Indians,field,Eden Gardens,Kolkata,2011
501268,2011-05-24,Royal Challengers Bangalore,Chennai Super Kings,SK Raina,Chennai Super Kings,field,Wankhede Stadium,Mumbai,2011
501268,2011-05-24,Chennai Super Kings,Royal Challengers Bangalore,SK Raina,Chennai Super Kings,field,Wankhede Stadium,Mumbai,2011
501269,2011-05-25,Kolkata Knight Riders,Mumbai Indians,MM Patel,Mumbai Indians,field,Wankhede Stadium,Mumbai,2011
501269,2011-05-25,Mumbai Indians,Kolkata Knight Riders,MM Patel,Mumbai Indians,field,Wankhede Stadium,Mumbai,2011
501270,2011-05-27,Royal Challengers Bangalore,Mumbai Indians,CH Gayle,Mumbai Indians,field,"MA Chidambaram Stadium, Chepauk",Chennai,2011
501270,2011-05-27,Mumbai Indians,Royal Challengers Bangalore,CH Gayle,Mumbai Indians,field,"MA Chidambaram Stadium, Chepauk",Chennai,2011
501271,2011-05-28,Chennai Super Kings,Royal Challengers Bangalore,M Vijay,Chennai Super Kings,bat,"MA Chidambaram Stadium, Chepauk",Chennai,2011
501271,2011-05-28,Royal Challengers Bangalore,Chennai Super Kings,M Vijay,Chennai Super Kings,bat,"MA Chidambaram Stadium, Chepauk",Chennai,2011
548306,2012-04-04,Chennai Super Kings,Mumbai Indians,RE Levi,Mumbai Indians,field,"MA Chidambaram Stadium, Chepauk",Chennai,2012
548306,2012-04-04,Mumbai Indians,Chennai Super Kings,RE Levi,Mumbai Indians,field,"MA Chidambaram Stadium, Chepauk",Chennai,2012
548307,2012-04-05,Kolkata Knight Riders,Delhi Daredevils,IK Pathan,Delhi Daredevils,field,Eden Gardens,Kolkata,2012
548307,2012-04-05,Delhi Daredevils,Kolkata Knight Riders,IK Pathan,Delhi Daredevils,field,Eden Gardens,Kolkata,2012
548308,2012-04-06,Pune Warriors,Mumbai Indians,SPD Smith,Mumbai Indians,field,Wankhede Stadium,Mumbai,2012
548308,2012-04-06,Mumbai Indians,Pune Warriors,SPD Smith,Mumbai Indians,field,Wankhede Stadium,Mumbai,2012
548309,2012-04-06,Rajasthan Royals,Kings XI Punjab,AM Rahane,Kings XI Punjab,field,Sawai Mansingh Stadium,Jaipur,2012
548309,2012-04-06,Kings XI Punjab,Rajasthan Royals,AM Rahane,Kings XI Punjab,field,Sawai Mansingh Stadium,Jaipur,2012
548310,2012-04-07,Royal Challengers Bangalore,Delhi Daredevils,AB de Villiers,Delhi Daredevils,field,M Chinnaswamy Stadium,Bangalore,2012
548310,2012-04-07,Delhi Daredevils,Royal Challengers Bangalore,AB de Villiers,Delhi Daredevils,field,M Chinnaswamy Stadium,Bangalore,2012
548311,2012-04-07,Chennai Super Kings,Deccan Chargers,RA Jadeja,Deccan Chargers,field,Dr. Y.S. Rajasekhara Reddy ACA-VDCA Cricket Stadium,Visakhapatnam,2012
548311,2012-04-07,Deccan Chargers,Chennai Super Kings,RA Jadeja,Deccan Chargers,field,Dr. Y.S. Rajasekhara Reddy ACA-VDCA Cricket Stadium,Visakhapatnam,2012
548312,2012-04-08,Rajasthan Royals,Kolkata Knight Riders,BJ Hodge,Kolkata Knight Riders,field,Sawai Mansingh Stadium,Jaipur,2012
548312,2012-04-08,Kolkata Knight Riders,Rajasthan Royals,BJ Hodge,Kolkata Knight Riders,field,Sawai Mansingh Stadium,Jaipur,2012
548313,2012-04-08,Pune Warriors,Kings XI Punjab,MN Samuels,Pune Warriors,bat,Subrata Roy Sahara Stadium,Pune,2012
548313,2012-04-08,Kings XI Punjab,Pune Warriors,MN Samuels,Pune Warriors,bat,Subrata Roy Sahara Stadium,Pune,2012
548314,2012-04-09,Deccan Chargers,Mumbai Indians,RG Sharma,Deccan Chargers,bat,Dr. Y.S. Rajasekhara Reddy ACA-VDCA Cricket Stadium,Visakhapatnam,2012
548314,2012-04-09,Mumbai Indians,Deccan Chargers,RG Sharma,Deccan Chargers,bat,Dr. Y.S. Rajasekhara Reddy ACA-VDCA Cricket Stadium,Visakhapatnam,2012
548315,2012-04-10,Kolkata Knight Riders,Royal Challengers Bangalore,L Balaji,Royal Challengers Bangalore,field,M Chinnaswamy Stadium,Bangalore,2012
548315,2012-04-10,Royal Challengers Bangalore,Kolkata Knight Riders,L Balaji,Royal Challengers Bangalore,field,M Chinnaswamy Stadium,Bangalore,2012
548316,2012-04-10,Chennai Super Kings,Delhi Daredevils,M Morkel,Delhi Daredevils,field,Feroz Shah Kotla,Delhi,2012
548316,2012-04-10,Delhi Daredevils,Chennai Super Kings,M Morkel,Delhi Daredevils,field,Feroz Shah Kotla,Delhi,2012
548317,2012-04-11,Mumbai Indians,Rajasthan Royals,KA Pollard,Rajasthan Royals,field,Wankhede Stadium,Mumbai,2012
548317,2012-04-11,Rajasthan Royals,Mumbai Indians,KA Pollard,Rajasthan Royals,field,Wankhede Stadium,Mumbai,2012
548318,2012-04-12,Royal Challengers Bangalore,Chennai Super Kings,F du Plessis,Royal Challengers Bangalore,bat,"MA Chidambaram Stadium, Chepauk",Chennai,2012
548318,2012-04-12,Chennai Super Kings,Royal Challengers Bangalore,F du Plessis,Royal Challengers Bangalore,bat,"MA Chidambaram Stadium, Chepauk",Chennai,2012
548319,2012-04-12,Pune Warriors,Kings XI Punjab,AD Mascarenhas,Kings XI Punjab,field,"Punjab Cricket Association Stadium, Mohali",Chandigarh,2012
548319,2012-04-12,Kings XI Punjab,Pune Warriors,AD Mascarenhas,Kings XI Punjab,field,"Punjab Cricket Association Stadium, Mohali",Chandigarh,2012
548320,2012-04-13,Rajasthan Royals,Kolkata Knight Riders,Shakib Al Hasan,Rajasthan Royals,bat,Eden Gardens,Kolkata,2012
548320,2012-04-13,Kolkata Knight Riders,Rajasthan Royals,Shakib Al Hasan,Rajasthan Royals,bat,Eden Gardens,Kolkata,2012
548322,2012-04-14,Chennai Super Kings,Pune Warriors,JD Ryder,Chennai Super Kings,bat,Subrata Roy Sahara Stadium,Pune,2012
548322,2012-04-14,Pune Warriors,Chennai Super Kings,JD Ryder,Chennai Super Kings,bat,Subrata Roy Sahara Stadium,Pune,2012
548323,2012-04-15,Kings XI Punjab,Kolkata Knight Riders,SP Narine,Kolkata Knight Riders,field,Eden Gardens,Kolkata,2012
548323,2012-04-15,Kolkata Knight Riders,Kings XI Punjab,SP Narine,Kolkata Knight Riders,field,Eden Gardens,Kolkata,2012
548324,2012-04-15,Rajasthan Royals,Royal Challengers Bangalore,AM Rahane,Rajasthan Royals,bat,M Chinnaswamy Stadium,Bangalore,2012
548324,2012-04-15,Royal Challengers Bangalore,Rajasthan Royals,AM Rahane,Rajasthan Royals,bat,M Chinnaswamy Stadium,Bangalore,2012
548325,2012-04-16,Mumbai Indians,Delhi Daredevils,S Nadeem,Delhi Daredevils,field,Wankhede Stadium,Mumbai,2012
548325,2012-04-16,Delhi Daredevils,Mumbai Indians,S Nadeem,Delhi Daredevils,field,Wankhede Stadium,Mumbai,2012
548326,2012-04-17,Deccan Chargers,Rajasthan Royals,BJ Hodge,Deccan Chargers,bat,Sawai Mansingh Stadium,Jaipur,2012
548326,2012-04-17,Rajasthan Royals,Deccan Chargers,BJ Hodge,Deccan Chargers,bat,Sawai Mansingh Stadium,Jaipur,2012
548327,2012-04-17,Pune Warriors,Royal Challengers Bangalore,CH Gayle,Pune Warriors,bat,M Chinnaswamy Stadium,Bangalore,2012
548327,2012-04-17,Royal Challengers Bangalore,Pune Warriors,CH Gayle,Pune Warriors,bat,M Chinnaswamy Stadium,Bangalore,2012
548328,2012-04-18,Kings XI Punjab,Kolkata Knight Riders,G Gambhir,Kings XI Punjab,bat,"Punjab Cricket Association Stadium, Mohali",Chandigarh,2012
548328,2012-04-18,Kolkata Knight Riders,Kings XI Punjab,G Gambhir,Kings XI Punjab,bat,"Punjab Cricket Association Stadium, Mohali",Chandigarh,2012
548321,2012-04-19,Deccan Chargers,Delhi Daredevils,KP Pietersen,Deccan Chargers,bat,Feroz Shah Kotla,Delhi,2012
548321,2012-04-19,Delhi Daredevils,Deccan Chargers,KP Pietersen,Deccan Chargers,bat,Feroz Shah Kotla,Delhi,2012
548330,2012-04-19,Chennai Super Kings,Pune Warriors,KMDN Kulasekara,Pune Warriors,field,"MA Chidambaram Stadium, Chepauk",Chennai,2012
548330,2012-04-19,Pune Warriors,Chennai Super Kings,KMDN Kulasekara,Pune Warriors,field,"MA Chidambaram Stadium, Chepauk",Chennai,2012
548331,2012-04-20,Kings XI Punjab,Royal Challengers Bangalore,CH Gayle,Royal Challengers Bangalore,field,"Punjab Cricket Association Stadium, Mohali",Chandigarh,2012
548331,2012-04-20,Royal Challengers Bangalore,Kings XI Punjab,CH Gayle,Royal Challengers Bangalore,field,"Punjab Cricket Association Stadium, Mohali",Chandigarh,2012
548332,2012-04-21,Rajasthan Royals,Chennai Super Kings,F du Plessis,Rajasthan Royals,bat,"MA Chidambaram Stadium, Chepauk",Chennai,2012
548332,2012-04-21,Chennai Super Kings,Rajasthan Royals,F du Plessis,Rajasthan Royals,bat,"MA Chidambaram Stadium, Chepauk",Chennai,2012
548333,2012-04-21,Pune Warriors,Delhi Daredevils,SC Ganguly,Delhi Daredevils,field,Feroz Shah Kotla,Delhi,2012
548333,2012-04-21,Delhi Daredevils,Pune Warriors,SC Ganguly,Delhi Daredevils,field,Feroz Shah Kotla,Delhi,2012
548334,2012-04-22,Mumbai Indians,Kings XI Punjab,SE Marsh,Mumbai Indians,bat,Wankhede Stadium,Mumbai,2012
548334,2012-04-22,Kings XI Punjab,Mumbai Indians,SE Marsh,Mumbai Indians,bat,Wankhede Stadium,Mumbai,2012
548335,2012-04-22,Deccan Chargers,Kolkata Knight Riders,B Lee,Kolkata Knight Riders,field,Barabati Stadium,Cuttack,2012
548335,2012-04-22,Kolkata Knight Riders,Deccan Chargers,B Lee,Kolkata Knight Riders,field,Barabati Stadium,Cuttack,2012
548336,2012-04-23,Royal Challengers Bangalore,Rajasthan Royals,AB de Villiers,Rajasthan Royals,field,Sawai Mansingh Stadium,Jaipur,2012
548336,2012-04-23,Rajasthan Royals,Royal Challengers Bangalore,AB de Villiers,Rajasthan Royals,field,Sawai Mansingh Stadium,Jaipur,2012
548337,2012-04-24,Pune Warriors,Delhi Daredevils,V Sehwag,Pune Warriors,bat,Subrata Roy Sahara Stadium,Pune,2012
548337,2012-04-24,Delhi Daredevils,Pune Warriors,V Sehwag,Pune Warriors,bat,Subrata Roy Sahara Stadium,Pune,2012
548339,2012-04-25,Kings XI Punjab,Mumbai Indians,AT Rayudu,Kings XI Punjab,bat,"Punjab Cricket Association Stadium, Mohali",Chandigarh,2012
548339,2012-04-25,Mumbai Indians,Kings XI Punjab,AT Rayudu,Kings XI Punjab,bat,"Punjab Cricket Association Stadium, Mohali",Chandigarh,2012
548341,2012-04-26,Deccan Chargers,Pune Warriors,CL White,Deccan Chargers,bat,Subrata Roy Sahara Stadium,Pune,2012
548341,2012-04-26,Pune Warriors,Deccan Chargers,CL White,Deccan Chargers,bat,Subrata Roy Sahara Stadium,Pune,2012
548342,2012-04-27,Delhi Daredevils,Mumbai Indians,V Sehwag,Mumbai Indians,field,Feroz Shah Kotla,Delhi,2012
548342,2012-04-27,Mumbai Indians,Delhi Daredevils,V Sehwag,Mumbai Indians,field,Feroz Shah Kotla,Delhi,2012
548343,2012-04-28,Kings XI Punjab,Chennai Super Kings,Mandeep Singh,Kings XI Punjab,bat,"MA Chidambaram Stadium, Chepauk",Chennai,2012
548343,2012-04-28,Chennai Super Kings,Kings XI Punjab,Mandeep Singh,Kings XI Punjab,bat,"MA Chidambaram Stadium, Chepauk",Chennai,2012
548344,2012-04-28,Kolkata Knight Riders,Royal Challengers Bangalore,G Gambhir,Kolkata Knight Riders,bat,Eden Gardens,Kolkata,2012
548344,2012-04-28,Royal Challengers Bangalore,Kolkata Knight Riders,G Gambhir,Kolkata Knight Riders,bat,Eden Gardens,Kolkata,2012
548345,2012-04-29,Delhi Daredevils,Rajasthan Royals,V Sehwag,Delhi Daredevils,bat,Feroz Shah Kotla,Delhi,2012
548345,2012-04-29,Rajasthan Royals,Delhi Daredevils,V Sehwag,Delhi Daredevils,bat,Feroz Shah Kotla,Delhi,2012
548346,2012-04-29,Deccan Chargers,Mumbai Indians,DW Steyn,Mumbai Indians,field,Wankhede Stadium,Mumbai,2012
548346,2012-04-29,Mumbai Indians,Deccan Chargers,DW Steyn,Mumbai Indians,field,Wankhede Stadium,Mumbai,2012
548347,2012-04-30,Chennai Super Kings,Kolkata Knight Riders,G Gambhir,Chennai Super Kings,bat,"MA Chidambaram Stadium, Chepauk",Chennai,2012
548347,2012-04-30,Kolkata Knight Riders,Chennai Super Kings,G Gambhir,Chennai Super Kings,bat,"MA Chidambaram Stadium, Chepauk",Chennai,2012
548348,2012-05-01,Deccan Chargers,Pune Warriors,KC Sangakkara,Deccan Chargers,bat,Barabati Stadium,Cuttack,2012
548348,2012-05-01,Pune Warriors,Deccan Chargers,KC Sangakkara,Deccan Chargers,bat,Barabati Stadium,Cuttack,2012
548349,2012-05-01,Rajasthan Royals,Delhi Daredevils,P Negi,Rajasthan Royals,bat,Sawai Mansingh Stadium,Jaipur,2012
548349,2012-05-01,Delhi Daredevils,Rajasthan Royals,P Negi,Rajasthan Royals,bat,Sawai Mansingh Stadium,Jaipur,2012
548350,2012-05-02,Royal Challengers Bangalore,Kings XI Punjab,Azhar Mahmood,Kings XI Punjab,field,M Chinnaswamy Stadium,Bangalore,2012
548350,2012-05-02,Kings XI Punjab,Royal Challengers Bangalore,Azhar Mahmood,Kings XI Punjab,field,M Chinnaswamy Stadium,Bangalore,2012
548351,2012-05-03,Mumbai Indians,Pune Warriors,SL Malinga,Mumbai Indians,bat,Subrata Roy Sahara Stadium,Pune,2012
548351,2012-05-03,Pune Warriors,Mumbai Indians,SL Malinga,Mumbai Indians,bat,Subrata Roy Sahara Stadium,Pune,2012
548352,2012-05-04,Chennai Super Kings,Deccan Chargers,SK Raina,Chennai Super Kings,bat,"MA Chidambaram Stadium, Chepauk",Chennai,2012
548352,2012-05-04,Deccan Chargers,Chennai Super Kings,SK Raina,Chennai Super Kings,bat,"MA Chidambaram Stadium, Chepauk",Chennai,2012
548353,2012-05-05,Kolkata Knight Riders,Pune Warriors,SP Narine,Kolkata Knight Riders,bat,Eden Gardens,Kolkata,2012
548353,2012-05-05,Pune Warriors,Kolkata Knight Riders,SP Narine,Kolkata Knight Riders,bat,Eden Gardens,Kolkata,2012
548354,2012-05-05,Rajasthan Royals,Kings XI Punjab,SR Watson,Rajasthan Royals,bat,"Punjab Cricket Association Stadium, Mohali",Chandigarh,2012
548354,2012-05-05,Kings XI Punjab,Rajasthan Royals,SR Watson,Rajasthan Royals,bat,"Punjab Cricket Association Stadium, Mohali",Chandigarh,2012
548355,2012-05-06,Chennai Super Kings,Mumbai Indians,DR Smith,Mumbai Indians,field,Wankhede Stadium,Mumbai,2012
548355,2012-05-06,Mumbai Indians,Chennai Super Kings,DR Smith,Mumbai Indians,field,Wankhede Stadium,Mumbai,2012
548356,2012-05-06,Deccan Chargers,Royal Challengers Bangalore,AB de Villiers,Royal Challengers Bangalore,field,M Chinnaswamy Stadium,Bangalore,2012
548356,2012-05-06,Royal Challengers Bangalore,Deccan Chargers,AB de Villiers,Royal Challengers Bangalore,field,M Chinnaswamy Stadium,Bangalore,2012
548357,2012-05-07,Delhi Daredevils,Kolkata Knight Riders,JH Kallis,Delhi Daredevils,bat,Feroz Shah Kotla,Delhi,2012
548357,2012-05-07,Kolkata Knight Riders,Delhi Daredevils,JH Kallis,Delhi Daredevils,bat,Feroz Shah Kotla,Delhi,2012
548358,2012-05-08,Pune Warriors,Rajasthan Royals,SR Watson,Pune Warriors,bat,Subrata Roy Sahara Stadium,Pune,2012
548358,2012-05-08,Rajasthan Royals,Pune Warriors,SR Watson,Pune Warriors,bat,Subrata Roy Sahara Stadium,Pune,2012
548359,2012-05-08,Kings XI Punjab,Deccan Chargers,Mandeep Singh,Deccan Chargers,field,"Rajiv Gandhi International Stadium, Uppal",Hyderabad,2012
548359,2012-05-08,Deccan Chargers,Kings XI Punjab,Mandeep Singh,Deccan Chargers,field,"Rajiv Gandhi International Stadium, Uppal",Hyderabad,2012
548360,2012-05-09,Mumbai Indians,Royal Challengers Bangalore,CH Gayle,Royal Challengers Bangalore,field,Wankhede Stadium,Mumbai,2012
548360,2012-05-09,Royal Challengers Bangalore,Mumbai Indians,CH Gayle,Royal Challengers Bangalore,field,Wankhede Stadium,Mumbai,2012
548329,2012-05-10,Deccan Chargers,Delhi Daredevils,DA Warner,Deccan Chargers,bat,"Rajiv Gandhi International Stadium, Uppal",Hyderabad,2012
548329,2012-05-10,Delhi Daredevils,Deccan Chargers,DA Warner,Deccan Chargers,bat,"Rajiv Gandhi International Stadium, Uppal",Hyderabad,2012
548361,2012-05-10,Rajasthan Royals,Chennai Super Kings,BW Hilfenhaus,Chennai Super Kings,field,Sawai Mansingh Stadium,Jaipur,2012
548361,2012-05-10,Chennai Super Kings,Rajasthan Royals,BW Hilfenhaus,Chennai Super Kings,field,Sawai Mansingh Stadium,Jaipur,2012
548362,2012-05-11,Royal Challengers Bangalore,Pune Warriors,CH Gayle,Pune Warriors,field,Subrata Roy Sahara Stadium,Pune,2012
548362,2012-05-11,Pune Warriors,Royal Challengers Bangalore,CH Gayle,Pune Warriors,field,Subrata Roy Sahara Stadium,Pune,2012
548363,2012-05-12,Mumbai Indians,Kolkata Knight Riders,RG Sharma,Mumbai Indians,bat,Eden Gardens,Kolkata,2012
548363,2012-05-12,Kolkata Knight Riders,Mumbai Indians,RG Sharma,Mumbai Indians,bat,Eden Gardens,Kolkata,2012
548364,2012-05-12,Delhi Daredevils,Chennai Super Kings,BW Hilfenhaus,Chennai Super Kings,field,"MA Chidambaram Stadium, Chepauk",Chennai,2012
548364,2012-05-12,Chennai Super Kings,Delhi Daredevils,BW Hilfenhaus,Chennai Super Kings,field,"MA Chidambaram Stadium, Chepauk",Chennai,2012
548365,2012-05-13,Rajasthan Royals,Pune Warriors,A Chandila,Rajasthan Royals,bat,Sawai Mansingh Stadium,Jaipur,2012
548365,2012-05-13,Pune Warriors,Rajasthan Royals,A Chandila,Rajasthan Royals,bat,Sawai Mansingh Stadium,Jaipur,2012
548366,2012-05-13,Deccan Chargers,Kings XI Punjab,DJ Hussey,Deccan Chargers,bat,"Punjab Cricket Association Stadium, Mohali",Chandigarh,2012
548366,2012-05-13,Kings XI Punjab,Deccan Chargers,DJ Hussey,Deccan Chargers,bat,"Punjab Cricket Association Stadium, Mohali",Chandigarh,2012
548367,2012-05-14,Royal Challengers Bangalore,Mumbai Indians,AT Rayudu,Mumbai Indians,field,M Chinnaswamy Stadium,Bangalore,2012
548367,2012-05-14,Mumbai Indians,Royal Challengers Bangalore,AT Rayudu,Mumbai Indians,field,M Chinnaswamy Stadium,Bangalore,2012
548368,2012-05-14,Kolkata Knight Riders,Chennai Super Kings,MEK Hussey,Chennai Super Kings,field,Eden Gardens,Kolkata,2012
548368,2012-05-14,Chennai Super Kings,Kolkata Knight Riders,MEK Hussey,Chennai Super Kings,field,Eden Gardens,Kolkata,2012
548369,2012-05-15,Kings XI Punjab,Delhi Daredevils,UT Yadav,Kings XI Punjab,bat,Feroz Shah Kotla,Delhi,2012
548369,2012-05-15,Delhi Daredevils,Kings XI Punjab,UT Yadav,Kings XI Punjab,bat,Feroz Shah Kotla,Delhi,2012
548370,2012-05-16,Kolkata Knight Riders,Mumbai Indians,SP Narine,Mumbai Indians,field,Wankhede Stadium,Mumbai,2012
548370,2012-05-16,Mumbai Indians,Kolkata Knight Riders,SP Narine,Mumbai Indians,field,Wankhede Stadium,Mumbai,2012
548371,2012-05-17,Chennai Super Kings,Kings XI Punjab,AC Gilchrist,Kings XI Punjab,field,Himachal Pradesh Cricket Association Stadium,Dharamsala,2012
548371,2012-05-17,Kings XI Punjab,Chennai Super Kings,AC Gilchrist,Kings XI Punjab,field,Himachal Pradesh Cricket Association Stadium,Dharamsala,2012
548372,2012-05-17,Royal Challengers Bangalore,Delhi Daredevils,CH Gayle,Delhi Daredevils,field,Feroz Shah Kotla,Delhi,2012
548372,2012-05-17,Delhi Daredevils,Royal Challengers Bangalore,CH Gayle,Delhi Daredevils,field,Feroz Shah Kotla,Delhi,2012
548373,2012-05-18,Rajasthan Royals,Deccan Chargers,DW Steyn,Rajasthan Royals,bat,"Rajiv Gandhi International Stadium, Uppal",Hyderabad,2012
548373,2012-05-18,Deccan Chargers,Rajasthan Royals,DW Steyn,Rajasthan Royals,bat,"Rajiv Gandhi International Stadium, Uppal",Hyderabad,2012
548374,2012-05-19,Kings XI Punjab,Delhi Daredevils,UT Yadav,Delhi Daredevils,field,Himachal Pradesh Cricket Association Stadium,Dharamsala,2012
548374,2012-05-19,Delhi Daredevils,Kings XI Punjab,UT Yadav,Delhi Daredevils,field,Himachal Pradesh Cricket Association Stadium,Dharamsala,2012
548375,2012-05-19,Kolkata Knight Riders,Pune Warriors,Shakib Al Hasan,Kolkata Knight Riders,bat,Subrata Roy Sahara Stadium,Pune,2012
548375,2012-05-19,Pune Warriors,Kolkata Knight Riders,Shakib Al Hasan,Kolkata Knight Riders,bat,Subrata Roy Sahara Stadium,Pune,2012
548376,2012-05-20,Deccan Chargers,Royal Challengers Bangalore,DW Steyn,Royal Challengers Bangalore,field,"Rajiv Gandhi International Stadium, Uppal",Hyderabad,2012
548376,2012-05-20,Royal Challengers Bangalore,Deccan Chargers,DW Steyn,Royal Challengers Bangalore,field,"Rajiv Gandhi International Stadium, Uppal",Hyderabad,2012
548377,2012-05-20,Rajasthan Royals,Mumbai Indians,DR Smith,Rajasthan Royals,bat,Sawai Mansingh Stadium,Jaipur,2012
548377,2012-05-20,Mumbai Indians,Rajasthan Royals,DR Smith,Rajasthan Royals,bat,Sawai Mansingh Stadium,Jaipur,2012
548378,2012-05-22,Kolkata Knight Riders,Delhi Daredevils,YK Pathan,Kolkata Knight Riders,bat,Subrata Roy Sahara Stadium,Pune,2012
548378,2012-05-22,Delhi Daredevils,Kolkata Knight Riders,YK Pathan,Kolkata Knight Riders,bat,Subrata Roy Sahara Stadium,Pune,2012
548379,2012-05-23,Chennai Super Kings,Mumbai Indians,MS Dhoni,Mumbai Indians,field,M Chinnaswamy Stadium,Bangalore,2012
548379,2012-05-23,Mumbai Indians,Chennai Super Kings,MS Dhoni,Mumbai Indians,field,M Chinnaswamy Stadium,Bangalore,2012
548380,2012-05-25,Chennai Super Kings,Delhi Daredevils,M Vijay,Delhi Daredevils,field,"MA Chidambaram Stadium, Chepauk",Chennai,2012
548380,2012-05-25,Delhi Daredevils,Chennai Super Kings,M Vijay,Delhi Daredevils,field,"MA Chidambaram Stadium, Chepauk",Chennai,2012
548381,2012-05-27,Chennai Super Kings,Kolkata Knight Riders,MS Bisla,Chennai Super Kings,bat,"MA Chidambaram Stadium, Chepauk",Chennai,2012
548381,2012-05-27,Kolkata Knight Riders,Chennai Super Kings,MS Bisla,Chennai Super Kings,bat,"MA Chidambaram Stadium, Chepauk",Chennai,2012
597998,2013-04-03,Delhi Daredevils,Kolkata Knight Riders,SP Narine,Kolkata Knight Riders,field,Eden Gardens,Kolkata,2013
597998,2013-04-03,Kolkata Knight Riders,Delhi Daredevils,SP Narine,Kolkata Knight Riders,field,Eden Gardens,Kolkata,2013
597999,2013-04-04,Royal Challengers Bangalore,Mumbai Indians,CH Gayle,Mumbai Indians,field,M Chinnaswamy Stadium,Bangalore,2013
597999,2013-04-04,Mumbai Indians,Royal Challengers Bangalore,CH Gayle,Mumbai Indians,field,M Chinnaswamy Stadium,Bangalore,2013
598000,2013-04-05,Sunrisers Hyderabad,Pune Warriors,A Mishra,Pune Warriors,field,"Rajiv Gandhi International Stadium, Uppal",Hyderabad,2013
598000,2013-04-05,Pune Warriors,Sunrisers Hyderabad,A Mishra,Pune Warriors,field,"Rajiv Gandhi International Stadium, Uppal",Hyderabad,2013
598001,2013-04-06,Rajasthan Royals,Delhi Daredevils,R Dravid,Rajasthan Royals,bat,Feroz Shah Kotla,Delhi,2013
598001,2013-04-06,Delhi Daredevils,Rajasthan Royals,R Dravid,Rajasthan Royals,bat,Feroz Shah Kotla,Delhi,2013
598002,2013-04-06,Mumbai Indians,Chennai Super Kings,KA Pollard,Mumbai Indians,bat,"MA Chidambaram Stadium, Chepauk",Chennai,2013
598002,2013-04-06,Chennai Super Kings,Mumbai Indians,KA Pollard,Mumbai Indians,bat,"MA Chidambaram Stadium, Chepauk",Chennai,2013
598003,2013-04-07,Pune Warriors,Kings XI Punjab,M Vohra,Pune Warriors,bat,Subrata Roy Sahara Stadium,Pune,2013
598003,2013-04-07,Kings XI Punjab,Pune Warriors,M Vohra,Pune Warriors,bat,Subrata Roy Sahara Stadium,Pune,2013
598004,2013-04-07,Royal Challengers Bangalore,Sunrisers Hyderabad,GH Vihari,Royal Challengers Bangalore,bat,"Rajiv Gandhi International Stadium, Uppal",Hyderabad,2013
598004,2013-04-07,Sunrisers Hyderabad,Royal Challengers Bangalore,GH Vihari,Royal Challengers Bangalore,bat,"Rajiv Gandhi International Stadium, Uppal",Hyderabad,2013
598005,2013-04-08,Rajasthan Royals,Kolkata Knight Riders,SK Trivedi,Kolkata Knight Riders,field,Sawai Mansingh Stadium,Jaipur,2013
598005,2013-04-08,Kolkata Knight Riders,Rajasthan Royals,SK Trivedi,Kolkata Knight Riders,field,Sawai Mansingh Stadium,Jaipur,2013
598006,2013-04-09,Mumbai Indians,Delhi Daredevils,KD Karthik,Mumbai Indians,bat,Wankhede Stadium,Mumbai,2013
598006,2013-04-09,Delhi Daredevils,Mumbai Indians,KD Karthik,Mumbai Indians,bat,Wankhede Stadium,Mumbai,2013
598048,2013-04-09,Sunrisers Hyderabad,Royal Challengers Bangalore,V Kohli,Sunrisers Hyderabad,bat,M Chinnaswamy Stadium,Bangalore,2013
598048,2013-04-09,Royal Challengers Bangalore,Sunrisers Hyderabad,V Kohli,Sunrisers Hyderabad,bat,M Chinnaswamy Stadium,Bangalore,2013
598007,2013-04-10,Kings XI Punjab,Chennai Super Kings,MEK Hussey,Chennai Super Kings,field,"Punjab Cricket Association Stadium, Mohali",Chandigarh,2013
598007,2013-04-10,Chennai Super Kings,Kings XI Punjab,MEK Hussey,Chennai Super Kings,field,"Punjab Cricket Association Stadium, Mohali",Chandigarh,2013
598008,2013-04-11,Kolkata Knight Riders,Royal Challengers Bangalore,CH Gayle,Royal Challengers Bangalore,field,M Chinnaswamy Stadium,Bangalore,2013
598008,2013-04-11,Royal Challengers Bangalore,Kolkata Knight Riders,CH Gayle,Royal Challengers Bangalore,field,M Chinnaswamy Stadium,Bangalore,2013
598009,2013-04-11,Rajasthan Royals,Pune Warriors,AJ Finch,Rajasthan Royals,bat,Subrata Roy Sahara Stadium,Pune,2013
598009,2013-04-11,Pune Warriors,Rajasthan Royals,AJ Finch,Rajasthan Royals,bat,Subrata Roy Sahara Stadium,Pune,2013
598010,2013-04-12,Delhi Daredevils,Sunrisers Hyderabad,A Mishra,Delhi Daredevils,bat,Feroz Shah Kotla,Delhi,2013
598010,2013-04-12,Sunrisers Hyderabad,Delhi Daredevils,A Mishra,Delhi Daredevils,bat,Feroz Shah Kotla,Delhi,2013
598011,2013-04-13,Mumbai Indians,Pune Warriors,RG Sharma,Mumbai Indians,bat,Wankhede Stadium,Mumbai,2013
598011,2013-04-13,Pune Warriors,Mumbai Indians,RG Sharma,Mumbai Indians,bat,Wankhede Stadium,Mumbai,2013
598012,2013-04-13,Royal Challengers Bangalore,Chennai Super Kings,RA Jadeja,Chennai Super Kings,field,"MA Chidambaram Stadium, Chepauk",Chennai,2013
598012,2013-04-13,Chennai Super Kings,Royal Challengers Bangalore,RA Jadeja,Chennai Super Kings,field,"MA Chidambaram Stadium, Chepauk",Chennai,2013
598013,2013-04-14,Kolkata Knight Riders,Sunrisers Hyderabad,G Gambhir,Kolkata Knight Riders,bat,Eden Gardens,Kolkata,2013
598013,2013-04-14,Sunrisers Hyderabad,Kolkata Knight Riders,G Gambhir,Kolkata Knight Riders,bat,Eden Gardens,Kolkata,2013
598014,2013-04-14,Kings XI Punjab,Rajasthan Royals,JP Faulkner,Rajasthan Royals,field,Sawai Mansingh Stadium,Jaipur,2013
598014,2013-04-14,Rajasthan Royals,Kings XI Punjab,JP Faulkner,Rajasthan Royals,field,Sawai Mansingh Stadium,Jaipur,2013
598015,2013-04-15,Pune Warriors,Chennai Super Kings,SPD Smith,Pune Warriors,bat,"MA Chidambaram Stadium, Chepauk",Chennai,2013
598015,2013-04-15,Chennai Super Kings,Pune Warriors,SPD Smith,Pune Warriors,bat,"MA Chidambaram Stadium, Chepauk",Chennai,2013
598016,2013-04-16,Kings XI Punjab,Kolkata Knight Riders,MS Gony,Kolkata Knight Riders,field,"Punjab Cricket Association Stadium, Mohali",Chandigarh,2013
598016,2013-04-16,Kolkata Knight Riders,Kings XI Punjab,MS Gony,Kolkata Knight Riders,field,"Punjab Cricket Association Stadium, Mohali",Chandigarh,2013
598017,2013-04-16,Delhi Daredevils,Royal Challengers Bangalore,V Kohli,Royal Challengers Bangalore,field,M Chinnaswamy Stadium,Bangalore,2013
598017,2013-04-16,Royal Challengers Bangalore,Delhi Daredevils,V Kohli,Royal Challengers Bangalore,field,M Chinnaswamy Stadium,Bangalore,2013
598018,2013-04-17,Sunrisers Hyderabad,Pune Warriors,A Mishra,Pune Warriors,field,Maharashtra Cricket Association Stadium,Pune,2013
598018,2013-04-17,Pune Warriors,Sunrisers Hyderabad,A Mishra,Pune Warriors,field,Maharashtra Cricket Association Stadium,Pune,2013
598019,2013-04-17,Rajasthan Royals,Mumbai Indians,AM Rahane,Rajasthan Royals,bat,Sawai Mansingh Stadium,Jaipur,2013
598019,2013-04-17,Mumbai Indians,Rajasthan Royals,AM Rahane,Rajasthan Royals,bat,Sawai Mansingh Stadium,Jaipur,2013
598020,2013-04-18,Chennai Super Kings,Delhi Daredevils,MEK Hussey,Chennai Super Kings,bat,Feroz Shah Kotla,Delhi,2013
598020,2013-04-18,Delhi Daredevils,Chennai Super Kings,MEK Hussey,Chennai Super Kings,bat,Feroz Shah Kotla,Delhi,2013
598021,2013-04-19,Kings XI Punjab,Sunrisers Hyderabad,GH Vihari,Kings XI Punjab,bat,"Rajiv Gandhi International Stadium, Uppal",Hyderabad,2013
598021,2013-04-19,Sunrisers Hyderabad,Kings XI Punjab,GH Vihari,Kings XI Punjab,bat,"Rajiv Gandhi International Stadium, Uppal",Hyderabad,2013
598022,2013-04-20,Kolkata Knight Riders,Chennai Super Kings,RA Jadeja,Kolkata Knight Riders,bat,Eden Gardens,Kolkata,2013
598022,2013-04-20,Chennai Super Kings,Kolkata Knight Riders,RA Jadeja,Kolkata Knight Riders,bat,Eden Gardens,Kolkata,2013
598023,2013-04-20,Rajasthan Royals,Royal Challengers Bangalore,R Vinay Kumar,Royal Challengers Bangalore,field,M Chinnaswamy Stadium,Bangalore,2013
598023,2013-04-20,Royal Challengers Bangalore,Rajasthan Royals,R Vinay Kumar,Royal Challengers Bangalore,field,M Chinnaswamy Stadium,Bangalore,2013
598024,2013-04-21,Mumbai Indians,Delhi Daredevils,V Sehwag,Mumbai Indians,bat,Feroz Shah Kotla,Delhi,2013
598024,2013-04-21,Delhi Daredevils,Mumbai Indians,V Sehwag,Mumbai Indians,bat,Feroz Shah Kotla,Delhi,2013
598025,2013-04-21,Pune Warriors,Kings XI Punjab,DA Miller,Kings XI Punjab,field,"Punjab Cricket Association Stadium, Mohali",Chandigarh,2013
598025,2013-04-21,Kings XI Punjab,Pune Warriors,DA Miller,Kings XI Punjab,field,"Punjab Cricket Association Stadium, Mohali",Chandigarh,2013
598026,2013-04-22,Rajasthan Royals,Chennai Super Kings,MEK Hussey,Rajasthan Royals,bat,"MA Chidambaram Stadium, Chepauk",Chennai,2013
598026,2013-04-22,Chennai Super Kings,Rajasthan Royals,MEK Hussey,Rajasthan Royals,bat,"MA Chidambaram Stadium, Chepauk",Chennai,2013
598027,2013-04-23,Royal Challengers Bangalore,Pune Warriors,CH Gayle,Pune Warriors,field,M Chinnaswamy Stadium,Bangalore,2013
598027,2013-04-23,Pune Warriors,Royal Challengers Bangalore,CH Gayle,Pune Warriors,field,M Chinnaswamy Stadium,Bangalore,2013
598059,2013-04-23,Delhi Daredevils,Kings XI Punjab,Harmeet Singh,Kings XI Punjab,field,Feroz Shah Kotla,Delhi,2013
598059,2013-04-23,Kings XI Punjab,Delhi Daredevils,Harmeet Singh,Kings XI Punjab,field,Feroz Shah Kotla,Delhi,2013
598029,2013-04-24,Kolkata Knight Riders,Mumbai Indians,DR Smith,Kolkata Knight Riders,bat,Eden Gardens,Kolkata,2013
598029,2013-04-24,Mumbai Indians,Kolkata Knight Riders,DR Smith,Kolkata Knight Riders,bat,Eden Gardens,Kolkata,2013
598030,2013-04-25,Sunrisers Hyderabad,Chennai Super Kings,MS Dhoni,Sunrisers Hyderabad,bat,"MA Chidambaram Stadium, Chepauk",Chennai,2013
598030,2013-04-25,Chennai Super Kings,Sunrisers Hyderabad,MS Dhoni,Sunrisers Hyderabad,bat,"MA Chidambaram Stadium, Chepauk",Chennai,2013
598031,2013-04-26,Kings XI Punjab,Kolkata Knight Riders,JH Kallis,Kings XI Punjab,bat,Eden Gardens,Kolkata,2013
598031,2013-04-26,Kolkata Knight Riders,Kings XI Punjab,JH Kallis,Kings XI Punjab,bat,Eden Gardens,Kolkata,2013
598032,2013-04-27,Sunrisers Hyderabad,Rajasthan Royals,JP Faulkner,Sunrisers Hyderabad,bat,Sawai Mansingh Stadium,Jaipur,2013
598032,2013-04-27,Rajasthan Royals,Sunrisers Hyderabad,JP Faulkner,Sunrisers Hyderabad,bat,Sawai Mansingh Stadium,Jaipur,2013
598033,2013-04-27,Mumbai Indians,Royal Challengers Bangalore,DR Smith,Mumbai Indians,bat,Wankhede Stadium,Mumbai,2013
598033,2013-04-27,Royal Challengers Bangalore,Mumbai Indians,DR Smith,Mumbai Indians,bat,Wankhede Stadium,Mumbai,2013
598034,2013-04-28,Chennai Super Kings,Kolkata Knight Riders,MEK Hussey,Kolkata Knight Riders,field,"MA Chidambaram Stadium, Chepauk",Chennai,2013
598034,2013-04-28,Kolkata Knight Riders,Chennai Super Kings,MEK Hussey,Kolkata Knight Riders,field,"MA Chidambaram Stadium, Chepauk",Chennai,2013
598035,2013-04-28,Delhi Daredevils,Pune Warriors,DA Warner,Pune Warriors,field,Shaheed Veer Narayan Singh International Stadium,Raipur,2013
598035,2013-04-28,Pune Warriors,Delhi Daredevils,DA Warner,Pune Warriors,field,Shaheed Veer Narayan Singh International Stadium,Raipur,2013
598036,2013-04-29,Royal Challengers Bangalore,Rajasthan Royals,SV Samson,Rajasthan Royals,field,Sawai Mansingh Stadium,Jaipur,2013
598036,2013-04-29,Rajasthan Royals,Royal Challengers Bangalore,SV Samson,Rajasthan Royals,field,Sawai Mansingh Stadium,Jaipur,2013
598037,2013-04-29,Mumbai Indians,Kings XI Punjab,RG Sharma,Mumbai Indians,bat,Wankhede Stadium,Mumbai,2013
598037,2013-04-29,Kings XI Punjab,Mumbai Indians,RG Sharma,Mumbai Indians,bat,Wankhede Stadium,Mumbai,2013
598038,2013-04-30,Chennai Super Kings,Pune Warriors,MS Dhoni,Chennai Super Kings,bat,Subrata Roy Sahara Stadium,Pune,2013
598038,2013-04-30,Pune Warriors,Chennai Super Kings,MS Dhoni,Chennai Super Kings,bat,Subrata Roy Sahara Stadium,Pune,2013
598039,2013-05-01,Mumbai Indians,Sunrisers Hyderabad,I Sharma,Mumbai Indians,bat,"Rajiv Gandhi International Stadium, Uppal",Hyderabad,2013
598039,2013-05-01,Sunrisers Hyderabad,Mumbai Indians,I Sharma,Mumbai Indians,bat,"Rajiv Gandhi International Stadium, Uppal",Hyderabad,2013
598040,2013-05-01,Kolkata Knight Riders,Delhi Daredevils,DA Warner,Kolkata Knight Riders,bat,Shaheed Veer Narayan Singh International Stadium,Raipur,2013
598040,2013-05-01,Delhi Daredevils,Kolkata Knight Riders,DA Warner,Kolkata Knight Riders,bat,Shaheed Veer Narayan Singh International Stadium,Raipur,2013
598041,2013-05-02,Chennai Super Kings,Kings XI Punjab,SK Raina,Chennai Super Kings,bat,"MA Chidambaram Stadium, Chepauk",Chennai,2013
598041,2013-05-02,Kings XI Punjab,Chennai Super Kings,SK Raina,Chennai Super Kings,bat,"MA Chidambaram Stadium, Chepauk",Chennai,2013
598042,2013-05-02,Royal Challengers Bangalore,Pune Warriors,AB de Villiers,Royal Challengers Bangalore,bat,Subrata Roy Sahara Stadium,Pune,2013
598042,2013-05-02,Pune Warriors,Royal Challengers Bangalore,AB de Villiers,Royal Challengers Bangalore,bat,Subrata Roy Sahara Stadium,Pune,2013
598043,2013-05-03,Rajasthan Royals,Kolkata Knight Riders,YK Pathan,Rajasthan Royals,bat,Eden Gardens,Kolkata,2013
598043,2013-05-03,Kolkata Knight Riders,Rajasthan Royals,YK Pathan,Rajasthan Royals,bat,Eden Gardens,Kolkata,2013
598044,2013-05-04,Delhi Daredevils,Sunrisers Hyderabad,DJG Sammy,Delhi Daredevils,bat,"Rajiv Gandhi International Stadium, Uppal",Hyderabad,2013
598044,2013-05-04,Sunrisers Hyderabad,Delhi Daredevils,DJG Sammy,Delhi Daredevils,bat,"Rajiv Gandhi International Stadium, Uppal",Hyderabad,2013
598046,2013-05-05,Mumbai Indians,Chennai Super Kings,MG Johnson,Mumbai Indians,bat,Wankhede Stadium,Mumbai,2013
598046,2013-05-05,Chennai Super Kings,Mumbai Indians,MG Johnson,Mumbai Indians,bat,Wankhede Stadium,Mumbai,2013
598047,2013-05-05,Pune Warriors,Rajasthan Royals,AM Rahane,Pune Warriors,bat,Sawai Mansingh Stadium,Jaipur,2013
598047,2013-05-05,Rajasthan Royals,Pune Warriors,AM Rahane,Pune Warriors,bat,Sawai Mansingh Stadium,Jaipur,2013
598064,2013-05-06,Royal Challengers Bangalore,Kings XI Punjab,DA Miller,Kings XI Punjab,field,"Punjab Cricket Association Stadium, Mohali",Chandigarh,2013
598064,2013-05-06,Kings XI Punjab,Royal Challengers Bangalore,DA Miller,Kings XI Punjab,field,"Punjab Cricket Association Stadium, Mohali",Chandigarh,2013
598049,2013-05-07,Delhi Daredevils,Rajasthan Royals,AM Rahane,Delhi Daredevils,bat,Sawai Mansingh Stadium,Jaipur,2013
598049,2013-05-07,Rajasthan Royals,Delhi Daredevils,AM Rahane,Delhi Daredevils,bat,Sawai Mansingh Stadium,Jaipur,2013
598050,2013-05-07,Mumbai Indians,Kolkata Knight Riders,SR Tendulkar,Mumbai Indians,bat,Wankhede Stadium,Mumbai,2013
598050,2013-05-07,Kolkata Knight Riders,Mumbai Indians,SR Tendulkar,Mumbai Indians,bat,Wankhede Stadium,Mumbai,2013
598051,2013-05-08,Chennai Super Kings,Sunrisers Hyderabad,SK Raina,Sunrisers Hyderabad,field,"Rajiv Gandhi International Stadium, Uppal",Hyderabad,2013
598051,2013-05-08,Sunrisers Hyderabad,Chennai Super Kings,SK Raina,Sunrisers Hyderabad,field,"Rajiv Gandhi International Stadium, Uppal",Hyderabad,2013
598052,2013-05-09,Kings XI Punjab,Rajasthan Royals,KK Cooper,Rajasthan Royals,field,"Punjab Cricket Association Stadium, Mohali",Chandigarh,2013
598052,2013-05-09,Rajasthan Royals,Kings XI Punjab,KK Cooper,Rajasthan Royals,field,"Punjab Cricket Association Stadium, Mohali",Chandigarh,2013
598053,2013-05-09,Kolkata Knight Riders,Pune Warriors,G Gambhir,Kolkata Knight Riders,bat,Subrata Roy Sahara Stadium,Pune,2013
598053,2013-05-09,Pune Warriors,Kolkata Knight Riders,G Gambhir,Kolkata Knight Riders,bat,Subrata Roy Sahara Stadium,Pune,2013
598054,2013-05-10,Royal Challengers Bangalore,Delhi Daredevils,JD Unadkat,Delhi Daredevils,field,Feroz Shah Kotla,Delhi,2013
598054,2013-05-10,Delhi Daredevils,Royal Challengers Bangalore,JD Unadkat,Delhi Daredevils,field,Feroz Shah Kotla,Delhi,2013
598055,2013-05-11,Pune Warriors,Mumbai Indians,MG Johnson,Pune Warriors,bat,Subrata Roy Sahara Stadium,Pune,2013
598055,2013-05-11,Mumbai Indians,Pune Warriors,MG Johnson,Pune Warriors,bat,Subrata Roy Sahara Stadium,Pune,2013
598056,2013-05-11,Sunrisers Hyderabad,Kings XI Punjab,PA Patel,Kings XI Punjab,field,"Punjab Cricket Association Stadium, Mohali",Chandigarh,2013
598056,2013-05-11,Kings XI Punjab,Sunrisers Hyderabad,PA Patel,Kings XI Punjab,field,"Punjab Cricket Association Stadium, Mohali",Chandigarh,2013
598057,2013-05-12,Royal Challengers Bangalore,Kolkata Knight Riders,JH Kallis,Kolkata Knight Riders,field,JSCA International Stadium Complex,Ranchi,2013
598057,2013-05-12,Kolkata Knight Riders,Royal Challengers Bangalore,JH Kallis,Kolkata Knight Riders,field,JSCA International Stadium Complex,Ranchi,2013
598058,2013-05-12,Chennai Super Kings,Rajasthan Royals,SR Watson,Rajasthan Royals,field,Sawai Mansingh Stadium,Jaipur,2013
598058,2013-05-12,Rajasthan Royals,Chennai Super Kings,SR Watson,Rajasthan Royals,field,Sawai Mansingh Stadium,Jaipur,2013
598060,2013-05-13,Sunrisers Hyderabad,Mumbai Indians,KA Pollard,Sunrisers Hyderabad,bat,Wankhede Stadium,Mumbai,2013
598060,2013-05-13,Mumbai Indians,Sunrisers Hyderabad,KA Pollard,Sunrisers Hyderabad,bat,Wankhede Stadium,Mumbai,2013
598045,2013-05-14,Royal Challengers Bangalore,Kings XI Punjab,AC Gilchrist,Kings XI Punjab,field,M Chinnaswamy Stadium,Bangalore,2013
598045,2013-05-14,Kings XI Punjab,Royal Challengers Bangalore,AC Gilchrist,Kings XI Punjab,field,M Chinnaswamy Stadium,Bangalore,2013
598062,2013-05-14,Chennai Super Kings,Delhi Daredevils,MS Dhoni,Chennai Super Kings,bat,"MA Chidambaram Stadium, Chepauk",Chennai,2013
598062,2013-05-14,Delhi Daredevils,Chennai Super Kings,MS Dhoni,Chennai Super Kings,bat,"MA Chidambaram Stadium, Chepauk",Chennai,2013
598061,2013-05-15,Pune Warriors,Kolkata Knight Riders,MK Pandey,Kolkata Knight Riders,field,JSCA International Stadium Complex,Ranchi,2013
598061,2013-05-15,Kolkata Knight Riders,Pune Warriors,MK Pandey,Kolkata Knight Riders,field,JSCA International Stadium Complex,Ranchi,2013
598063,2013-05-15,Mumbai Indians,Rajasthan Royals,AP Tare,Rajasthan Royals,field,Wankhede Stadium,Mumbai,2013
598063,2013-05-15,Rajasthan Royals,Mumbai Indians,AP Tare,Rajasthan Royals,field,Wankhede Stadium,Mumbai,2013
598028,2013-05-16,Kings XI Punjab,Delhi Daredevils,DA Miller,Delhi Daredevils,field,Himachal Pradesh Cricket Association Stadium,Dharamsala,2013
598028,2013-05-16,Delhi Daredevils,Kings XI Punjab,DA Miller,Delhi Daredevils,field,Himachal Pradesh Cricket Association Stadium,Dharamsala,2013
598065,2013-05-17,Sunrisers Hyderabad,Rajasthan Royals,A Mishra,Sunrisers Hyderabad,bat,"Rajiv Gandhi International Stadium, Uppal",Hyderabad,2013
598065,2013-05-17,Rajasthan Royals,Sunrisers Hyderabad,A Mishra,Sunrisers Hyderabad,bat,"Rajiv Gandhi International Stadium, Uppal",Hyderabad,2013
598066,2013-05-18,Kings XI Punjab,Mumbai Indians,Azhar Mahmood,Mumbai Indians,field,Himachal Pradesh Cricket Association Stadium,Dharamsala,2013
598066,2013-05-18,Mumbai Indians,Kings XI Punjab,Azhar Mahmood,Mumbai Indians,field,Himachal Pradesh Cricket Association Stadium,Dharamsala,2013
598068,2013-05-18,Royal Challengers Bangalore,Chennai Super Kings,V Kohli,Chennai Super Kings,field,M Chinnaswamy Stadium,Bangalore,2013
598068,2013-05-18,Chennai Super Kings,Royal Challengers Bangalore,V Kohli,Chennai Super Kings,field,M Chinnaswamy Stadium,Bangalore,2013
598067,2013-05-19,Pune Warriors,Delhi Daredevils,LJ Wright,Pune Warriors,bat,Subrata Roy Sahara Stadium,Pune,2013
598067,2013-05-19,Delhi Daredevils,Pune Warriors,LJ Wright,Pune Warriors,bat,Subrata Roy Sahara Stadium,Pune,2013
598069,2013-05-19,Kolkata Knight Riders,Sunrisers Hyderabad,PA Patel,Kolkata Knight Riders,bat,"Rajiv Gandhi International Stadium, Uppal",Hyderabad,2013
598069,2013-05-19,Sunrisers Hyderabad,Kolkata Knight Riders,PA Patel,Kolkata Knight Riders,bat,"Rajiv Gandhi International Stadium, Uppal",Hyderabad,2013
598070,2013-05-21,Chennai Super Kings,Mumbai Indians,MEK Hussey,Chennai Super Kings,bat,Feroz Shah Kotla,Delhi,2013
598070,2013-05-21,Mumbai Indians,Chennai Super Kings,MEK Hussey,Chennai Super Kings,bat,Feroz Shah Kotla,Delhi,2013
598071,2013-05-22,Sunrisers Hyderabad,Rajasthan Royals,BJ Hodge,Sunrisers Hyderabad,bat,Feroz Shah Kotla,Delhi,2013
598071,2013-05-22,Rajasthan Royals,Sunrisers Hyderabad,BJ Hodge,Sunrisers Hyderabad,bat,Feroz Shah Kotla,Delhi,2013
598072,2013-05-24,Rajasthan Royals,Mumbai Indians,Harbhajan Singh,Rajasthan Royals,bat,Eden Gardens,Kolkata,2013
598072,2013-05-24,Mumbai Indians,Rajasthan Royals,Harbhajan Singh,Rajasthan Royals,bat,Eden Gardens,Kolkata,2013
598073,2013-05-26,Mumbai Indians,Chennai Super Kings,KA Pollard,Mumbai Indians,bat,Eden Gardens,Kolkata,2013
598073,2013-05-26,Chennai Super Kings,Mumbai Indians,KA Pollard,Mumbai Indians,bat,Eden Gardens,Kolkata,2013
729279,2014-04-16,Kolkata Knight Riders,Mumbai Indians,JH Kallis,Kolkata Knight Riders,bat,Sheikh Zayed Stadium,Abu Dhabi,2014
729279,2014-04-16,Mumbai Indians,Kolkata Knight Riders,JH Kallis,Kolkata Knight Riders,bat,Sheikh Zayed Stadium,Abu Dhabi,2014
729281,2014-04-17,Delhi Daredevils,Royal Challengers Bangalore,YS Chahal,Royal Challengers Bangalore,field,Sharjah Cricket Stadium,Unknown,2014
729281,2014-04-17,Royal Challengers Bangalore,Delhi Daredevils,YS Chahal,Royal Challengers Bangalore,field,Sharjah Cricket Stadium,Unknown,2014
729283,2014-04-18,Chennai Super Kings,Kings XI Punjab,GJ Maxwell,Chennai Super Kings,bat,Sheikh Zayed Stadium,Abu Dhabi,2014
729283,2014-04-18,Kings XI Punjab,Chennai Super Kings,GJ Maxwell,Chennai Super Kings,bat,Sheikh Zayed Stadium,Abu Dhabi,2014
729285,2014-04-18,Sunrisers Hyderabad,Rajasthan Royals,AM Rahane,Rajasthan Royals,field,Sheikh Zayed Stadium,Abu Dhabi,2014
729285,2014-04-18,Rajasthan Royals,Sunrisers Hyderabad,AM Rahane,Rajasthan Royals,field,Sheikh Zayed Stadium,Abu Dhabi,2014
729287,2014-04-19,Mumbai Indians,Royal Challengers Bangalore,PA Patel,Royal Challengers Bangalore,field,Dubai International Cricket Stadium,Unknown,2014
729287,2014-04-19,Royal Challengers Bangalore,Mumbai Indians,PA Patel,Royal Challengers Bangalore,field,Dubai International Cricket Stadium,Unknown,2014
729289,2014-04-19,Kolkata Knight Riders,Delhi Daredevils,JP Duminy,Kolkata Knight Riders,bat,Dubai International Cricket Stadium,Unknown,2014
729289,2014-04-19,Delhi Daredevils,Kolkata Knight Riders,JP Duminy,Kolkata Knight Riders,bat,Dubai International Cricket Stadium,Unknown,2014
729291,2014-04-20,Rajasthan Royals,Kings XI Punjab,GJ Maxwell,Kings XI Punjab,field,Sharjah Cricket Stadium,Unknown,2014
729291,2014-04-20,Kings XI Punjab,Rajasthan Royals,GJ Maxwell,Kings XI Punjab,field,Sharjah Cricket Stadium,Unknown,2014
729293,2014-04-21,Chennai Super Kings,Delhi Daredevils,SK Raina,Chennai Super Kings,bat,Sheikh Zayed Stadium,Abu Dhabi,2014
729293,2014-04-21,Delhi Daredevils,Chennai Super Kings,SK Raina,Chennai Super Kings,bat,Sheikh Zayed Stadium,Abu Dhabi,2014
729295,2014-04-22,Kings XI Punjab,Sunrisers Hyderabad,GJ Maxwell,Sunrisers Hyderabad,field,Sharjah Cricket Stadium,Unknown,2014
729295,2014-04-22,Sunrisers Hyderabad,Kings XI Punjab,GJ Maxwell,Sunrisers Hyderabad,field,Sharjah Cricket Stadium,Unknown,2014
729297,2014-04-23,Chennai Super Kings,Rajasthan Royals,RA Jadeja,Rajasthan Royals,field,Dubai International Cricket Stadium,Unknown,2014
729297,2014-04-23,Rajasthan Royals,Chennai Super Kings,RA Jadeja,Rajasthan Royals,field,Dubai International Cricket Stadium,Unknown,2014
729299,2014-04-24,Kolkata Knight Riders,Royal Challengers Bangalore,CA Lynn,Royal Challengers Bangalore,field,Sharjah Cricket Stadium,Unknown,2014
729299,2014-04-24,Royal Challengers Bangalore,Kolkata Knight Riders,CA Lynn,Royal Challengers Bangalore,field,Sharjah Cricket Stadium,Unknown,2014
729301,2014-04-25,Sunrisers Hyderabad,Delhi Daredevils,AJ Finch,Sunrisers Hyderabad,bat,Dubai International Cricket Stadium,Unknown,2014
729301,2014-04-25,Delhi Daredevils,Sunrisers Hyderabad,AJ Finch,Sunrisers Hyderabad,bat,Dubai International Cricket Stadium,Unknown,2014
729303,2014-04-25,Mumbai Indians,Chennai Super Kings,MM Sharma,Mumbai Indians,bat,Dubai International Cricket Stadium,Unknown,2014
729303,2014-04-25,Chennai Super Kings,Mumbai Indians,MM Sharma,Mumbai Indians,bat,Dubai International Cricket Stadium,Unknown,2014
729305,2014-04-26,Royal Challengers Bangalore,Rajasthan Royals,PV Tambe,Rajasthan Royals,field,Sheikh Zayed Stadium,Abu Dhabi,2014
729305,2014-04-26,Rajasthan Royals,Royal Challengers Bangalore,PV Tambe,Rajasthan Royals,field,Sheikh Zayed Stadium,Abu Dhabi,2014
729307,2014-04-26,Kings XI Punjab,Kolkata Knight Riders,Sandeep Sharma,Kolkata Knight Riders,field,Sheikh Zayed Stadium,Abu Dhabi,2014
729307,2014-04-26,Kolkata Knight Riders,Kings XI Punjab,Sandeep Sharma,Kolkata Knight Riders,field,Sheikh Zayed Stadium,Abu Dhabi,2014
729309,2014-04-27,Mumbai Indians,Delhi Daredevils,M Vijay,Mumbai Indians,bat,Sharjah Cricket Stadium,Unknown,2014
729309,2014-04-27,Delhi Daredevils,Mumbai Indians,M Vijay,Mumbai Indians,bat,Sharjah Cricket Stadium,Unknown,2014
729311,2014-04-27,Sunrisers Hyderabad,Chennai Super Kings,DR Smith,Sunrisers Hyderabad,bat,Sharjah Cricket Stadium,Unknown,2014
729311,2014-04-27,Chennai Super Kings,Sunrisers Hyderabad,DR Smith,Sunrisers Hyderabad,bat,Sharjah Cricket Stadium,Unknown,2014
729313,2014-04-28,Royal Challengers Bangalore,Kings XI Punjab,Sandeep Sharma,Kings XI Punjab,field,Dubai International Cricket Stadium,Unknown,2014
729313,2014-04-28,Kings XI Punjab,Royal Challengers Bangalore,Sandeep Sharma,Kings XI Punjab,field,Dubai International Cricket Stadium,Unknown,2014
729315,2014-04-29,Rajasthan Royals,Kolkata Knight Riders,JP Faulkner,Rajasthan Royals,bat,Sheikh Zayed Stadium,Abu Dhabi,2014
729315,2014-04-29,Kolkata Knight Riders,Rajasthan Royals,JP Faulkner,Rajasthan Royals,bat,Sheikh Zayed Stadium,Abu Dhabi,2014
729317,2014-04-30,Sunrisers Hyderabad,Mumbai Indians,B Kumar,Mumbai Indians,field,Dubai International Cricket Stadium,Unknown,2014
729317,2014-04-30,Mumbai Indians,Sunrisers Hyderabad,B Kumar,Mumbai Indians,field,Dubai International Cricket Stadium,Unknown,2014
733971,2014-05-02,Chennai Super Kings,Kolkata Knight Riders,RA Jadeja,Chennai Super Kings,bat,JSCA International Stadium Complex,Ranchi,2014
733971,2014-05-02,Kolkata Knight Riders,Chennai Super Kings,RA Jadeja,Chennai Super Kings,bat,JSCA International Stadium Complex,Ranchi,2014
733973,2014-05-03,Kings XI Punjab,Mumbai Indians,CJ Anderson,Kings XI Punjab,bat,Wankhede Stadium,Mumbai,2014
733973,2014-05-03,Mumbai Indians,Kings XI Punjab,CJ Anderson,Kings XI Punjab,bat,Wankhede Stadium,Mumbai,2014
733975,2014-05-03,Delhi Daredevils,Rajasthan Royals,KK Nair,Rajasthan Royals,field,Feroz Shah Kotla,Delhi,2014
733975,2014-05-03,Rajasthan Royals,Delhi Daredevils,KK Nair,Rajasthan Royals,field,Feroz Shah Kotla,Delhi,2014
733977,2014-05-04,Sunrisers Hyderabad,Royal Challengers Bangalore,AB de Villiers,Royal Challengers Bangalore,field,M Chinnaswamy Stadium,Bangalore,2014
733977,2014-05-04,Royal Challengers Bangalore,Sunrisers Hyderabad,AB de Villiers,Royal Challengers Bangalore,field,M Chinnaswamy Stadium,Bangalore,2014
733979,2014-05-05,Rajasthan Royals,Kolkata Knight Riders,PV Tambe,Kolkata Knight Riders,field,"Sardar Patel Stadium, Motera",Ahmedabad,2014
733979,2014-05-05,Kolkata Knight Riders,Rajasthan Royals,PV Tambe,Kolkata Knight Riders,field,"Sardar Patel Stadium, Motera",Ahmedabad,2014
733981,2014-05-05,Delhi Daredevils,Chennai Super Kings,DR Smith,Chennai Super Kings,field,Feroz Shah Kotla,Delhi,2014
733981,2014-05-05,Chennai Super Kings,Delhi Daredevils,DR Smith,Chennai Super Kings,field,Feroz Shah Kotla,Delhi,2014
733983,2014-05-06,Mumbai Indians,Royal Challengers Bangalore,RG Sharma,Royal Challengers Bangalore,field,Wankhede Stadium,Mumbai,2014
733983,2014-05-06,Royal Challengers Bangalore,Mumbai Indians,RG Sharma,Royal Challengers Bangalore,field,Wankhede Stadium,Mumbai,2014
733985,2014-05-07,Delhi Daredevils,Kolkata Knight Riders,G Gambhir,Delhi Daredevils,bat,Feroz Shah Kotla,Delhi,2014
733985,2014-05-07,Kolkata Knight Riders,Delhi Daredevils,G Gambhir,Delhi Daredevils,bat,Feroz Shah Kotla,Delhi,2014
733987,2014-05-07,Kings XI Punjab,Chennai Super Kings,GJ Maxwell,Chennai Super Kings,field,Barabati Stadium,Cuttack,2014
733987,2014-05-07,Chennai Super Kings,Kings XI Punjab,GJ Maxwell,Chennai Super Kings,field,Barabati Stadium,Cuttack,2014
733989,2014-05-08,Sunrisers Hyderabad,Rajasthan Royals,B Kumar,Rajasthan Royals,field,"Sardar Patel Stadium, Motera",Ahmedabad,2014
733989,2014-05-08,Rajasthan Royals,Sunrisers Hyderabad,B Kumar,Rajasthan Royals,field,"Sardar Patel Stadium, Motera",Ahmedabad,2014
733991,2014-05-09,Kings XI Punjab,Royal Challengers Bangalore,Sandeep Sharma,Royal Challengers Bangalore,field,M Chinnaswamy Stadium,Bangalore,2014
733991,2014-05-09,Royal Challengers Bangalore,Kings XI Punjab,Sandeep Sharma,Royal Challengers Bangalore,field,M Chinnaswamy Stadium,Bangalore,2014
733993,2014-05-10,Delhi Daredevils,Sunrisers Hyderabad,DW Steyn,Sunrisers Hyderabad,field,Feroz Shah Kotla,Delhi,2014
733993,2014-05-10,Sunrisers Hyderabad,Delhi Daredevils,DW Steyn,Sunrisers Hyderabad,field,Feroz Shah Kotla,Delhi,2014
733995,2014-05-10,Mumbai Indians,Chennai Super Kings,DR Smith,Chennai Super Kings,field,Wankhede Stadium,Mumbai,2014
733995,2014-05-10,Chennai Super Kings,Mumbai Indians,DR Smith,Chennai Super Kings,field,Wankhede Stadium,Mumbai,2014
733997,2014-05-11,Kings XI Punjab,Kolkata Knight Riders,G Gambhir,Kolkata Knight Riders,field,Barabati Stadium,Cuttack,2014
733997,2014-05-11,Kolkata Knight Riders,Kings XI Punjab,G Gambhir,Kolkata Knight Riders,field,Barabati Stadium,Cuttack,2014
733999,2014-05-11,Royal Challengers Bangalore,Rajasthan Royals,JP Faulkner,Royal Challengers Bangalore,bat,M Chinnaswamy Stadium,Bangalore,2014
733999,2014-05-11,Rajasthan Royals,Royal Challengers Bangalore,JP Faulkner,Royal Challengers Bangalore,bat,M Chinnaswamy Stadium,Bangalore,2014
734001,2014-05-12,Sunrisers Hyderabad,Mumbai Indians,AT Rayudu,Sunrisers Hyderabad,bat,"Rajiv Gandhi International Stadium, Uppal",Hyderabad,2014
734001,2014-05-12,Mumbai Indians,Sunrisers Hyderabad,AT Rayudu,Sunrisers Hyderabad,bat,"Rajiv Gandhi International Stadium, Uppal",Hyderabad,2014
734003,2014-05-13,Rajasthan Royals,Chennai Super Kings,RA Jadeja,Rajasthan Royals,bat,JSCA International Stadium Complex,Ranchi,2014
734003,2014-05-13,Chennai Super Kings,Rajasthan Royals,RA Jadeja,Rajasthan Royals,bat,JSCA International Stadium Complex,Ranchi,2014
734005,2014-05-13,Royal Challengers Bangalore,Delhi Daredevils,Yuvraj Singh,Delhi Daredevils,field,M Chinnaswamy Stadium,Bangalore,2014
734005,2014-05-13,Delhi Daredevils,Royal Challengers Bangalore,Yuvraj Singh,Delhi Daredevils,field,M Chinnaswamy Stadium,Bangalore,2014
734007,2014-05-14,Sunrisers Hyderabad,Kings XI Punjab,WP Saha,Kings XI Punjab,field,"Rajiv Gandhi International Stadium, Uppal",Hyderabad,2014
734007,2014-05-14,Kings XI Punjab,Sunrisers Hyderabad,WP Saha,Kings XI Punjab,field,"Rajiv Gandhi International Stadium, Uppal",Hyderabad,2014
734009,2014-05-14,Mumbai Indians,Kolkata Knight Riders,RV Uthappa,Kolkata Knight Riders,field,Barabati Stadium,Cuttack,2014
734009,2014-05-14,Kolkata Knight Riders,Mumbai Indians,RV Uthappa,Kolkata Knight Riders,field,Barabati Stadium,Cuttack,2014
734011,2014-05-15,Rajasthan Royals,Delhi Daredevils,AM Rahane,Delhi Daredevils,field,"Sardar Patel Stadium, Motera",Ahmedabad,2014
734011,2014-05-15,Delhi Daredevils,Rajasthan Royals,AM Rahane,Delhi Daredevils,field,"Sardar Patel Stadium, Motera",Ahmedabad,2014
734013,2014-05-18,Chennai Super Kings,Royal Challengers Bangalore,AB de Villiers,Chennai Super Kings,bat,JSCA International Stadium Complex,Ranchi,2014
734013,2014-05-18,Royal Challengers Bangalore,Chennai Super Kings,AB de Villiers,Chennai Super Kings,bat,JSCA International Stadium Complex,Ranchi,2014
734015,2014-05-18,Sunrisers Hyderabad,Kolkata Knight Riders,UT Yadav,Sunrisers Hyderabad,bat,"Rajiv Gandhi International Stadium, Uppal",Hyderabad,2014
734015,2014-05-18,Kolkata Knight Riders,Sunrisers Hyderabad,UT Yadav,Sunrisers Hyderabad,bat,"Rajiv Gandhi International Stadium, Uppal",Hyderabad,2014
734017,2014-05-19,Mumbai Indians,Rajasthan Royals,MEK Hussey,Mumbai Indians,bat,"Sardar Patel Stadium, Motera",Ahmedabad,2014
734017,2014-05-19,Rajasthan Royals,Mumbai Indians,MEK Hussey,Mumbai Indians,bat,"Sardar Patel Stadium, Motera",Ahmedabad,2014
734019,2014-05-19,Delhi Daredevils,Kings XI Punjab,AR Patel,Kings XI Punjab,field,Feroz Shah Kotla,Delhi,2014
734019,2014-05-19,Kings XI Punjab,Delhi Daredevils,AR Patel,Kings XI Punjab,field,Feroz Shah Kotla,Delhi,2014
734021,2014-05-20,Royal Challengers Bangalore,Sunrisers Hyderabad,DA Warner,Royal Challengers Bangalore,bat,"Rajiv Gandhi International Stadium, Uppal",Hyderabad,2014
734021,2014-05-20,Sunrisers Hyderabad,Royal Challengers Bangalore,DA Warner,Royal Challengers Bangalore,bat,"Rajiv Gandhi International Stadium, Uppal",Hyderabad,2014
734023,2014-05-20,Chennai Super Kings,Kolkata Knight Riders,RV Uthappa,Kolkata Knight Riders,field,Eden Gardens,Kolkata,2014
734023,2014-05-20,Kolkata Knight Riders,Chennai Super Kings,RV Uthappa,Kolkata Knight Riders,field,Eden Gardens,Kolkata,2014
734025,2014-05-21,Kings XI Punjab,Mumbai Indians,LMP Simmons,Mumbai Indians,field,"Punjab Cricket Association Stadium, Mohali",Chandigarh,2014
734025,2014-05-21,Mumbai Indians,Kings XI Punjab,LMP Simmons,Mumbai Indians,field,"Punjab Cricket Association Stadium, Mohali",Chandigarh,2014
734027,2014-05-22,Kolkata Knight Riders,Royal Challengers Bangalore,RV Uthappa,Royal Challengers Bangalore,field,Eden Gardens,Kolkata,2014
734027,2014-05-22,Royal Challengers Bangalore,Kolkata Knight Riders,RV Uthappa,Royal Challengers Bangalore,field,Eden Gardens,Kolkata,2014
734029,2014-05-22,Chennai Super Kings,Sunrisers Hyderabad,DA Warner,Sunrisers Hyderabad,field,JSCA International Stadium Complex,Ranchi,2014
734029,2014-05-22,Sunrisers Hyderabad,Chennai Super Kings,DA Warner,Sunrisers Hyderabad,field,JSCA International Stadium Complex,Ranchi,2014
734031,2014-05-23,Mumbai Indians,Delhi Daredevils,MEK Hussey,Delhi Daredevils,field,Wankhede Stadium,Mumbai,2014
734031,2014-05-23,Delhi Daredevils,Mumbai Indians,MEK Hussey,Delhi Daredevils,field,Wankhede Stadium,Mumbai,2014
734033,2014-05-23,Kings XI Punjab,Rajasthan Royals,SE Marsh,Rajasthan Royals,field,"Punjab Cricket Association Stadium, Mohali",Chandigarh,2014
734033,2014-05-23,Rajasthan Royals,Kings XI Punjab,SE Marsh,Rajasthan Royals,field,"Punjab Cricket Association Stadium, Mohali",Chandigarh,2014
734035,2014-05-24,Royal Challengers Bangalore,Chennai Super Kings,MS Dhoni,Chennai Super Kings,field,M Chinnaswamy Stadium,Bangalore,2014
734035,2014-05-24,Chennai Super Kings,Royal Challengers Bangalore,MS Dhoni,Chennai Super Kings,field,M Chinnaswamy Stadium,Bangalore,2014
734037,2014-05-24,Sunrisers Hyderabad,Kolkata Knight Riders,YK Pathan,Kolkata Knight Riders,field,Eden Gardens,Kolkata,2014
734037,2014-05-24,Kolkata Knight Riders,Sunrisers Hyderabad,YK Pathan,Kolkata Knight Riders,field,Eden Gardens,Kolkata,2014
734039,2014-05-25,Delhi Daredevils,Kings XI Punjab,M Vohra,Kings XI Punjab,field,"Punjab Cricket Association Stadium, Mohali",Chandigarh,2014
734039,2014-05-25,Kings XI Punjab,Delhi Daredevils,M Vohra,Kings XI Punjab,field,"Punjab Cricket Association Stadium, Mohali",Chandigarh,2014
734041,2014-05-25,Rajasthan Royals,Mumbai Indians,CJ Anderson,Mumbai Indians,field,Wankhede Stadium,Mumbai,2014
734041,2014-05-25,Mumbai Indians,Rajasthan Royals,CJ Anderson,Mumbai Indians,field,Wankhede Stadium,Mumbai,2014
734043,2014-05-27,Kolkata Knight Riders,Kings XI Punjab,UT Yadav,Kings XI Punjab,field,Eden Gardens,Kolkata,2014
734043,2014-05-27,Kings XI Punjab,Kolkata Knight Riders,UT Yadav,Kings XI Punjab,field,Eden Gardens,Kolkata,2014
734045,2014-05-28,Mumbai Indians,Chennai Super Kings,SK Raina,Chennai Super Kings,field,Brabourne Stadium,Mumbai,2014
734045,2014-05-28,Chennai Super Kings,Mumbai Indians,SK Raina,Chennai Super Kings,field,Brabourne Stadium,Mumbai,2014
734047,2014-05-30,Kings XI Punjab,Chennai Super Kings,V Sehwag,Chennai Super Kings,field,Wankhede Stadium,Mumbai,2014
734047,2014-05-30,Chennai Super Kings,Kings XI Punjab,V Sehwag,Chennai Super Kings,field,Wankhede Stadium,Mumbai,2014
734049,2014-06-01,Kings XI Punjab,Kolkata Knight Riders,MK Pandey,Kolkata Knight Riders,field,M Chinnaswamy Stadium,Bangalore,2014
734049,2014-06-01,Kolkata Knight Riders,Kings XI Punjab,MK Pandey,Kolkata Knight Riders,field,M Chinnaswamy Stadium,Bangalore,2014
829705,2015-04-08,Mumbai Indians,Kolkata Knight Riders,M Morkel,Kolkata Knight Riders,field,Eden Gardens,Kolkata,2015
829705,2015-04-08,Kolkata Knight Riders,Mumbai Indians,M Morkel,Kolkata Knight Riders,field,Eden Gardens,Kolkata,2015
829707,2015-04-09,Chennai Super Kings,Delhi Daredevils,A Nehra,Delhi Daredevils,field,"MA Chidambaram Stadium, Chepauk",Chennai,2015
829707,2015-04-09,Delhi Daredevils,Chennai Super Kings,A Nehra,Delhi Daredevils,field,"MA Chidambaram Stadium, Chepauk",Chennai,2015
829709,2015-04-10,Rajasthan Royals,Kings XI Punjab,JP Faulkner,Kings XI Punjab,field,Maharashtra Cricket Association Stadium,Pune,2015
829709,2015-04-10,Kings XI Punjab,Rajasthan Royals,JP Faulkner,Kings XI Punjab,field,Maharashtra Cricket Association Stadium,Pune,2015
829711,2015-04-11,Chennai Super Kings,Sunrisers Hyderabad,BB McCullum,Chennai Super Kings,bat,"MA Chidambaram Stadium, Chepauk",Chennai,2015
829711,2015-04-11,Sunrisers Hyderabad,Chennai Super Kings,BB McCullum,Chennai Super Kings,bat,"MA Chidambaram Stadium, Chepauk",Chennai,2015
829713,2015-04-11,Kolkata Knight Riders,Royal Challengers Bangalore,CH Gayle,Royal Challengers Bangalore,field,Eden Gardens,Kolkata,2015
829713,2015-04-11,Royal Challengers Bangalore,Kolkata Knight Riders,CH Gayle,Royal Challengers Bangalore,field,Eden Gardens,Kolkata,2015
829715,2015-04-12,Delhi Daredevils,Rajasthan Royals,DJ Hooda,Rajasthan Royals,field,Feroz Shah Kotla,Delhi,2015
829715,2015-04-12,Rajasthan Royals,Delhi Daredevils,DJ Hooda,Rajasthan Royals,field,Feroz Shah Kotla,Delhi,2015
829717,2015-04-12,Kings XI Punjab,Mumbai Indians,GJ Bailey,Mumbai Indians,field,Wankhede Stadium,Mumbai,2015
829717,2015-04-12,Mumbai Indians,Kings XI Punjab,GJ Bailey,Mumbai Indians,field,Wankhede Stadium,Mumbai,2015
829719,2015-04-13,Royal Challengers Bangalore,Sunrisers Hyderabad,DA Warner,Sunrisers Hyderabad,field,M Chinnaswamy Stadium,Bangalore,2015
829719,2015-04-13,Sunrisers Hyderabad,Royal Challengers Bangalore,DA Warner,Sunrisers Hyderabad,field,M Chinnaswamy Stadium,Bangalore,2015
829721,2015-04-14,Mumbai Indians,Rajasthan Royals,SPD Smith,Mumbai Indians,bat,"Sardar Patel Stadium, Motera",Ahmedabad,2015
829721,2015-04-14,Rajasthan Royals,Mumbai Indians,SPD Smith,Mumbai Indians,bat,"Sardar Patel Stadium, Motera",Ahmedabad,2015
829725,2015-04-15,Kings XI Punjab,Delhi Daredevils,MA Agarwal,Kings XI Punjab,bat,Maharashtra Cricket Association Stadium,Pune,2015
829725,2015-04-15,Delhi Daredevils,Kings XI Punjab,MA Agarwal,Kings XI Punjab,bat,Maharashtra Cricket Association Stadium,Pune,2015
829727,2015-04-16,Sunrisers Hyderabad,Rajasthan Royals,AM Rahane,Rajasthan Royals,field,Dr. Y.S. Rajasekhara Reddy ACA-VDCA Cricket Stadium,Visakhapatnam,2015
829727,2015-04-16,Rajasthan Royals,Sunrisers Hyderabad,AM Rahane,Rajasthan Royals,field,Dr. Y.S. Rajasekhara Reddy ACA-VDCA Cricket Stadium,Visakhapatnam,2015
829729,2015-04-17,Mumbai Indians,Chennai Super Kings,A Nehra,Mumbai Indians,bat,Wankhede Stadium,Mumbai,2015
829729,2015-04-17,Chennai Super Kings,Mumbai Indians,A Nehra,Mumbai Indians,bat,Wankhede Stadium,Mumbai,2015
829731,2015-04-18,Delhi Daredevils,Sunrisers Hyderabad,JP Duminy,Delhi Daredevils,bat,Dr. Y.S. Rajasekhara Reddy ACA-VDCA Cricket Stadium,Visakhapatnam,2015
829731,2015-04-18,Sunrisers Hyderabad,Delhi Daredevils,JP Duminy,Delhi Daredevils,bat,Dr. Y.S. Rajasekhara Reddy ACA-VDCA Cricket Stadium,Visakhapatnam,2015
829733,2015-04-18,Kings XI Punjab,Kolkata Knight Riders,AD Russell,Kolkata Knight Riders,field,Maharashtra Cricket Association Stadium,Pune,2015
829733,2015-04-18,Kolkata Knight Riders,Kings XI Punjab,AD Russell,Kolkata Knight Riders,field,Maharashtra Cricket Association Stadium,Pune,2015
829735,2015-04-19,Chennai Super Kings,Rajasthan Royals,AM Rahane,Chennai Super Kings,bat,"Sardar Patel Stadium, Motera",Ahmedabad,2015
829735,2015-04-19,Rajasthan Royals,Chennai Super Kings,AM Rahane,Chennai Super Kings,bat,"Sardar Patel Stadium, Motera",Ahmedabad,2015
829737,2015-04-19,Mumbai Indians,Royal Challengers Bangalore,Harbhajan Singh,Royal Challengers Bangalore,field,M Chinnaswamy Stadium,Bangalore,2015
829737,2015-04-19,Royal Challengers Bangalore,Mumbai Indians,Harbhajan Singh,Royal Challengers Bangalore,field,M Chinnaswamy Stadium,Bangalore,2015
829739,2015-04-20,Delhi Daredevils,Kolkata Knight Riders,UT Yadav,Kolkata Knight Riders,field,Feroz Shah Kotla,Delhi,2015
829739,2015-04-20,Kolkata Knight Riders,Delhi Daredevils,UT Yadav,Kolkata Knight Riders,field,Feroz Shah Kotla,Delhi,2015
829741,2015-04-21,Rajasthan Royals,Kings XI Punjab,SE Marsh,Kings XI Punjab,field,"Sardar Patel Stadium, Motera",Ahmedabad,2015
829741,2015-04-21,Kings XI Punjab,Rajasthan Royals,SE Marsh,Kings XI Punjab,field,"Sardar Patel Stadium, Motera",Ahmedabad,2015
829743,2015-04-22,Sunrisers Hyderabad,Kolkata Knight Riders,DA Warner,Kolkata Knight Riders,field,Dr. Y.S. Rajasekhara Reddy ACA-VDCA Cricket Stadium,Visakhapatnam,2015
829743,2015-04-22,Kolkata Knight Riders,Sunrisers Hyderabad,DA Warner,Kolkata Knight Riders,field,Dr. Y.S. Rajasekhara Reddy ACA-VDCA Cricket Stadium,Visakhapatnam,2015
829745,2015-04-22,Chennai Super Kings,Royal Challengers Bangalore,SK Raina,Royal Challengers Bangalore,field,M Chinnaswamy Stadium,Bangalore,2015
829745,2015-04-22,Royal Challengers Bangalore,Chennai Super Kings,SK Raina,Royal Challengers Bangalore,field,M Chinnaswamy Stadium,Bangalore,2015
829747,2015-04-23,Delhi Daredevils,Mumbai Indians,SS Iyer,Mumbai Indians,field,Feroz Shah Kotla,Delhi,2015
829747,2015-04-23,Mumbai Indians,Delhi Daredevils,SS Iyer,Mumbai Indians,field,Feroz Shah Kotla,Delhi,2015
829749,2015-04-24,Rajasthan Royals,Royal Challengers Bangalore,MA Starc,Royal Challengers Bangalore,field,"Sardar Patel Stadium, Motera",Ahmedabad,2015
829749,2015-04-24,Royal Challengers Bangalore,Rajasthan Royals,MA Starc,Royal Challengers Bangalore,field,"Sardar Patel Stadium, Motera",Ahmedabad,2015
829751,2015-04-25,Mumbai Indians,Sunrisers Hyderabad,SL Malinga,Mumbai Indians,bat,Wankhede Stadium,Mumbai,2015
829751,2015-04-25,Sunrisers Hyderabad,Mumbai Indians,SL Malinga,Mumbai Indians,bat,Wankhede Stadium,Mumbai,2015
829753,2015-04-25,Chennai Super Kings,Kings XI Punjab,BB McCullum,Chennai Super Kings,bat,"MA Chidambaram Stadium, Chepauk",Chennai,2015
829753,2015-04-25,Kings XI Punjab,Chennai Super Kings,BB McCullum,Chennai Super Kings,bat,"MA Chidambaram Stadium, Chepauk",Chennai,2015
829757,2015-04-26,Delhi Daredevils,Royal Challengers Bangalore,VR Aaron,Royal Challengers Bangalore,field,Feroz Shah Kotla,Delhi,2015
829757,2015-04-26,Royal Challengers Bangalore,Delhi Daredevils,VR Aaron,Royal Challengers Bangalore,field,Feroz Shah Kotla,Delhi,2015
829759,2015-04-27,Sunrisers Hyderabad,Kings XI Punjab,TA Boult,Kings XI Punjab,field,"Punjab Cricket Association Stadium, Mohali",Chandigarh,2015
829759,2015-04-27,Kings XI Punjab,Sunrisers Hyderabad,TA Boult,Kings XI Punjab,field,"Punjab Cricket Association Stadium, Mohali",Chandigarh,2015
829765,2015-04-28,Chennai Super Kings,Kolkata Knight Riders,DJ Bravo,Kolkata Knight Riders,field,"MA Chidambaram Stadium, Chepauk",Chennai,2015
829765,2015-04-28,Kolkata Knight Riders,Chennai Super Kings,DJ Bravo,Kolkata Knight Riders,field,"MA Chidambaram Stadium, Chepauk",Chennai,2015
829763,2015-04-29,Royal Challengers Bangalore,Rajasthan Royals,Unknown,Rajasthan Royals,field,M Chinnaswamy Stadium,Bangalore,2015
829723,2015-04-30,Chennai Super Kings,Kolkata Knight Riders,AD Russell,Kolkata Knight Riders,field,Eden Gardens,Kolkata,2015
829723,2015-04-30,Kolkata Knight Riders,Chennai Super Kings,AD Russell,Kolkata Knight Riders,field,Eden Gardens,Kolkata,2015
829767,2015-05-01,Kings XI Punjab,Delhi Daredevils,NM Coulter-Nile,Delhi Daredevils,field,Feroz Shah Kotla,Delhi,2015
829767,2015-05-01,Delhi Daredevils,Kings XI Punjab,NM Coulter-Nile,Delhi Daredevils,field,Feroz Shah Kotla,Delhi,2015
829769,2015-05-01,Mumbai Indians,Rajasthan Royals,AT Rayudu,Rajasthan Royals,field,Wankhede Stadium,Mumbai,2015
829769,2015-05-01,Rajasthan Royals,Mumbai Indians,AT Rayudu,Rajasthan Royals,field,Wankhede Stadium,Mumbai,2015
829771,2015-05-02,Kolkata Knight Riders,Royal Challengers Bangalore,Mandeep Singh,Royal Challengers Bangalore,field,M Chinnaswamy Stadium,Bangalore,2015
829771,2015-05-02,Royal Challengers Bangalore,Kolkata Knight Riders,Mandeep Singh,Royal Challengers Bangalore,field,M Chinnaswamy Stadium,Bangalore,2015
829773,2015-05-02,Sunrisers Hyderabad,Chennai Super Kings,DA Warner,Chennai Super Kings,field,"Rajiv Gandhi International Stadium, Uppal",Hyderabad,2015
829773,2015-05-02,Chennai Super Kings,Sunrisers Hyderabad,DA Warner,Chennai Super Kings,field,"Rajiv Gandhi International Stadium, Uppal",Hyderabad,2015
829775,2015-05-03,Mumbai Indians,Kings XI Punjab,LMP Simmons,Mumbai Indians,bat,"Punjab Cricket Association Stadium, Mohali",Chandigarh,2015
829775,2015-05-03,Kings XI Punjab,Mumbai Indians,LMP Simmons,Mumbai Indians,bat,"Punjab Cricket Association Stadium, Mohali",Chandigarh,2015
829777,2015-05-03,Rajasthan Royals,Delhi Daredevils,AM Rahane,Delhi Daredevils,field,Brabourne Stadium,Mumbai,2015
829777,2015-05-03,Delhi Daredevils,Rajasthan Royals,AM Rahane,Delhi Daredevils,field,Brabourne Stadium,Mumbai,2015
829779,2015-05-04,Chennai Super Kings,Royal Challengers Bangalore,SK Raina,Chennai Super Kings,bat,"MA Chidambaram Stadium, Chepauk",Chennai,2015
829779,2015-05-04,Royal Challengers Bangalore,Chennai Super Kings,SK Raina,Chennai Super Kings,bat,"MA Chidambaram Stadium, Chepauk",Chennai,2015
829781,2015-05-04,Kolkata Knight Riders,Sunrisers Hyderabad,UT Yadav,Sunrisers Hyderabad,field,Eden Gardens,Kolkata,2015
829781,2015-05-04,Sunrisers Hyderabad,Kolkata Knight Riders,UT Yadav,Sunrisers Hyderabad,field,Eden Gardens,Kolkata,2015
829783,2015-05-05,Delhi Daredevils,Mumbai Indians,Harbhajan Singh,Delhi Daredevils,bat,Wankhede Stadium,Mumbai,2015
829783,2015-05-05,Mumbai Indians,Delhi Daredevils,Harbhajan Singh,Delhi Daredevils,bat,Wankhede Stadium,Mumbai,2015
829785,2015-05-06,Royal Challengers Bangalore,Kings XI Punjab,CH Gayle,Kings XI Punjab,field,M Chinnaswamy Stadium,Bangalore,2015
829785,2015-05-06,Kings XI Punjab,Royal Challengers Bangalore,CH Gayle,Kings XI Punjab,field,M Chinnaswamy Stadium,Bangalore,2015
829761,2015-05-07,Kolkata Knight Riders,Delhi Daredevils,PP Chawla,Kolkata Knight Riders,bat,Eden Gardens,Kolkata,2015
829761,2015-05-07,Delhi Daredevils,Kolkata Knight Riders,PP Chawla,Kolkata Knight Riders,bat,Eden Gardens,Kolkata,2015
829787,2015-05-07,Sunrisers Hyderabad,Rajasthan Royals,EJG Morgan,Rajasthan Royals,field,Brabourne Stadium,Mumbai,2015
829787,2015-05-07,Rajasthan Royals,Sunrisers Hyderabad,EJG Morgan,Rajasthan Royals,field,Brabourne Stadium,Mumbai,2015
829789,2015-05-08,Chennai Super Kings,Mumbai Indians,HH Pandya,Chennai Super Kings,bat,"MA Chidambaram Stadium, Chepauk",Chennai,2015
829789,2015-05-08,Mumbai Indians,Chennai Super Kings,HH Pandya,Chennai Super Kings,bat,"MA Chidambaram Stadium, Chepauk",Chennai,2015
829791,2015-05-09,Kings XI Punjab,Kolkata Knight Riders,AD Russell,Kings XI Punjab,bat,Eden Gardens,Kolkata,2015
829791,2015-05-09,Kolkata Knight Riders,Kings XI Punjab,AD Russell,Kings XI Punjab,bat,Eden Gardens,Kolkata,2015
829793,2015-05-09,Sunrisers Hyderabad,Delhi Daredevils,MC Henriques,Sunrisers Hyderabad,bat,Shaheed Veer Narayan Singh International Stadium,Raipur,2015
829793,2015-05-09,Delhi Daredevils,Sunrisers Hyderabad,MC Henriques,Sunrisers Hyderabad,bat,Shaheed Veer Narayan Singh International Stadium,Raipur,2015
829795,2015-05-10,Royal Challengers Bangalore,Mumbai Indians,AB de Villiers,Royal Challengers Bangalore,bat,Wankhede Stadium,Mumbai,2015
829795,2015-05-10,Mumbai Indians,Royal Challengers Bangalore,AB de Villiers,Royal Challengers Bangalore,bat,Wankhede Stadium,Mumbai,2015
829797,2015-05-10,Chennai Super Kings,Rajasthan Royals,RA Jadeja,Chennai Super Kings,bat,"MA Chidambaram Stadium, Chepauk",Chennai,2015
829797,2015-05-10,Rajasthan Royals,Chennai Super Kings,RA Jadeja,Chennai Super Kings,bat,"MA Chidambaram Stadium, Chepauk",Chennai,2015
829799,2015-05-11,Sunrisers Hyderabad,Kings XI Punjab,DA Warner,Sunrisers Hyderabad,bat,"Rajiv Gandhi International Stadium, Uppal",Hyderabad,2015
829799,2015-05-11,Kings XI Punjab,Sunrisers Hyderabad,DA Warner,Sunrisers Hyderabad,bat,"Rajiv Gandhi International Stadium, Uppal",Hyderabad,2015
829801,2015-05-12,Chennai Super Kings,Delhi Daredevils,Z Khan,Chennai Super Kings,bat,Shaheed Veer Narayan Singh International Stadium,Raipur,2015
829801,2015-05-12,Delhi Daredevils,Chennai Super Kings,Z Khan,Chennai Super Kings,bat,Shaheed Veer Narayan Singh International Stadium,Raipur,2015
829803,2015-05-13,Kings XI Punjab,Royal Challengers Bangalore,AR Patel,Royal Challengers Bangalore,field,"Punjab Cricket Association Stadium, Mohali",Chandigarh,2015
829803,2015-05-13,Royal Challengers Bangalore,Kings XI Punjab,AR Patel,Royal Challengers Bangalore,field,"Punjab Cricket Association Stadium, Mohali",Chandigarh,2015
829805,2015-05-14,Mumbai Indians,Kolkata Knight Riders,HH Pandya,Kolkata Knight Riders,field,Wankhede Stadium,Mumbai,2015
829805,2015-05-14,Kolkata Knight Riders,Mumbai Indians,HH Pandya,Kolkata Knight Riders,field,Wankhede Stadium,Mumbai,2015
829807,2015-05-15,Sunrisers Hyderabad,Royal Challengers Bangalore,V Kohli,Sunrisers Hyderabad,bat,"Rajiv Gandhi International Stadium, Uppal",Hyderabad,2015
829807,2015-05-15,Royal Challengers Bangalore,Sunrisers Hyderabad,V Kohli,Sunrisers Hyderabad,bat,"Rajiv Gandhi International Stadium, Uppal",Hyderabad,2015
829809,2015-05-16,Kings XI Punjab,Chennai Super Kings,P Negi,Kings XI Punjab,bat,"Punjab Cricket Association Stadium, Mohali",Chandigarh,2015
829809,2015-05-16,Chennai Super Kings,Kings XI Punjab,P Negi,Kings XI Punjab,bat,"Punjab Cricket Association Stadium, Mohali",Chandigarh,2015
829811,2015-05-16,Rajasthan Royals,Kolkata Knight Riders,SR Watson,Rajasthan Royals,bat,Brabourne Stadium,Mumbai,2015
829811,2015-05-16,Kolkata Knight Riders,Rajasthan Royals,SR Watson,Rajasthan Royals,bat,Brabourne Stadium,Mumbai,2015
829813,2015-05-17,Delhi Daredevils,Royal Challengers Bangalore,Unknown,Royal Challengers Bangalore,field,M Chinnaswamy Stadium,Bangalore,2015
829813,2015-05-17,Royal Challengers Bangalore,Delhi Daredevils,Unknown,Royal Challengers Bangalore,field,M Chinnaswamy Stadium,Bangalore,2015
829815,2015-05-17,Sunrisers Hyderabad,Mumbai Indians,MJ McClenaghan,Sunrisers Hyderabad,bat,"Rajiv Gandhi International Stadium, Uppal",Hyderabad,2015
829815,2015-05-17,Mumbai Indians,Sunrisers Hyderabad,MJ McClenaghan,Sunrisers Hyderabad,bat,"Rajiv Gandhi International Stadium, Uppal",Hyderabad,2015
829817,2015-05-19,Mumbai Indians,Chennai Super Kings,KA Pollard,Mumbai Indians,bat,Wankhede Stadium,Mumbai,2015
829817,2015-05-19,Chennai Super Kings,Mumbai Indians,KA Pollard,Mumbai Indians,bat,Wankhede Stadium,Mumbai,2015
829819,2015-05-20,Royal Challengers Bangalore,Rajasthan Royals,AB de Villiers,Royal Challengers Bangalore,bat,Maharashtra Cricket Association Stadium,Pune,2015
829819,2015-05-20,Rajasthan Royals,Royal Challengers Bangalore,AB de Villiers,Royal Challengers Bangalore,bat,Maharashtra Cricket Association Stadium,Pune,2015
829821,2015-05-22,Royal Challengers Bangalore,Chennai Super Kings,A Nehra,Chennai Super Kings,field,JSCA International Stadium Complex,Ranchi,2015
829821,2015-05-22,Chennai Super Kings,Royal Challengers Bangalore,A Nehra,Chennai Super Kings,field,JSCA International Stadium Complex,Ranchi,2015
829823,2015-05-24,Mumbai Indians,Chennai Super Kings,RG Sharma,Chennai Super Kings,field,Eden Gardens,Kolkata,2015
829823,2015-05-24,Chennai Super Kings,Mumbai Indians,RG Sharma,Chennai Super Kings,field,Eden Gardens,Kolkata,2015
980901,2016-04-09,Mumbai Indians,Rising Pune Supergiants,AM Rahane,Mumbai Indians,bat,Wankhede Stadium,Mumbai,2016
980901,2016-04-09,Rising Pune Supergiants,Mumbai Indians,AM Rahane,Mumbai Indians,bat,Wankhede Stadium,Mumbai,2016
980903,2016-04-10,Delhi Daredevils,Kolkata Knight Riders,AD Russell,Kolkata Knight Riders,field,Eden Gardens,Kolkata,2016
980903,2016-04-10,Kolkata Knight Riders,Delhi Daredevils,AD Russell,Kolkata Knight Riders,field,Eden Gardens,Kolkata,2016
980905,2016-04-11,Kings XI Punjab,Gujarat Lions,AJ Finch,Gujarat Lions,field,"Punjab Cricket Association IS Bindra Stadium, Mohali",Chandigarh,2016
980905,2016-04-11,Gujarat Lions,Kings XI Punjab,AJ Finch,Gujarat Lions,field,"Punjab Cricket Association IS Bindra Stadium, Mohali",Chandigarh,2016
980907,2016-04-12,Royal Challengers Bangalore,Sunrisers Hyderabad,AB de Villiers,Sunrisers Hyderabad,field,M Chinnaswamy Stadium,Bangalore,2016
980907,2016-04-12,Sunrisers Hyderabad,Royal Challengers Bangalore,AB de Villiers,Sunrisers Hyderabad,field,M Chinnaswamy Stadium,Bangalore,2016
980909,2016-04-13,Kolkata Knight Riders,Mumbai Indians,RG Sharma,Mumbai Indians,field,Eden Gardens,Kolkata,2016
980909,2016-04-13,Mumbai Indians,Kolkata Knight Riders,RG Sharma,Mumbai Indians,field,Eden Gardens,Kolkata,2016
980911,2016-04-14,Rising Pune Supergiants,Gujarat Lions,AJ Finch,Rising Pune Supergiants,bat,Saurashtra Cricket Association Stadium,Rajkot,2016
980911,2016-04-14,Gujarat Lions,Rising Pune Supergiants,AJ Finch,Rising Pune Supergiants,bat,Saurashtra Cricket Association Stadium,Rajkot,2016
980913,2016-04-15,Kings XI Punjab,Delhi Daredevils,A Mishra,Delhi Daredevils,field,Feroz Shah Kotla,Delhi,2016
980913,2016-04-15,Delhi Daredevils,Kings XI Punjab,A Mishra,Delhi Daredevils,field,Feroz Shah Kotla,Delhi,2016
980915,2016-04-16,Sunrisers Hyderabad,Kolkata Knight Riders,G Gambhir,Sunrisers Hyderabad,bat,"Rajiv Gandhi International Stadium, Uppal",Hyderabad,2016
980915,2016-04-16,Kolkata Knight Riders,Sunrisers Hyderabad,G Gambhir,Sunrisers Hyderabad,bat,"Rajiv Gandhi International Stadium, Uppal",Hyderabad,2016
980917,2016-04-16,Mumbai Indians,Gujarat Lions,AJ Finch,Gujarat Lions,field,Wankhede Stadium,Mumbai,2016
980917,2016-04-16,Gujarat Lions,Mumbai Indians,AJ Finch,Gujarat Lions,field,Wankhede Stadium,Mumbai,2016
980919,2016-04-17,Rising Pune Supergiants,Kings XI Punjab,M Vohra,Rising Pune Supergiants,bat,"Punjab Cricket Association IS Bindra Stadium, Mohali",Chandigarh,2016
980919,2016-04-17,Kings XI Punjab,Rising Pune Supergiants,M Vohra,Rising Pune Supergiants,bat,"Punjab Cricket Association IS Bindra Stadium, Mohali",Chandigarh,2016
980921,2016-04-17,Royal Challengers Bangalore,Delhi Daredevils,Q de Kock,Delhi Daredevils,field,M Chinnaswamy Stadium,Bangalore,2016
980921,2016-04-17,Delhi Daredevils,Royal Challengers Bangalore,Q de Kock,Delhi Daredevils,field,M Chinnaswamy Stadium,Bangalore,2016
980923,2016-04-18,Mumbai Indians,Sunrisers Hyderabad,DA Warner,Sunrisers Hyderabad,field,"Rajiv Gandhi International Stadium, Uppal",Hyderabad,2016
980923,2016-04-18,Sunrisers Hyderabad,Mumbai Indians,DA Warner,Sunrisers Hyderabad,field,"Rajiv Gandhi International Stadium, Uppal",Hyderabad,2016
980925,2016-04-19,Kings XI Punjab,Kolkata Knight Riders,RV Uthappa,Kolkata Knight Riders,field,"Punjab Cricket Association IS Bindra Stadium, Mohali",Chandigarh,2016
980925,2016-04-19,Kolkata Knight Riders,Kings XI Punjab,RV Uthappa,Kolkata Knight Riders,field,"Punjab Cricket Association IS Bindra Stadium, Mohali",Chandigarh,2016
980927,2016-04-20,Royal Challengers Bangalore,Mumbai Indians,RG Sharma,Mumbai Indians,field,Wankhede Stadium,Mumbai,2016
980927,2016-04-20,Mumbai Indians,Royal Challengers Bangalore,RG Sharma,Mumbai Indians,field,Wankhede Stadium,Mumbai,2016
980929,2016-04-21,Gujarat Lions,Sunrisers Hyderabad,B Kumar,Sunrisers Hyderabad,field,Saurashtra Cricket Association Stadium,Rajkot,2016
980929,2016-04-21,Sunrisers Hyderabad,Gujarat Lions,B Kumar,Sunrisers Hyderabad,field,Saurashtra Cricket Association Stadium,Rajkot,2016
980931,2016-04-22,Royal Challengers Bangalore,Rising Pune Supergiants,AB de Villiers,Rising Pune Supergiants,field,Maharashtra Cricket Association Stadium,Pune,2016
980931,2016-04-22,Rising Pune Supergiants,Royal Challengers Bangalore,AB de Villiers,Rising Pune Supergiants,field,Maharashtra Cricket Association Stadium,Pune,2016
980933,2016-04-23,Delhi Daredevils,Mumbai Indians,SV Samson,Mumbai Indians,field,Feroz Shah Kotla,Delhi,2016
980933,2016-04-23,Mumbai Indians,Delhi Daredevils,SV Samson,Mumbai Indians,field,Feroz Shah Kotla,Delhi,2016
980935,2016-04-23,Kings XI Punjab,Sunrisers Hyderabad,Mustafizur Rahman,Sunrisers Hyderabad,field,"Rajiv Gandhi International Stadium, Uppal",Hyderabad,2016
980935,2016-04-23,Sunrisers Hyderabad,Kings XI Punjab,Mustafizur Rahman,Sunrisers Hyderabad,field,"Rajiv Gandhi International Stadium, Uppal",Hyderabad,2016
980937,2016-04-24,Royal Challengers Bangalore,Gujarat Lions,V Kohli,Royal Challengers Bangalore,bat,Saurashtra Cricket Association Stadium,Rajkot,2016
980937,2016-04-24,Gujarat Lions,Royal Challengers Bangalore,V Kohli,Royal Challengers Bangalore,bat,Saurashtra Cricket Association Stadium,Rajkot,2016
980939,2016-04-24,Rising Pune Supergiants,Kolkata Knight Riders,SA Yadav,Kolkata Knight Riders,field,Maharashtra Cricket Association Stadium,Pune,2016
980939,2016-04-24,Kolkata Knight Riders,Rising Pune Supergiants,SA Yadav,Kolkata Knight Riders,field,Maharashtra Cricket Association Stadium,Pune,2016
980941,2016-04-25,Mumbai Indians,Kings XI Punjab,PA Patel,Kings XI Punjab,field,"Punjab Cricket Association IS Bindra Stadium, Mohali",Chandigarh,2016
980941,2016-04-25,Kings XI Punjab,Mumbai Indians,PA Patel,Kings XI Punjab,field,"Punjab Cricket Association IS Bindra Stadium, Mohali",Chandigarh,2016
980943,2016-04-26,Sunrisers Hyderabad,Rising Pune Supergiants,AB Dinda,Rising Pune Supergiants,field,"Rajiv Gandhi International Stadium, Uppal",Hyderabad,2016
980943,2016-04-26,Rising Pune Supergiants,Sunrisers Hyderabad,AB Dinda,Rising Pune Supergiants,field,"Rajiv Gandhi International Stadium, Uppal",Hyderabad,2016
980945,2016-04-27,Gujarat Lions,Delhi Daredevils,CH Morris,Delhi Daredevils,field,Feroz Shah Kotla,Delhi,2016
980945,2016-04-27,Delhi Daredevils,Gujarat Lions,CH Morris,Delhi Daredevils,field,Feroz Shah Kotla,Delhi,2016
980947,2016-04-28,Kolkata Knight Riders,Mumbai Indians,RG Sharma,Mumbai Indians,field,Wankhede Stadium,Mumbai,2016
980947,2016-04-28,Mumbai Indians,Kolkata Knight Riders,RG Sharma,Mumbai Indians,field,Wankhede Stadium,Mumbai,2016
980949,2016-04-29,Rising Pune Supergiants,Gujarat Lions,DR Smith,Gujarat Lions,field,Maharashtra Cricket Association Stadium,Pune,2016
980949,2016-04-29,Gujarat Lions,Rising Pune Supergiants,DR Smith,Gujarat Lions,field,Maharashtra Cricket Association Stadium,Pune,2016
980951,2016-04-30,Delhi Daredevils,Kolkata Knight Riders,CR Brathwaite,Kolkata Knight Riders,field,Feroz Shah Kotla,Delhi,2016
980951,2016-04-30,Kolkata Knight Riders,Delhi Daredevils,CR Brathwaite,Kolkata Knight Riders,field,Feroz Shah Kotla,Delhi,2016
980953,2016-04-30,Sunrisers Hyderabad,Royal Challengers Bangalore,DA Warner,Royal Challengers Bangalore,field,"Rajiv Gandhi International Stadium, Uppal",Hyderabad,2016
980953,2016-04-30,Royal Challengers Bangalore,Sunrisers Hyderabad,DA Warner,Royal Challengers Bangalore,field,"Rajiv Gandhi International Stadium, Uppal",Hyderabad,2016
980955,2016-05-01,Kings XI Punjab,Gujarat Lions,AR Patel,Gujarat Lions,field,Saurashtra Cricket Association Stadium,Rajkot,2016
980955,2016-05-01,Gujarat Lions,Kings XI Punjab,AR Patel,Gujarat Lions,field,Saurashtra Cricket Association Stadium,Rajkot,2016
980957,2016-05-01,Rising Pune Supergiants,Mumbai Indians,RG Sharma,Mumbai Indians,field,Maharashtra Cricket Association Stadium,Pune,2016
980957,2016-05-01,Mumbai Indians,Rising Pune Supergiants,RG Sharma,Mumbai Indians,field,Maharashtra Cricket Association Stadium,Pune,2016
980959,2016-05-02,Royal Challengers Bangalore,Kolkata Knight Riders,AD Russell,Kolkata Knight Riders,field,M Chinnaswamy Stadium,Bangalore,2016
980959,2016-05-02,Kolkata Knight Riders,Royal Challengers Bangalore,AD Russell,Kolkata Knight Riders,field,M Chinnaswamy Stadium,Bangalore,2016
980961,2016-05-03,Gujarat Lions,Delhi Daredevils,RR Pant,Delhi Daredevils,field,Saurashtra Cricket Association Stadium,Rajkot,2016
980961,2016-05-03,Delhi Daredevils,Gujarat Lions,RR Pant,Delhi Daredevils,field,Saurashtra Cricket Association Stadium,Rajkot,2016
980963,2016-05-04,Kolkata Knight Riders,Kings XI Punjab,AD Russell,Kings XI Punjab,field,Eden Gardens,Kolkata,2016
980963,2016-05-04,Kings XI Punjab,Kolkata Knight Riders,AD Russell,Kings XI Punjab,field,Eden Gardens,Kolkata,2016
980965,2016-05-05,Delhi Daredevils,Rising Pune Supergiants,AM Rahane,Rising Pune Supergiants,field,Feroz Shah Kotla,Delhi,2016
980965,2016-05-05,Rising Pune Supergiants,Delhi Daredevils,AM Rahane,Rising Pune Supergiants,field,Feroz Shah Kotla,Delhi,2016
980967,2016-05-06,Gujarat Lions,Sunrisers Hyderabad,B Kumar,Sunrisers Hyderabad,field,"Rajiv Gandhi International Stadium, Uppal",Hyderabad,2016
980967,2016-05-06,Sunrisers Hyderabad,Gujarat Lions,B Kumar,Sunrisers Hyderabad,field,"Rajiv Gandhi International Stadium, Uppal",Hyderabad,2016
980969,2016-05-07,Rising Pune Supergiants,Royal Challengers Bangalore,V Kohli,Royal Challengers Bangalore,field,M Chinnaswamy Stadium,Bangalore,2016
980969,2016-05-07,Royal Challengers Bangalore,Rising Pune Supergiants,V Kohli,Royal Challengers Bangalore,field,M Chinnaswamy Stadium,Bangalore,2016
980971,2016-05-07,Kings XI Punjab,Delhi Daredevils,MP Stoinis,Delhi Daredevils,field,"Punjab Cricket Association IS Bindra Stadium, Mohali",Chandigarh,2016
980971,2016-05-07,Delhi Daredevils,Kings XI Punjab,MP Stoinis,Delhi Daredevils,field,"Punjab Cricket Association IS Bindra Stadium, Mohali",Chandigarh,2016
980973,2016-05-08,Sunrisers Hyderabad,Mumbai Indians,A Nehra,Mumbai Indians,field,Dr. Y.S. Rajasekhara Reddy ACA-VDCA Cricket Stadium,Visakhapatnam,2016
980973,2016-05-08,Mumbai Indians,Sunrisers Hyderabad,A Nehra,Mumbai Indians,field,Dr. Y.S. Rajasekhara Reddy ACA-VDCA Cricket Stadium,Visakhapatnam,2016
980975,2016-05-08,Kolkata Knight Riders,Gujarat Lions,P Kumar,Gujarat Lions,field,Eden Gardens,Kolkata,2016
980975,2016-05-08,Gujarat Lions,Kolkata Knight Riders,P Kumar,Gujarat Lions,field,Eden Gardens,Kolkata,2016
980977,2016-05-09,Royal Challengers Bangalore,Kings XI Punjab,SR Watson,Kings XI Punjab,field,"Punjab Cricket Association IS Bindra Stadium, Mohali",Chandigarh,2016
980977,2016-05-09,Kings XI Punjab,Royal Challengers Bangalore,SR Watson,Kings XI Punjab,field,"Punjab Cricket Association IS Bindra Stadium, Mohali",Chandigarh,2016
980979,2016-05-10,Sunrisers Hyderabad,Rising Pune Supergiants,A Zampa,Sunrisers Hyderabad,bat,Dr. Y.S. Rajasekhara Reddy ACA-VDCA Cricket Stadium,Visakhapatnam,2016
980979,2016-05-10,Rising Pune Supergiants,Sunrisers Hyderabad,A Zampa,Sunrisers Hyderabad,bat,Dr. Y.S. Rajasekhara Reddy ACA-VDCA Cricket Stadium,Visakhapatnam,2016
980981,2016-05-11,Royal Challengers Bangalore,Mumbai Indians,KH Pandya,Mumbai Indians,field,M Chinnaswamy Stadium,Bangalore,2016
980981,2016-05-11,Mumbai Indians,Royal Challengers Bangalore,KH Pandya,Mumbai Indians,field,M Chinnaswamy Stadium,Bangalore,2016
980983,2016-05-12,Sunrisers Hyderabad,Delhi Daredevils,CH Morris,Delhi Daredevils,field,"Rajiv Gandhi International Stadium, Uppal",Hyderabad,2016
980983,2016-05-12,Delhi Daredevils,Sunrisers Hyderabad,CH Morris,Delhi Daredevils,field,"Rajiv Gandhi International Stadium, Uppal",Hyderabad,2016
980985,2016-05-13,Mumbai Indians,Kings XI Punjab,MP Stoinis,Mumbai Indians,bat,Dr. Y.S. Rajasekhara Reddy ACA-VDCA Cricket Stadium,Visakhapatnam,2016
980985,2016-05-13,Kings XI Punjab,Mumbai Indians,MP Stoinis,Mumbai Indians,bat,Dr. Y.S. Rajasekhara Reddy ACA-VDCA Cricket Stadium,Visakhapatnam,2016
980987,2016-05-14,Royal Challengers Bangalore,Gujarat Lions,AB de Villiers,Gujarat Lions,field,M Chinnaswamy Stadium,Bangalore,2016
980987,2016-05-14,Gujarat Lions,Royal Challengers Bangalore,AB de Villiers,Gujarat Lions,field,M Chinnaswamy Stadium,Bangalore,2016
980989,2016-05-14,Rising Pune Supergiants,Kolkata Knight Riders,YK Pathan,Rising Pune Supergiants,bat,Eden Gardens,Kolkata,2016
980989,2016-05-14,Kolkata Knight Riders,Rising Pune Supergiants,YK Pathan,Rising Pune Supergiants,bat,Eden Gardens,Kolkata,2016
980991,2016-05-15,Kings XI Punjab,Sunrisers Hyderabad,HM Amla,Kings XI Punjab,bat,"Punjab Cricket Association IS Bindra Stadium, Mohali",Chandigarh,2016
980991,2016-05-15,Sunrisers Hyderabad,Kings XI Punjab,HM Amla,Kings XI Punjab,bat,"Punjab Cricket Association IS Bindra Stadium, Mohali",Chandigarh,2016
980993,2016-05-15,Mumbai Indians,Delhi Daredevils,KH Pandya,Delhi Daredevils,field,Dr. Y.S. Rajasekhara Reddy ACA-VDCA Cricket Stadium,Visakhapatnam,2016
980993,2016-05-15,Delhi Daredevils,Mumbai Indians,KH Pandya,Delhi Daredevils,field,Dr. Y.S. Rajasekhara Reddy ACA-VDCA Cricket Stadium,Visakhapatnam,2016
980995,2016-05-16,Kolkata Knight Riders,Royal Challengers Bangalore,V Kohli,Royal Challengers Bangalore,field,Eden Gardens,Kolkata,2016
980995,2016-05-16,Royal Challengers Bangalore,Kolkata Knight Riders,V Kohli,Royal Challengers Bangalore,field,Eden Gardens,Kolkata,2016
980997,2016-05-17,Delhi Daredevils,Rising Pune Supergiants,AB Dinda,Rising Pune Supergiants,field,Dr. Y.S. Rajasekhara Reddy ACA-VDCA Cricket Stadium,Visakhapatnam,2016
980997,2016-05-17,Rising Pune Supergiants,Delhi Daredevils,AB Dinda,Rising Pune Supergiants,field,Dr. Y.S. Rajasekhara Reddy ACA-VDCA Cricket Stadium,Visakhapatnam,2016
980999,2016-05-18,Royal Challengers Bangalore,Kings XI Punjab,V Kohli,Kings XI Punjab,field,M Chinnaswamy Stadium,Bangalore,2016
980999,2016-05-18,Kings XI Punjab,Royal Challengers Bangalore,V Kohli,Kings XI Punjab,field,M Chinnaswamy Stadium,Bangalore,2016
981001,2016-05-19,Kolkata Knight Riders,Gujarat Lions,DR Smith,Gujarat Lions,field,Green Park,Kanpur,2016
981001,2016-05-19,Gujarat Lions,Kolkata Knight Riders,DR Smith,Gujarat Lions,field,Green Park,Kanpur,2016
981003,2016-05-20,Sunrisers Hyderabad,Delhi Daredevils,KK Nair,Delhi Daredevils,field,Shaheed Veer Narayan Singh International Stadium,Raipur,2016
981003,2016-05-20,Delhi Daredevils,Sunrisers Hyderabad,KK Nair,Delhi Daredevils,field,Shaheed Veer Narayan Singh International Stadium,Raipur,2016
981005,2016-05-21,Kings XI Punjab,Rising Pune Supergiants,MS Dhoni,Kings XI Punjab,bat,Dr. Y.S. Rajasekhara Reddy ACA-VDCA Cricket Stadium,Visakhapatnam,2016
981005,2016-05-21,Rising Pune Supergiants,Kings XI Punjab,MS Dhoni,Kings XI Punjab,bat,Dr. Y.S. Rajasekhara Reddy ACA-VDCA Cricket Stadium,Visakhapatnam,2016
981007,2016-05-21,Mumbai Indians,Gujarat Lions,SK Raina,Gujarat Lions,field,Green Park,Kanpur,2016
981007,2016-05-21,Gujarat Lions,Mumbai Indians,SK Raina,Gujarat Lions,field,Green Park,Kanpur,2016
981009,2016-05-22,Kolkata Knight Riders,Sunrisers Hyderabad,YK Pathan,Sunrisers Hyderabad,field,Eden Gardens,Kolkata,2016
981009,2016-05-22,Sunrisers Hyderabad,Kolkata Knight Riders,YK Pathan,Sunrisers Hyderabad,field,Eden Gardens,Kolkata,2016
981011,2016-05-22,Delhi Daredevils,Royal Challengers Bangalore,V Kohli,Royal Challengers Bangalore,field,Shaheed Veer Narayan Singh International Stadium,Raipur,2016
981011,2016-05-22,Royal Challengers Bangalore,Delhi Daredevils,V Kohli,Royal Challengers Bangalore,field,Shaheed Veer Narayan Singh International Stadium,Raipur,2016
981013,2016-05-24,Gujarat Lions,Royal Challengers Bangalore,AB de Villiers,Royal Challengers Bangalore,field,M Chinnaswamy Stadium,Bangalore,2016
981013,2016-05-24,Royal Challengers Bangalore,Gujarat Lions,AB de Villiers,Royal Challengers Bangalore,field,M Chinnaswamy Stadium,Bangalore,2016
981015,2016-05-25,Sunrisers Hyderabad,Kolkata Knight Riders,MC Henriques,Kolkata Knight Riders,field,Feroz Shah Kotla,Delhi,2016
981015,2016-05-25,Kolkata Knight Riders,Sunrisers Hyderabad,MC Henriques,Kolkata Knight Riders,field,Feroz Shah Kotla,Delhi,2016
981017,2016-05-27,Gujarat Lions,Sunrisers Hyderabad,DA Warner,Sunrisers Hyderabad,field,Feroz Shah Kotla,Delhi,2016
981017,2016-05-27,Sunrisers Hyderabad,Gujarat Lions,DA Warner,Sunrisers Hyderabad,field,Feroz Shah Kotla,Delhi,2016
981019,2016-05-29,Sunrisers Hyderabad,Royal Challengers Bangalore,BCJ Cutting,Sunrisers Hyderabad,bat,M Chinnaswamy Stadium,Bangalore,2016
981019,2016-05-29,Royal Challengers Bangalore,Sunrisers Hyderabad,BCJ Cutting,Sunrisers Hyderabad,bat,M Chinnaswamy Stadium,Bangalore,2016
1082591,2017-04-05,Sunrisers Hyderabad,Royal Challengers Bangalore,Yuvraj Singh,Royal Challengers Bangalore,field,"Rajiv Gandhi International Stadium, Uppal",Hyderabad,2017
1082591,2017-04-05,Royal Challengers Bangalore,Sunrisers Hyderabad,Yuvraj Singh,Royal Challengers Bangalore,field,"Rajiv Gandhi International Stadium, Uppal",Hyderabad,2017
1082592,2017-04-06,Mumbai Indians,Rising Pune Supergiant,SPD Smith,Rising Pune Supergiant,field,Maharashtra Cricket Association Stadium,Pune,2017
1082592,2017-04-06,Rising Pune Supergiant,Mumbai Indians,SPD Smith,Rising Pune Supergiant,field,Maharashtra Cricket Association Stadium,Pune,2017
1082593,2017-04-07,Gujarat Lions,Kolkata Knight Riders,CA Lynn,Kolkata Knight Riders,field,Saurashtra Cricket Association Stadium,Rajkot,2017
1082593,2017-04-07,Kolkata Knight Riders,Gujarat Lions,CA Lynn,Kolkata Knight Riders,field,Saurashtra Cricket Association Stadium,Rajkot,2017
1082594,2017-04-08,Rising Pune Supergiant,Kings XI Punjab,GJ Maxwell,Kings XI Punjab,field,Holkar Cricket Stadium,Indore,2017
1082594,2017-04-08,Kings XI Punjab,Rising Pune Supergiant,GJ Maxwell,Kings XI Punjab,field,Holkar Cricket Stadium,Indore,2017
1082595,2017-04-08,Royal Challengers Bangalore,Delhi Daredevils,KM Jadhav,Royal Challengers Bangalore,bat,M.Chinnaswamy Stadium,Bengaluru,2017
1082595,2017-04-08,Delhi Daredevils,Royal Challengers Bangalore,KM Jadhav,Royal Challengers Bangalore,bat,M.Chinnaswamy Stadium,Bengaluru,2017
1082596,2017-04-09,Gujarat Lions,Sunrisers Hyderabad,Rashid Khan,Sunrisers Hyderabad,field,"Rajiv Gandhi International Stadium, Uppal",Hyderabad,2017
1082596,2017-04-09,Sunrisers Hyderabad,Gujarat Lions,Rashid Khan,Sunrisers Hyderabad,field,"Rajiv Gandhi International Stadium, Uppal",Hyderabad,2017
1082597,2017-04-09,Kolkata Knight Riders,Mumbai Indians,N Rana,Mumbai Indians,field,Wankhede Stadium,Mumbai,2017
1082597,2017-04-09,Mumbai Indians,Kolkata Knight Riders,N Rana,Mumbai Indians,field,Wankhede Stadium,Mumbai,2017
1082598,2017-04-10,Royal Challengers Bangalore,Kings XI Punjab,AR Patel,Royal Challengers Bangalore,bat,Holkar Cricket Stadium,Indore,2017
1082598,2017-04-10,Kings XI Punjab,Royal Challengers Bangalore,AR Patel,Royal Challengers Bangalore,bat,Holkar Cricket Stadium,Indore,2017
1082599,2017-04-11,Delhi Daredevils,Rising Pune Supergiant,SV Samson,Rising Pune Supergiant,field,Maharashtra Cricket Association Stadium,Pune,2017
1082599,2017-04-11,Rising Pune Supergiant,Delhi Daredevils,SV Samson,Rising Pune Supergiant,field,Maharashtra Cricket Association Stadium,Pune,2017
1082600,2017-04-12,Sunrisers Hyderabad,Mumbai Indians,JJ Bumrah,Mumbai Indians,field,Wankhede Stadium,Mumbai,2017
1082600,2017-04-12,Mumbai Indians,Sunrisers Hyderabad,JJ Bumrah,Mumbai Indians,field,Wankhede Stadium,Mumbai,2017
1082601,2017-04-13,Kings XI Punjab,Kolkata Knight Riders,SP Narine,Kolkata Knight Riders,field,Eden Gardens,Kolkata,2017
1082601,2017-04-13,Kolkata Knight Riders,Kings XI Punjab,SP Narine,Kolkata Knight Riders,field,Eden Gardens,Kolkata,2017
1082602,2017-04-14,Royal Challengers Bangalore,Mumbai Indians,KA Pollard,Mumbai Indians,field,M Chinnaswamy Stadium,Bangalore,2017
1082602,2017-04-14,Mumbai Indians,Royal Challengers Bangalore,KA Pollard,Mumbai Indians,field,M Chinnaswamy Stadium,Bangalore,2017
1082603,2017-04-14,Rising Pune Supergiant,Gujarat Lions,AJ Tye,Gujarat Lions,field,Saurashtra Cricket Association Stadium,Rajkot,2017
1082603,2017-04-14,Gujarat Lions,Rising Pune Supergiant,AJ Tye,Gujarat Lions,field,Saurashtra Cricket Association Stadium,Rajkot,2017
1082604,2017-04-15,Kolkata Knight Riders,Sunrisers Hyderabad,RV Uthappa,Sunrisers Hyderabad,field,Eden Gardens,Kolkata,2017
1082604,2017-04-15,Sunrisers Hyderabad,Kolkata Knight Riders,RV Uthappa,Sunrisers Hyderabad,field,Eden Gardens,Kolkata,2017
1082605,2017-04-15,Delhi Daredevils,Kings XI Punjab,CJ Anderson,Delhi Daredevils,bat,Feroz Shah Kotla,Delhi,2017
1082605,2017-04-15,Kings XI Punjab,Delhi Daredevils,CJ Anderson,Delhi Daredevils,bat,Feroz Shah Kotla,Delhi,2017
1082606,2017-04-16,Gujarat Lions,Mumbai Indians,N Rana,Mumbai Indians,field,Wankhede Stadium,Mumbai,2017
1082606,2017-04-16,Mumbai Indians,Gujarat Lions,N Rana,Mumbai Indians,field,Wankhede Stadium,Mumbai,2017
1082607,2017-04-16,Rising Pune Supergiant,Royal Challengers Bangalore,BA Stokes,Royal Challengers Bangalore,field,M Chinnaswamy Stadium,Bangalore,2017
1082607,2017-04-16,Royal Challengers Bangalore,Rising Pune Supergiant,BA Stokes,Royal Challengers Bangalore,field,M Chinnaswamy Stadium,Bangalore,2017
1082608,2017-04-17,Delhi Daredevils,Kolkata Knight Riders,NM Coulter-Nile,Delhi Daredevils,bat,Feroz Shah Kotla,Delhi,2017
1082608,2017-04-17,Kolkata Knight Riders,Delhi Daredevils,NM Coulter-Nile,Delhi Daredevils,bat,Feroz Shah Kotla,Delhi,2017
1082609,2017-04-17,Sunrisers Hyderabad,Kings XI Punjab,B Kumar,Kings XI Punjab,field,"Rajiv Gandhi International Stadium, Uppal",Hyderabad,2017
1082609,2017-04-17,Kings XI Punjab,Sunrisers Hyderabad,B Kumar,Kings XI Punjab,field,"Rajiv Gandhi International Stadium, Uppal",Hyderabad,2017
1082610,2017-04-18,Royal Challengers Bangalore,Gujarat Lions,CH Gayle,Gujarat Lions,field,Saurashtra Cricket Association Stadium,Rajkot,2017
1082610,2017-04-18,Gujarat Lions,Royal Challengers Bangalore,CH Gayle,Gujarat Lions,field,Saurashtra Cricket Association Stadium,Rajkot,2017
1082611,2017-04-19,Sunrisers Hyderabad,Delhi Daredevils,KS Williamson,Sunrisers Hyderabad,bat,"Rajiv Gandhi International Stadium, Uppal",Hyderabad,2017
1082611,2017-04-19,Delhi Daredevils,Sunrisers Hyderabad,KS Williamson,Sunrisers Hyderabad,bat,"Rajiv Gandhi International Stadium, Uppal",Hyderabad,2017
1082612,2017-04-20,Kings XI Punjab,Mumbai Indians,JC Buttler,Mumbai Indians,field,Holkar Cricket Stadium,Indore,2017
1082612,2017-04-20,Mumbai Indians,Kings XI Punjab,JC Buttler,Mumbai Indians,field,Holkar Cricket Stadium,Indore,2017
1082613,2017-04-21,Kolkata Knight Riders,Gujarat Lions,SK Raina,Gujarat Lions,field,Eden Gardens,Kolkata,2017
1082613,2017-04-21,Gujarat Lions,Kolkata Knight Riders,SK Raina,Gujarat Lions,field,Eden Gardens,Kolkata,2017
1082614,2017-04-22,Mumbai Indians,Delhi Daredevils,MJ McClenaghan,Delhi Daredevils,field,Wankhede Stadium,Mumbai,2017
1082614,2017-04-22,Delhi Daredevils,Mumbai Indians,MJ McClenaghan,Delhi Daredevils,field,Wankhede Stadium,Mumbai,2017
1082615,2017-04-22,Sunrisers Hyderabad,Rising Pune Supergiant,MS Dhoni,Rising Pune Supergiant,field,Maharashtra Cricket Association Stadium,Pune,2017
1082615,2017-04-22,Rising Pune Supergiant,Sunrisers Hyderabad,MS Dhoni,Rising Pune Supergiant,field,Maharashtra Cricket Association Stadium,Pune,2017
1082616,2017-04-23,Kings XI Punjab,Gujarat Lions,HM Amla,Gujarat Lions,field,Saurashtra Cricket Association Stadium,Rajkot,2017
1082616,2017-04-23,Gujarat Lions,Kings XI Punjab,HM Amla,Gujarat Lions,field,Saurashtra Cricket Association Stadium,Rajkot,2017
1082617,2017-04-23,Kolkata Knight Riders,Royal Challengers Bangalore,NM Coulter-Nile,Royal Challengers Bangalore,field,Eden Gardens,Kolkata,2017
1082617,2017-04-23,Royal Challengers Bangalore,Kolkata Knight Riders,NM Coulter-Nile,Royal Challengers Bangalore,field,Eden Gardens,Kolkata,2017
1082618,2017-04-24,Rising Pune Supergiant,Mumbai Indians,BA Stokes,Mumbai Indians,field,Wankhede Stadium,Mumbai,2017
1082618,2017-04-24,Mumbai Indians,Rising Pune Supergiant,BA Stokes,Mumbai Indians,field,Wankhede Stadium,Mumbai,2017
1082620,2017-04-26,Rising Pune Supergiant,Kolkata Knight Riders,RV Uthappa,Kolkata Knight Riders,field,Maharashtra Cricket Association Stadium,Pune,2017
1082620,2017-04-26,Kolkata Knight Riders,Rising Pune Supergiant,RV Uthappa,Kolkata Knight Riders,field,Maharashtra Cricket Association Stadium,Pune,2017
1082621,2017-04-27,Royal Challengers Bangalore,Gujarat Lions,AJ Tye,Gujarat Lions,field,M Chinnaswamy Stadium,Bangalore,2017
1082621,2017-04-27,Gujarat Lions,Royal Challengers Bangalore,AJ Tye,Gujarat Lions,field,M Chinnaswamy Stadium,Bangalore,2017
1082622,2017-04-28,Delhi Daredevils,Kolkata Knight Riders,G Gambhir,Kolkata Knight Riders,field,Eden Gardens,Kolkata,2017
1082622,2017-04-28,Kolkata Knight Riders,Delhi Daredevils,G Gambhir,Kolkata Knight Riders,field,Eden Gardens,Kolkata,2017
1082623,2017-04-28,Sunrisers Hyderabad,Kings XI Punjab,Rashid Khan,Kings XI Punjab,field,"Punjab Cricket Association IS Bindra Stadium, Mohali",Chandigarh,2017
1082623,2017-04-28,Kings XI Punjab,Sunrisers Hyderabad,Rashid Khan,Kings XI Punjab,field,"Punjab Cricket Association IS Bindra Stadium, Mohali",Chandigarh,2017
1082624,2017-04-29,Rising Pune Supergiant,Royal Challengers Bangalore,LH Ferguson,Royal Challengers Bangalore,field,Maharashtra Cricket Association Stadium,Pune,2017
1082624,2017-04-29,Royal Challengers Bangalore,Rising Pune Supergiant,LH Ferguson,Royal Challengers Bangalore,field,Maharashtra Cricket Association Stadium,Pune,2017
1082625,2017-04-29,Gujarat Lions,Mumbai Indians,KH Pandya,Gujarat Lions,bat,Saurashtra Cricket Association Stadium,Rajkot,2017
1082625,2017-04-29,Mumbai Indians,Gujarat Lions,KH Pandya,Gujarat Lions,bat,Saurashtra Cricket Association Stadium,Rajkot,2017
1082626,2017-04-30,Delhi Daredevils,Kings XI Punjab,Sandeep Sharma,Kings XI Punjab,field,"Punjab Cricket Association IS Bindra Stadium, Mohali",Chandigarh,2017
1082626,2017-04-30,Kings XI Punjab,Delhi Daredevils,Sandeep Sharma,Kings XI Punjab,field,"Punjab Cricket Association IS Bindra Stadium, Mohali",Chandigarh,2017
1082627,2017-04-30,Sunrisers Hyderabad,Kolkata Knight Riders,DA Warner,Kolkata Knight Riders,field,"Rajiv Gandhi International Stadium, Uppal",Hyderabad,2017
1082627,2017-04-30,Kolkata Knight Riders,Sunrisers Hyderabad,DA Warner,Kolkata Knight Riders,field,"Rajiv Gandhi International Stadium, Uppal",Hyderabad,2017
1082628,2017-05-01,Royal Challengers Bangalore,Mumbai Indians,RG Sharma,Royal Challengers Bangalore,bat,Wankhede Stadium,Mumbai,2017
1082628,2017-05-01,Mumbai Indians,Royal Challengers Bangalore,RG Sharma,Royal Challengers Bangalore,bat,Wankhede Stadium,Mumbai,2017
1082629,2017-05-01,Gujarat Lions,Rising Pune Supergiant,BA Stokes,Rising Pune Supergiant,field,Maharashtra Cricket Association Stadium,Pune,2017
1082629,2017-05-01,Rising Pune Supergiant,Gujarat Lions,BA Stokes,Rising Pune Supergiant,field,Maharashtra Cricket Association Stadium,Pune,2017
1082630,2017-05-02,Sunrisers Hyderabad,Delhi Daredevils,Mohammed Shami,Delhi Daredevils,field,Feroz Shah Kotla,Delhi,2017
1082630,2017-05-02,Delhi Daredevils,Sunrisers Hyderabad,Mohammed Shami,Delhi Daredevils,field,Feroz Shah Kotla,Delhi,2017
1082631,2017-05-03,Kolkata Knight Riders,Rising Pune Supergiant,RA Tripathi,Rising Pune Supergiant,field,Eden Gardens,Kolkata,2017
1082631,2017-05-03,Rising Pune Supergiant,Kolkata Knight Riders,RA Tripathi,Rising Pune Supergiant,field,Eden Gardens,Kolkata,2017
1082632,2017-05-04,Gujarat Lions,Delhi Daredevils,RR Pant,Delhi Daredevils,field,Feroz Shah Kotla,Delhi,2017
1082632,2017-05-04,Delhi Daredevils,Gujarat Lions,RR Pant,Delhi Daredevils,field,Feroz Shah Kotla,Delhi,2017
1082633,2017-05-05,Kings XI Punjab,Royal Challengers Bangalore,Sandeep Sharma,Royal Challengers Bangalore,field,M Chinnaswamy Stadium,Bangalore,2017
1082633,2017-05-05,Royal Challengers Bangalore,Kings XI Punjab,Sandeep Sharma,Royal Challengers Bangalore,field,M Chinnaswamy Stadium,Bangalore,2017
1082634,2017-05-06,Rising Pune Supergiant,Sunrisers Hyderabad,JD Unadkat,Sunrisers Hyderabad,field,"Rajiv Gandhi International Stadium, Uppal",Hyderabad,2017
1082634,2017-05-06,Sunrisers Hyderabad,Rising Pune Supergiant,JD Unadkat,Sunrisers Hyderabad,field,"Rajiv Gandhi International Stadium, Uppal",Hyderabad,2017
1082635,2017-05-06,Mumbai Indians,Delhi Daredevils,LMP Simmons,Delhi Daredevils,field,Feroz Shah Kotla,Delhi,2017
1082635,2017-05-06,Delhi Daredevils,Mumbai Indians,LMP Simmons,Delhi Daredevils,field,Feroz Shah Kotla,Delhi,2017
1082636,2017-05-07,Royal Challengers Bangalore,Kolkata Knight Riders,SP Narine,Kolkata Knight Riders,field,M Chinnaswamy Stadium,Bangalore,2017
1082636,2017-05-07,Kolkata Knight Riders,Royal Challengers Bangalore,SP Narine,Kolkata Knight Riders,field,M Chinnaswamy Stadium,Bangalore,2017
1082637,2017-05-07,Kings XI Punjab,Gujarat Lions,DR Smith,Gujarat Lions,field,"Punjab Cricket Association IS Bindra Stadium, Mohali",Chandigarh,2017
1082637,2017-05-07,Gujarat Lions,Kings XI Punjab,DR Smith,Gujarat Lions,field,"Punjab Cricket Association IS Bindra Stadium, Mohali",Chandigarh,2017
1082638,2017-05-08,Mumbai Indians,Sunrisers Hyderabad,S Dhawan,Mumbai Indians,bat,"Rajiv Gandhi International Stadium, Uppal",Hyderabad,2017
1082638,2017-05-08,Sunrisers Hyderabad,Mumbai Indians,S Dhawan,Mumbai Indians,bat,"Rajiv Gandhi International Stadium, Uppal",Hyderabad,2017
1082639,2017-05-09,Kings XI Punjab,Kolkata Knight Riders,MM Sharma,Kolkata Knight Riders,field,"Punjab Cricket Association IS Bindra Stadium, Mohali",Chandigarh,2017
1082639,2017-05-09,Kolkata Knight Riders,Kings XI Punjab,MM Sharma,Kolkata Knight Riders,field,"Punjab Cricket Association IS Bindra Stadium, Mohali",Chandigarh,2017
1082640,2017-05-10,Gujarat Lions,Delhi Daredevils,SS Iyer,Delhi Daredevils,field,Green Park,Kanpur,2017
1082640,2017-05-10,Delhi Daredevils,Gujarat Lions,SS Iyer,Delhi Daredevils,field,Green Park,Kanpur,2017
1082641,2017-05-11,Kings XI Punjab,Mumbai Indians,WP Saha,Mumbai Indians,field,Wankhede Stadium,Mumbai,2017
1082641,2017-05-11,Mumbai Indians,Kings XI Punjab,WP Saha,Mumbai Indians,field,Wankhede Stadium,Mumbai,2017
1082642,2017-05-12,Delhi Daredevils,Rising Pune Supergiant,KK Nair,Delhi Daredevils,bat,Feroz Shah Kotla,Delhi,2017
1082642,2017-05-12,Rising Pune Supergiant,Delhi Daredevils,KK Nair,Delhi Daredevils,bat,Feroz Shah Kotla,Delhi,2017
1082643,2017-05-13,Gujarat Lions,Sunrisers Hyderabad,Mohammed Siraj,Sunrisers Hyderabad,field,Green Park,Kanpur,2017
1082643,2017-05-13,Sunrisers Hyderabad,Gujarat Lions,Mohammed Siraj,Sunrisers Hyderabad,field,Green Park,Kanpur,2017
1082644,2017-05-13,Mumbai Indians,Kolkata Knight Riders,AT Rayudu,Kolkata Knight Riders,field,Eden Gardens,Kolkata,2017
1082644,2017-05-13,Kolkata Knight Riders,Mumbai Indians,AT Rayudu,Kolkata Knight Riders,field,Eden Gardens,Kolkata,2017
1082645,2017-05-14,Kings XI Punjab,Rising Pune Supergiant,JD Unadkat,Rising Pune Supergiant,field,Maharashtra Cricket Association Stadium,Pune,2017
1082645,2017-05-14,Rising Pune Supergiant,Kings XI Punjab,JD Unadkat,Rising Pune Supergiant,field,Maharashtra Cricket Association Stadium,Pune,2017
1082646,2017-05-14,Royal Challengers Bangalore,Delhi Daredevils,HV Patel,Royal Challengers Bangalore,bat,Feroz Shah Kotla,Delhi,2017
1082646,2017-05-14,Delhi Daredevils,Royal Challengers Bangalore,HV Patel,Royal Challengers Bangalore,bat,Feroz Shah Kotla,Delhi,2017
1082647,2017-05-16,Rising Pune Supergiant,Mumbai Indians,Washington Sundar,Mumbai Indians,field,Wankhede Stadium,Mumbai,2017
1082647,2017-05-16,Mumbai Indians,Rising Pune Supergiant,Washington Sundar,Mumbai Indians,field,Wankhede Stadium,Mumbai,2017
1082648,2017-05-17,Sunrisers Hyderabad,Kolkata Knight Riders,NM Coulter-Nile,Kolkata Knight Riders,field,M Chinnaswamy Stadium,Bangalore,2017
1082648,2017-05-17,Kolkata Knight Riders,Sunrisers Hyderabad,NM Coulter-Nile,Kolkata Knight Riders,field,M Chinnaswamy Stadium,Bangalore,2017
1082649,2017-05-19,Kolkata Knight Riders,Mumbai Indians,KV Sharma,Mumbai Indians,field,M Chinnaswamy Stadium,Bangalore,2017
1082649,2017-05-19,Mumbai Indians,Kolkata Knight Riders,KV Sharma,Mumbai Indians,field,M Chinnaswamy Stadium,Bangalore,2017
1082650,2017-05-21,Mumbai Indians,Rising Pune Supergiant,KH Pandya,Mumbai Indians,bat,"Rajiv Gandhi International Stadium, Uppal",Hyderabad,2017
1082650,2017-05-21,Rising Pune Supergiant,Mumbai Indians,KH Pandya,Mumbai Indians,bat,"Rajiv Gandhi International Stadium, Uppal",Hyderabad,2017
1136561,2018-04-07,Mumbai Indians,Chennai Super Kings,DJ Bravo,Chennai Super Kings,field,Wankhede Stadium,Mumbai,2018
1136561,2018-04-07,Chennai Super Kings,Mumbai Indians,DJ Bravo,Chennai Super Kings,field,Wankhede Stadium,Mumbai,2018
1136562,2018-04-08,Delhi Daredevils,Kings XI Punjab,KL Rahul,Kings XI Punjab,field,Punjab Cricket Association IS Bindra Stadium,Chandigarh,2018
1136562,2018-04-08,Kings XI Punjab,Delhi Daredevils,KL Rahul,Kings XI Punjab,field,Punjab Cricket Association IS Bindra Stadium,Chandigarh,2018
1136563,2018-04-08,Royal Challengers Bangalore,Kolkata Knight Riders,SP Narine,Kolkata Knight Riders,field,Eden Gardens,Kolkata,2018
1136563,2018-04-08,Kolkata Knight Riders,Royal Challengers Bangalore,SP Narine,Kolkata Knight Riders,field,Eden Gardens,Kolkata,2018
1136564,2018-04-09,Rajasthan Royals,Sunrisers Hyderabad,S Dhawan,Sunrisers Hyderabad,field,Rajiv Gandhi International Stadium,Hyderabad,2018
1136564,2018-04-09,Sunrisers Hyderabad,Rajasthan Royals,S Dhawan,Sunrisers Hyderabad,field,Rajiv Gandhi International Stadium,Hyderabad,2018
1136565,2018-04-10,Kolkata Knight Riders,Chennai Super Kings,SW Billings,Chennai Super Kings,field,MA Chidambaram Stadium,Chennai,2018
1136565,2018-04-10,Chennai Super Kings,Kolkata Knight Riders,SW Billings,Chennai Super Kings,field,MA Chidambaram Stadium,Chennai,2018
1136566,2018-04-11,Rajasthan Royals,Delhi Daredevils,SV Samson,Delhi Daredevils,field,Sawai Mansingh Stadium,Jaipur,2018
1136566,2018-04-11,Delhi Daredevils,Rajasthan Royals,SV Samson,Delhi Daredevils,field,Sawai Mansingh Stadium,Jaipur,2018
1136567,2018-04-12,Mumbai Indians,Sunrisers Hyderabad,Rashid Khan,Sunrisers Hyderabad,field,Rajiv Gandhi International Stadium,Hyderabad,2018
1136567,2018-04-12,Sunrisers Hyderabad,Mumbai Indians,Rashid Khan,Sunrisers Hyderabad,field,Rajiv Gandhi International Stadium,Hyderabad,2018
1136568,2018-04-13,Kings XI Punjab,Royal Challengers Bangalore,UT Yadav,Royal Challengers Bangalore,field,M.Chinnaswamy Stadium,Bengaluru,2018
1136568,2018-04-13,Royal Challengers Bangalore,Kings XI Punjab,UT Yadav,Royal Challengers Bangalore,field,M.Chinnaswamy Stadium,Bengaluru,2018
1136569,2018-04-14,Mumbai Indians,Delhi Daredevils,JJ Roy,Delhi Daredevils,field,Wankhede Stadium,Mumbai,2018
1136569,2018-04-14,Delhi Daredevils,Mumbai Indians,JJ Roy,Delhi Daredevils,field,Wankhede Stadium,Mumbai,2018
1136570,2018-04-14,Kolkata Knight Riders,Sunrisers Hyderabad,B Stanlake,Sunrisers Hyderabad,field,Eden Gardens,Kolkata,2018
1136570,2018-04-14,Sunrisers Hyderabad,Kolkata Knight Riders,B Stanlake,Sunrisers Hyderabad,field,Eden Gardens,Kolkata,2018
1136571,2018-04-15,Rajasthan Royals,Royal Challengers Bangalore,SV Samson,Royal Challengers Bangalore,field,M.Chinnaswamy Stadium,Bengaluru,2018
1136571,2018-04-15,Royal Challengers Bangalore,Rajasthan Royals,SV Samson,Royal Challengers Bangalore,field,M.Chinnaswamy Stadium,Bengaluru,2018
1136572,2018-04-15,Kings XI Punjab,Chennai Super Kings,CH Gayle,Chennai Super Kings,field,Punjab Cricket Association IS Bindra Stadium,Chandigarh,2018
1136572,2018-04-15,Chennai Super Kings,Kings XI Punjab,CH Gayle,Chennai Super Kings,field,Punjab Cricket Association IS Bindra Stadium,Chandigarh,2018
1136573,2018-04-16,Kolkata Knight Riders,Delhi Daredevils,N Rana,Delhi Daredevils,field,Eden Gardens,Kolkata,2018
1136573,2018-04-16,Delhi Daredevils,Kolkata Knight Riders,N Rana,Delhi Daredevils,field,Eden Gardens,Kolkata,2018
1136574,2018-04-17,Mumbai Indians,Royal Challengers Bangalore,RG Sharma,Royal Challengers Bangalore,field,Wankhede Stadium,Mumbai,2018
1136574,2018-04-17,Royal Challengers Bangalore,Mumbai Indians,RG Sharma,Royal Challengers Bangalore,field,Wankhede Stadium,Mumbai,2018
1136575,2018-04-18,Rajasthan Royals,Kolkata Knight Riders,N Rana,Kolkata Knight Riders,field,Sawai Mansingh Stadium,Jaipur,2018
1136575,2018-04-18,Kolkata Knight Riders,Rajasthan Royals,N Rana,Kolkata Knight Riders,field,Sawai Mansingh Stadium,Jaipur,2018
1136576,2018-04-19,Kings XI Punjab,Sunrisers Hyderabad,CH Gayle,Kings XI Punjab,bat,Punjab Cricket Association IS Bindra Stadium,Chandigarh,2018
1136576,2018-04-19,Sunrisers Hyderabad,Kings XI Punjab,CH Gayle,Kings XI Punjab,bat,Punjab Cricket Association IS Bindra Stadium,Chandigarh,2018
1136577,2018-04-20,Chennai Super Kings,Rajasthan Royals,SR Watson,Rajasthan Royals,field,Maharashtra Cricket Association Stadium,Pune,2018
1136577,2018-04-20,Rajasthan Royals,Chennai Super Kings,SR Watson,Rajasthan Royals,field,Maharashtra Cricket Association Stadium,Pune,2018
1136578,2018-04-21,Kolkata Knight Riders,Kings XI Punjab,KL Rahul,Kings XI Punjab,field,Eden Gardens,Kolkata,2018
1136578,2018-04-21,Kings XI Punjab,Kolkata Knight Riders,KL Rahul,Kings XI Punjab,field,Eden Gardens,Kolkata,2018
1136579,2018-04-21,Delhi Daredevils,Royal Challengers Bangalore,AB de Villiers,Royal Challengers Bangalore,field,M.Chinnaswamy Stadium,Bengaluru,2018
1136579,2018-04-21,Royal Challengers Bangalore,Delhi Daredevils,AB de Villiers,Royal Challengers Bangalore,field,M.Chinnaswamy Stadium,Bengaluru,2018
1136580,2018-04-22,Chennai Super Kings,Sunrisers Hyderabad,AT Rayudu,Sunrisers Hyderabad,field,Rajiv Gandhi International Stadium,Hyderabad,2018
1136580,2018-04-22,Sunrisers Hyderabad,Chennai Super Kings,AT Rayudu,Sunrisers Hyderabad,field,Rajiv Gandhi International Stadium,Hyderabad,2018
1136581,2018-04-22,Mumbai Indians,Rajasthan Royals,JC Archer,Mumbai Indians,bat,Sawai Mansingh Stadium,Jaipur,2018
1136581,2018-04-22,Rajasthan Royals,Mumbai Indians,JC Archer,Mumbai Indians,bat,Sawai Mansingh Stadium,Jaipur,2018
1136582,2018-04-23,Kings XI Punjab,Delhi Daredevils,AS Rajpoot,Delhi Daredevils,field,Arun Jaitley Stadium,Delhi,2018
1136582,2018-04-23,Delhi Daredevils,Kings XI Punjab,AS Rajpoot,Delhi Daredevils,field,Arun Jaitley Stadium,Delhi,2018
1136583,2018-04-24,Sunrisers Hyderabad,Mumbai Indians,Rashid Khan,Mumbai Indians,field,Wankhede Stadium,Mumbai,2018
1136583,2018-04-24,Mumbai Indians,Sunrisers Hyderabad,Rashid Khan,Mumbai Indians,field,Wankhede Stadium,Mumbai,2018
1136584,2018-04-25,Royal Challengers Bangalore,Chennai Super Kings,MS Dhoni,Chennai Super Kings,field,M.Chinnaswamy Stadium,Bengaluru,2018
1136584,2018-04-25,Chennai Super Kings,Royal Challengers Bangalore,MS Dhoni,Chennai Super Kings,field,M.Chinnaswamy Stadium,Bengaluru,2018
1136585,2018-04-26,Sunrisers Hyderabad,Kings XI Punjab,AS Rajpoot,Kings XI Punjab,field,Rajiv Gandhi International Stadium,Hyderabad,2018
1136585,2018-04-26,Kings XI Punjab,Sunrisers Hyderabad,AS Rajpoot,Kings XI Punjab,field,Rajiv Gandhi International Stadium,Hyderabad,2018
1136586,2018-04-27,Delhi Daredevils,Kolkata Knight Riders,SS Iyer,Kolkata Knight Riders,field,Arun Jaitley Stadium,Delhi,2018
1136586,2018-04-27,Kolkata Knight Riders,Delhi Daredevils,SS Iyer,Kolkata Knight Riders,field,Arun Jaitley Stadium,Delhi,2018
1136587,2018-04-28,Chennai Super Kings,Mumbai Indians,RG Sharma,Mumbai Indians,field,Maharashtra Cricket Association Stadium,Pune,2018
1136587,2018-04-28,Mumbai Indians,Chennai Super Kings,RG Sharma,Mumbai Indians,field,Maharashtra Cricket Association Stadium,Pune,2018
1136588,2018-04-29,Sunrisers Hyderabad,Rajasthan Royals,KS Williamson,Sunrisers Hyderabad,bat,Sawai Mansingh Stadium,Jaipur,2018
1136588,2018-04-29,Rajasthan Royals,Sunrisers Hyderabad,KS Williamson,Sunrisers Hyderabad,bat,Sawai Mansingh Stadium,Jaipur,2018
1136589,2018-04-29,Royal Challengers Bangalore,Kolkata Knight Riders,CA Lynn,Kolkata Knight Riders,field,M.Chinnaswamy Stadium,Bengaluru,2018
1136589,2018-04-29,Kolkata Knight Riders,Royal Challengers Bangalore,CA Lynn,Kolkata Knight Riders,field,M.Chinnaswamy Stadium,Bengaluru,2018
1136590,2018-04-30,Chennai Super Kings,Delhi Daredevils,SR Watson,Delhi Daredevils,field,Maharashtra Cricket Association Stadium,Pune,2018
1136590,2018-04-30,Delhi Daredevils,Chennai Super Kings,SR Watson,Delhi Daredevils,field,Maharashtra Cricket Association Stadium,Pune,2018
1136591,2018-05-01,Royal Challengers Bangalore,Mumbai Indians,TG Southee,Mumbai Indians,field,M.Chinnaswamy Stadium,Bengaluru,2018
1136591,2018-05-01,Mumbai Indians,Royal Challengers Bangalore,TG Southee,Mumbai Indians,field,M.Chinnaswamy Stadium,Bengaluru,2018
1136592,2018-05-02,Delhi Daredevils,Rajasthan Royals,RR Pant,Rajasthan Royals,field,Arun Jaitley Stadium,Delhi,2018
1136592,2018-05-02,Rajasthan Royals,Delhi Daredevils,RR Pant,Rajasthan Royals,field,Arun Jaitley Stadium,Delhi,2018
1136593,2018-05-03,Chennai Super Kings,Kolkata Knight Riders,SP Narine,Kolkata Knight Riders,field,Eden Gardens,Kolkata,2018
1136593,2018-05-03,Kolkata Knight Riders,Chennai Super Kings,SP Narine,Kolkata Knight Riders,field,Eden Gardens,Kolkata,2018
1136594,2018-05-04,Kings XI Punjab,Mumbai Indians,SA Yadav,Mumbai Indians,field,Holkar Cricket Stadium,Indore,2018
1136594,2018-05-04,Mumbai Indians,Kings XI Punjab,SA Yadav,Mumbai Indians,field,Holkar Cricket Stadium,Indore,2018
1136595,2018-05-05,Royal Challengers Bangalore,Chennai Super Kings,RA Jadeja,Chennai Super Kings,field,Maharashtra Cricket Association Stadium,Pune,2018
1136595,2018-05-05,Chennai Super Kings,Royal Challengers Bangalore,RA Jadeja,Chennai Super Kings,field,Maharashtra Cricket Association Stadium,Pune,2018
1136596,2018-05-05,Delhi Daredevils,Sunrisers Hyderabad,Rashid Khan,Delhi Daredevils,bat,Rajiv Gandhi International Stadium,Hyderabad,2018
1136596,2018-05-05,Sunrisers Hyderabad,Delhi Daredevils,Rashid Khan,Delhi Daredevils,bat,Rajiv Gandhi International Stadium,Hyderabad,2018
1136597,2018-05-06,Mumbai Indians,Kolkata Knight Riders,HH Pandya,Kolkata Knight Riders,field,Wankhede Stadium,Mumbai,2018
1136597,2018-05-06,Kolkata Knight Riders,Mumbai Indians,HH Pandya,Kolkata Knight Riders,field,Wankhede Stadium,Mumbai,2018
1136598,2018-05-06,Rajasthan Royals,Kings XI Punjab,Mujeeb Ur Rahman,Kings XI Punjab,field,Holkar Cricket Stadium,Indore,2018
1136598,2018-05-06,Kings XI Punjab,Rajasthan Royals,Mujeeb Ur Rahman,Kings XI Punjab,field,Holkar Cricket Stadium,Indore,2018
1136599,2018-05-07,Sunrisers Hyderabad,Royal Challengers Bangalore,KS Williamson,Royal Challengers Bangalore,field,Rajiv Gandhi International Stadium,Hyderabad,2018
1136599,2018-05-07,Royal Challengers Bangalore,Sunrisers Hyderabad,KS Williamson,Royal Challengers Bangalore,field,Rajiv Gandhi International Stadium,Hyderabad,2018
1136600,2018-05-08,Rajasthan Royals,Kings XI Punjab,JC Buttler,Rajasthan Royals,bat,Sawai Mansingh Stadium,Jaipur,2018
1136600,2018-05-08,Kings XI Punjab,Rajasthan Royals,JC Buttler,Rajasthan Royals,bat,Sawai Mansingh Stadium,Jaipur,2018
1136601,2018-05-09,Mumbai Indians,Kolkata Knight Riders,Ishan Kishan,Kolkata Knight Riders,field,Eden Gardens,Kolkata,2018
1136601,2018-05-09,Kolkata Knight Riders,Mumbai Indians,Ishan Kishan,Kolkata Knight Riders,field,Eden Gardens,Kolkata,2018
1136602,2018-05-10,Delhi Daredevils,Sunrisers Hyderabad,S Dhawan,Delhi Daredevils,bat,Arun Jaitley Stadium,Delhi,2018
1136602,2018-05-10,Sunrisers Hyderabad,Delhi Daredevils,S Dhawan,Delhi Daredevils,bat,Arun Jaitley Stadium,Delhi,2018
1136603,2018-05-11,Chennai Super Kings,Rajasthan Royals,JC Buttler,Chennai Super Kings,bat,Sawai Mansingh Stadium,Jaipur,2018
1136603,2018-05-11,Rajasthan Royals,Chennai Super Kings,JC Buttler,Chennai Super Kings,bat,Sawai Mansingh Stadium,Jaipur,2018
1136604,2018-05-12,Kolkata Knight Riders,Kings XI Punjab,SP Narine,Kings XI Punjab,field,Holkar Cricket Stadium,Indore,2018
1136604,2018-05-12,Kings XI Punjab,Kolkata Knight Riders,SP Narine,Kings XI Punjab,field,Holkar Cricket Stadium,Indore,2018
1136605,2018-05-12,Delhi Daredevils,Royal Challengers Bangalore,AB de Villiers,Royal Challengers Bangalore,field,Arun Jaitley Stadium,Delhi,2018
1136605,2018-05-12,Royal Challengers Bangalore,Delhi Daredevils,AB de Villiers,Royal Challengers Bangalore,field,Arun Jaitley Stadium,Delhi,2018
1136606,2018-05-13,Sunrisers Hyderabad,Chennai Super Kings,AT Rayudu,Chennai Super Kings,field,Maharashtra Cricket Association Stadium,Pune,2018
1136606,2018-05-13,Chennai Super Kings,Sunrisers Hyderabad,AT Rayudu,Chennai Super Kings,field,Maharashtra Cricket Association Stadium,Pune,2018
1136607,2018-05-13,Mumbai Indians,Rajasthan Royals,JC Buttler,Rajasthan Royals,field,Wankhede Stadium,Mumbai,2018
1136607,2018-05-13,Rajasthan Royals,Mumbai Indians,JC Buttler,Rajasthan Royals,field,Wankhede Stadium,Mumbai,2018
1136608,2018-05-14,Kings XI Punjab,Royal Challengers Bangalore,UT Yadav,Royal Challengers Bangalore,field,Holkar Cricket Stadium,Indore,2018
1136608,2018-05-14,Royal Challengers Bangalore,Kings XI Punjab,UT Yadav,Royal Challengers Bangalore,field,Holkar Cricket Stadium,Indore,2018
1136609,2018-05-15,Rajasthan Royals,Kolkata Knight Riders,Kuldeep Yadav,Kolkata Knight Riders,field,Eden Gardens,Kolkata,2018
1136609,2018-05-15,Kolkata Knight Riders,Rajasthan Royals,Kuldeep Yadav,Kolkata Knight Riders,field,Eden Gardens,Kolkata,2018
1136610,2018-05-16,Mumbai Indians,Kings XI Punjab,JJ Bumrah,Kings XI Punjab,field,Wankhede Stadium,Mumbai,2018
1136610,2018-05-16,Kings XI Punjab,Mumbai Indians,JJ Bumrah,Kings XI Punjab,field,Wankhede Stadium,Mumbai,2018
1136611,2018-05-17,Royal Challengers Bangalore,Sunrisers Hyderabad,AB de Villiers,Sunrisers Hyderabad,field,M.Chinnaswamy Stadium,Bengaluru,2018
1136611,2018-05-17,Sunrisers Hyderabad,Royal Challengers Bangalore,AB de Villiers,Sunrisers Hyderabad,field,M.Chinnaswamy Stadium,Bengaluru,2018
1136612,2018-05-18,Delhi Daredevils,Chennai Super Kings,HV Patel,Chennai Super Kings,field,Arun Jaitley Stadium,Delhi,2018
1136612,2018-05-18,Chennai Super Kings,Delhi Daredevils,HV Patel,Chennai Super Kings,field,Arun Jaitley Stadium,Delhi,2018
1136613,2018-05-19,Rajasthan Royals,Royal Challengers Bangalore,S Gopal,Rajasthan Royals,bat,Sawai Mansingh Stadium,Jaipur,2018
1136613,2018-05-19,Royal Challengers Bangalore,Rajasthan Royals,S Gopal,Rajasthan Royals,bat,Sawai Mansingh Stadium,Jaipur,2018
1136614,2018-05-19,Sunrisers Hyderabad,Kolkata Knight Riders,CA Lynn,Sunrisers Hyderabad,bat,Rajiv Gandhi International Stadium,Hyderabad,2018
1136614,2018-05-19,Kolkata Knight Riders,Sunrisers Hyderabad,CA Lynn,Sunrisers Hyderabad,bat,Rajiv Gandhi International Stadium,Hyderabad,2018
1136615,2018-05-20,Delhi Daredevils,Mumbai Indians,A Mishra,Delhi Daredevils,bat,Arun Jaitley Stadium,Delhi,2018
1136615,2018-05-20,Mumbai Indians,Delhi Daredevils,A Mishra,Delhi Daredevils,bat,Arun Jaitley Stadium,Delhi,2018
1136616,2018-05-20,Kings XI Punjab,Chennai Super Kings,L Ngidi,Chennai Super Kings,field,Maharashtra Cricket Association Stadium,Pune,2018
1136616,2018-05-20,Chennai Super Kings,Kings XI Punjab,L Ngidi,Chennai Super Kings,field,Maharashtra Cricket Association Stadium,Pune,2018
1136617,2018-05-22,Sunrisers Hyderabad,Chennai Super Kings,F du Plessis,Chennai Super Kings,field,Wankhede Stadium,Mumbai,2018
1136617,2018-05-22,Chennai Super Kings,Sunrisers Hyderabad,F du Plessis,Chennai Super Kings,field,Wankhede Stadium,Mumbai,2018
1136618,2018-05-23,Kolkata Knight Riders,Rajasthan Royals,AD Russell,Rajasthan Royals,field,Eden Gardens,Kolkata,2018
1136618,2018-05-23,Rajasthan Royals,Kolkata Knight Riders,AD Russell,Rajasthan Royals,field,Eden Gardens,Kolkata,2018
1136619,2018-05-25,Sunrisers Hyderabad,Kolkata Knight Riders,Rashid Khan,Kolkata Knight Riders,field,Eden Gardens,Kolkata,2018
1136619,2018-05-25,Kolkata Knight Riders,Sunrisers Hyderabad,Rashid Khan,Kolkata Knight Riders,field,Eden Gardens,Kolkata,2018
1136620,2018-05-27,Sunrisers Hyderabad,Chennai Super Kings,SR Watson,Chennai Super Kings,field,Wankhede Stadium,Mumbai,2018
1136620,2018-05-27,Chennai Super Kings,Sunrisers Hyderabad,SR Watson,Chennai Super Kings,field,Wankhede Stadium,Mumbai,2018
1175356,2019-03-23,Royal Challengers Bangalore,Chennai Super Kings,Harbhajan Singh,Chennai Super Kings,field,MA Chidambaram Stadium,Chennai,2019
1175356,2019-03-23,Chennai Super Kings,Royal Challengers Bangalore,Harbhajan Singh,Chennai Super Kings,field,MA Chidambaram Stadium,Chennai,2019
1175357,2019-03-24,Sunrisers Hyderabad,Kolkata Knight Riders,AD Russell,Kolkata Knight Riders,field,Eden Gardens,Kolkata,2019
1175357,2019-03-24,Kolkata Knight Riders,Sunrisers Hyderabad,AD Russell,Kolkata Knight Riders,field,Eden Gardens,Kolkata,2019
1175358,2019-03-24,Delhi Capitals,Mumbai Indians,RR Pant,Mumbai Indians,field,Wankhede Stadium,Mumbai,2019
1175358,2019-03-24,Mumbai Indians,Delhi Capitals,RR Pant,Mumbai Indians,field,Wankhede Stadium,Mumbai,2019
1175359,2019-03-25,Kings XI Punjab,Rajasthan Royals,CH Gayle,Rajasthan Royals,field,Sawai Mansingh Stadium,Jaipur,2019
1175359,2019-03-25,Rajasthan Royals,Kings XI Punjab,CH Gayle,Rajasthan Royals,field,Sawai Mansingh Stadium,Jaipur,2019
1175360,2019-03-26,Delhi Capitals,Chennai Super Kings,SR Watson,Delhi Capitals,bat,Arun Jaitley Stadium,Delhi,2019
1175360,2019-03-26,Chennai Super Kings,Delhi Capitals,SR Watson,Delhi Capitals,bat,Arun Jaitley Stadium,Delhi,2019
1175361,2019-03-27,Kolkata Knight Riders,Kings XI Punjab,AD Russell,Kings XI Punjab,field,Eden Gardens,Kolkata,2019
1175361,2019-03-27,Kings XI Punjab,Kolkata Knight Riders,AD Russell,Kings XI Punjab,field,Eden Gardens,Kolkata,2019
1175362,2019-03-28,Mumbai Indians,Royal Challengers Bangalore,JJ Bumrah,Royal Challengers Bangalore,field,M.Chinnaswamy Stadium,Bengaluru,2019
1175362,2019-03-28,Royal Challengers Bangalore,Mumbai Indians,JJ Bumrah,Royal Challengers Bangalore,field,M.Chinnaswamy Stadium,Bengaluru,2019
1175363,2019-03-29,Rajasthan Royals,Sunrisers Hyderabad,Rashid Khan,Rajasthan Royals,bat,Rajiv Gandhi International Stadium,Hyderabad,2019
1175363,2019-03-29,Sunrisers Hyderabad,Rajasthan Royals,Rashid Khan,Rajasthan Royals,bat,Rajiv Gandhi International Stadium,Hyderabad,2019
1175364,2019-03-30,Mumbai Indians,Kings XI Punjab,MA Agarwal,Kings XI Punjab,field,Punjab Cricket Association IS Bindra Stadium,Chandigarh,2019
1175364,2019-03-30,Kings XI Punjab,Mumbai Indians,MA Agarwal,Kings XI Punjab,field,Punjab Cricket Association IS Bindra Stadium,Chandigarh,2019
1175365,2019-03-30,Kolkata Knight Riders,Delhi Capitals,PP Shaw,Delhi Capitals,field,Arun Jaitley Stadium,Delhi,2019
1175365,2019-03-30,Delhi Capitals,Kolkata Knight Riders,PP Shaw,Delhi Capitals,field,Arun Jaitley Stadium,Delhi,2019
1175366,2019-03-31,Sunrisers Hyderabad,Royal Challengers Bangalore,JM Bairstow,Royal Challengers Bangalore,field,Rajiv Gandhi International Stadium,Hyderabad,2019
1175366,2019-03-31,Royal Challengers Bangalore,Sunrisers Hyderabad,JM Bairstow,Royal Challengers Bangalore,field,Rajiv Gandhi International Stadium,Hyderabad,2019
1175367,2019-03-31,Chennai Super Kings,Rajasthan Royals,MS Dhoni,Rajasthan Royals,field,MA Chidambaram Stadium,Chennai,2019
1175367,2019-03-31,Rajasthan Royals,Chennai Super Kings,MS Dhoni,Rajasthan Royals,field,MA Chidambaram Stadium,Chennai,2019
1175368,2019-04-01,Kings XI Punjab,Delhi Capitals,SM Curran,Delhi Capitals,field,Punjab Cricket Association IS Bindra Stadium,Chandigarh,2019
1175368,2019-04-01,Delhi Capitals,Kings XI Punjab,SM Curran,Delhi Capitals,field,Punjab Cricket Association IS Bindra Stadium,Chandigarh,2019
1175369,2019-04-02,Royal Challengers Bangalore,Rajasthan Royals,S Gopal,Rajasthan Royals,field,Sawai Mansingh Stadium,Jaipur,2019
1175369,2019-04-02,Rajasthan Royals,Royal Challengers Bangalore,S Gopal,Rajasthan Royals,field,Sawai Mansingh Stadium,Jaipur,2019
1175370,2019-04-03,Mumbai Indians,Chennai Super Kings,HH Pandya,Chennai Super Kings,field,Wankhede Stadium,Mumbai,2019
1175370,2019-04-03,Chennai Super Kings,Mumbai Indians,HH Pandya,Chennai Super Kings,field,Wankhede Stadium,Mumbai,2019
1175371,2019-04-04,Delhi Capitals,Sunrisers Hyderabad,JM Bairstow,Sunrisers Hyderabad,field,Arun Jaitley Stadium,Delhi,2019
1175371,2019-04-04,Sunrisers Hyderabad,Delhi Capitals,JM Bairstow,Sunrisers Hyderabad,field,Arun Jaitley Stadium,Delhi,2019
1175372,2019-04-05,Royal Challengers Bangalore,Kolkata Knight Riders,AD Russell,Kolkata Knight Riders,field,M.Chinnaswamy Stadium,Bengaluru,2019
1175372,2019-04-05,Kolkata Knight Riders,Royal Challengers Bangalore,AD Russell,Kolkata Knight Riders,field,M.Chinnaswamy Stadium,Bengaluru,2019
1178393,2019-04-06,Chennai Super Kings,Kings XI Punjab,Harbhajan Singh,Chennai Super Kings,bat,MA Chidambaram Stadium,Chennai,2019
1178393,2019-04-06,Kings XI Punjab,Chennai Super Kings,Harbhajan Singh,Chennai Super Kings,bat,MA Chidambaram Stadium,Chennai,2019
1178394,2019-04-06,Mumbai Indians,Sunrisers Hyderabad,AS Joseph,Sunrisers Hyderabad,field,Rajiv Gandhi International Stadium,Hyderabad,2019
1178394,2019-04-06,Sunrisers Hyderabad,Mumbai Indians,AS Joseph,Sunrisers Hyderabad,field,Rajiv Gandhi International Stadium,Hyderabad,2019
1178395,2019-04-07,Royal Challengers Bangalore,Delhi Capitals,K Rabada,Delhi Capitals,field,M.Chinnaswamy Stadium,Bengaluru,2019
1178395,2019-04-07,Delhi Capitals,Royal Challengers Bangalore,K Rabada,Delhi Capitals,field,M.Chinnaswamy Stadium,Bengaluru,2019
1178396,2019-04-07,Rajasthan Royals,Kolkata Knight Riders,HF Gurney,Kolkata Knight Riders,field,Sawai Mansingh Stadium,Jaipur,2019
1178396,2019-04-07,Kolkata Knight Riders,Rajasthan Royals,HF Gurney,Kolkata Knight Riders,field,Sawai Mansingh Stadium,Jaipur,2019
1178397,2019-04-08,Sunrisers Hyderabad,Kings XI Punjab,KL Rahul,Kings XI Punjab,field,Punjab Cricket Association IS Bindra Stadium,Chandigarh,2019
1178397,2019-04-08,Kings XI Punjab,Sunrisers Hyderabad,KL Rahul,Kings XI Punjab,field,Punjab Cricket Association IS Bindra Stadium,Chandigarh,2019
1178398,2019-04-09,Kolkata Knight Riders,Chennai Super Kings,DL Chahar,Chennai Super Kings,field,MA Chidambaram Stadium,Chennai,2019
1178398,2019-04-09,Chennai Super Kings,Kolkata Knight Riders,DL Chahar,Chennai Super Kings,field,MA Chidambaram Stadium,Chennai,2019
1178399,2019-04-10,Kings XI Punjab,Mumbai Indians,KA Pollard,Mumbai Indians,field,Wankhede Stadium,Mumbai,2019
1178399,2019-04-10,Mumbai Indians,Kings XI Punjab,KA Pollard,Mumbai Indians,field,Wankhede Stadium,Mumbai,2019
1178400,2019-04-11,Rajasthan Royals,Chennai Super Kings,MS Dhoni,Chennai Super Kings,field,Sawai Mansingh Stadium,Jaipur,2019
1178400,2019-04-11,Chennai Super Kings,Rajasthan Royals,MS Dhoni,Chennai Super Kings,field,Sawai Mansingh Stadium,Jaipur,2019
1178401,2019-04-12,Kolkata Knight Riders,Delhi Capitals,S Dhawan,Delhi Capitals,field,Eden Gardens,Kolkata,2019
1178401,2019-04-12,Delhi Capitals,Kolkata Knight Riders,S Dhawan,Delhi Capitals,field,Eden Gardens,Kolkata,2019
1178402,2019-04-13,Mumbai Indians,Rajasthan Royals,JC Buttler,Rajasthan Royals,field,Wankhede Stadium,Mumbai,2019
1178402,2019-04-13,Rajasthan Royals,Mumbai Indians,JC Buttler,Rajasthan Royals,field,Wankhede Stadium,Mumbai,2019
1178403,2019-04-13,Kings XI Punjab,Royal Challengers Bangalore,AB de Villiers,Royal Challengers Bangalore,field,Punjab Cricket Association IS Bindra Stadium,Chandigarh,2019
1178403,2019-04-13,Royal Challengers Bangalore,Kings XI Punjab,AB de Villiers,Royal Challengers Bangalore,field,Punjab Cricket Association IS Bindra Stadium,Chandigarh,2019
1178404,2019-04-14,Kolkata Knight Riders,Chennai Super Kings,Imran Tahir,Chennai Super Kings,field,Eden Gardens,Kolkata,2019
1178404,2019-04-14,Chennai Super Kings,Kolkata Knight Riders,Imran Tahir,Chennai Super Kings,field,Eden Gardens,Kolkata,2019
1178405,2019-04-14,Delhi Capitals,Sunrisers Hyderabad,KMA Paul,Sunrisers Hyderabad,field,Rajiv Gandhi International Stadium,Hyderabad,2019
1178405,2019-04-14,Sunrisers Hyderabad,Delhi Capitals,KMA Paul,Sunrisers Hyderabad,field,Rajiv Gandhi International Stadium,Hyderabad,2019
1178406,2019-04-15,Royal Challengers Bangalore,Mumbai Indians,SL Malinga,Mumbai Indians,field,Wankhede Stadium,Mumbai,2019
1178406,2019-04-15,Mumbai Indians,Royal Challengers Bangalore,SL Malinga,Mumbai Indians,field,Wankhede Stadium,Mumbai,2019
1178407,2019-04-16,Kings XI Punjab,Rajasthan Royals,R Ashwin,Rajasthan Royals,field,Punjab Cricket Association IS Bindra Stadium,Chandigarh,2019
1178407,2019-04-16,Rajasthan Royals,Kings XI Punjab,R Ashwin,Rajasthan Royals,field,Punjab Cricket Association IS Bindra Stadium,Chandigarh,2019
1178408,2019-04-17,Chennai Super Kings,Sunrisers Hyderabad,DA Warner,Chennai Super Kings,bat,Rajiv Gandhi International Stadium,Hyderabad,2019
1178408,2019-04-17,Sunrisers Hyderabad,Chennai Super Kings,DA Warner,Chennai Super Kings,bat,Rajiv Gandhi International Stadium,Hyderabad,2019
1178409,2019-04-18,Mumbai Indians,Delhi Capitals,HH Pandya,Mumbai Indians,bat,Arun Jaitley Stadium,Delhi,2019
1178409,2019-04-18,Delhi Capitals,Mumbai Indians,HH Pandya,Mumbai Indians,bat,Arun Jaitley Stadium,Delhi,2019
1178410,2019-04-19,Royal Challengers Bangalore,Kolkata Knight Riders,V Kohli,Kolkata Knight Riders,field,Eden Gardens,Kolkata,2019
1178410,2019-04-19,Kolkata Knight Riders,Royal Challengers Bangalore,V Kohli,Kolkata Knight Riders,field,Eden Gardens,Kolkata,2019
1178411,2019-04-20,Mumbai Indians,Rajasthan Royals,SPD Smith,Rajasthan Royals,field,Sawai Mansingh Stadium,Jaipur,2019
1178411,2019-04-20,Rajasthan Royals,Mumbai Indians,SPD Smith,Rajasthan Royals,field,Sawai Mansingh Stadium,Jaipur,2019
1178412,2019-04-20,Kings XI Punjab,Delhi Capitals,SS Iyer,Delhi Capitals,field,Arun Jaitley Stadium,Delhi,2019
1178412,2019-04-20,Delhi Capitals,Kings XI Punjab,SS Iyer,Delhi Capitals,field,Arun Jaitley Stadium,Delhi,2019
1178413,2019-04-21,Kolkata Knight Riders,Sunrisers Hyderabad,KK Ahmed,Sunrisers Hyderabad,field,Rajiv Gandhi International Stadium,Hyderabad,2019
1178413,2019-04-21,Sunrisers Hyderabad,Kolkata Knight Riders,KK Ahmed,Sunrisers Hyderabad,field,Rajiv Gandhi International Stadium,Hyderabad,2019
1178414,2019-04-21,Royal Challengers Bangalore,Chennai Super Kings,PA Patel,Chennai Super Kings,field,M.Chinnaswamy Stadium,Bengaluru,2019
1178414,2019-04-21,Chennai Super Kings,Royal Challengers Bangalore,PA Patel,Chennai Super Kings,field,M.Chinnaswamy Stadium,Bengaluru,2019
1178415,2019-04-22,Rajasthan Royals,Delhi Capitals,RR Pant,Delhi Capitals,field,Sawai Mansingh Stadium,Jaipur,2019
1178415,2019-04-22,Delhi Capitals,Rajasthan Royals,RR Pant,Delhi Capitals,field,Sawai Mansingh Stadium,Jaipur,2019
1178416,2019-04-23,Sunrisers Hyderabad,Chennai Super Kings,SR Watson,Chennai Super Kings,field,MA Chidambaram Stadium,Chennai,2019
1178416,2019-04-23,Chennai Super Kings,Sunrisers Hyderabad,SR Watson,Chennai Super Kings,field,MA Chidambaram Stadium,Chennai,2019
1178417,2019-04-24,Royal Challengers Bangalore,Kings XI Punjab,AB de Villiers,Kings XI Punjab,field,M.Chinnaswamy Stadium,Bengaluru,2019
1178417,2019-04-24,Kings XI Punjab,Royal Challengers Bangalore,AB de Villiers,Kings XI Punjab,field,M.Chinnaswamy Stadium,Bengaluru,2019
1178418,2019-04-25,Kolkata Knight Riders,Rajasthan Royals,VR Aaron,Rajasthan Royals,field,Eden Gardens,Kolkata,2019
1178418,2019-04-25,Rajasthan Royals,Kolkata Knight Riders,VR Aaron,Rajasthan Royals,field,Eden Gardens,Kolkata,2019
1178419,2019-04-26,Mumbai Indians,Chennai Super Kings,RG Sharma,Chennai Super Kings,field,MA Chidambaram Stadium,Chennai,2019
1178419,2019-04-26,Chennai Super Kings,Mumbai Indians,RG Sharma,Chennai Super Kings,field,MA Chidambaram Stadium,Chennai,2019
1178420,2019-04-27,Sunrisers Hyderabad,Rajasthan Royals,JD Unadkat,Rajasthan Royals,field,Sawai Mansingh Stadium,Jaipur,2019
1178420,2019-04-27,Rajasthan Royals,Sunrisers Hyderabad,JD Unadkat,Rajasthan Royals,field,Sawai Mansingh Stadium,Jaipur,2019
1178421,2019-04-28,Delhi Capitals,Royal Challengers Bangalore,S Dhawan,Delhi Capitals,bat,Arun Jaitley Stadium,Delhi,2019
1178421,2019-04-28,Royal Challengers Bangalore,Delhi Capitals,S Dhawan,Delhi Capitals,bat,Arun Jaitley Stadium,Delhi,2019
1178422,2019-04-28,Kolkata Knight Riders,Mumbai Indians,AD Russell,Mumbai Indians,field,Eden Gardens,Kolkata,2019
1178422,2019-04-28,Mumbai Indians,Kolkata Knight Riders,AD Russell,Mumbai Indians,field,Eden Gardens,Kolkata,2019
1178423,2019-04-29,Sunrisers Hyderabad,Kings XI Punjab,DA Warner,Kings XI Punjab,field,Rajiv Gandhi International Stadium,Hyderabad,2019
1178423,2019-04-29,Kings XI Punjab,Sunrisers Hyderabad,DA Warner,Kings XI Punjab,field,Rajiv Gandhi International Stadium,Hyderabad,2019
1178424,2019-04-30,Royal Challengers Bangalore,Rajasthan Royals,Unknown,Rajasthan Royals,field,M.Chinnaswamy Stadium,Bengaluru,2019
1178424,2019-04-30,Rajasthan Royals,Royal Challengers Bangalore,Unknown,Rajasthan Royals,field,M.Chinnaswamy Stadium,Bengaluru,2019
1178425,2019-05-01,Chennai Super Kings,Delhi Capitals,MS Dhoni,Delhi Capitals,field,MA Chidambaram Stadium,Chennai,2019
1178425,2019-05-01,Delhi Capitals,Chennai Super Kings,MS Dhoni,Delhi Capitals,field,MA Chidambaram Stadium,Chennai,2019
1178426,2019-05-02,Mumbai Indians,Sunrisers Hyderabad,JJ Bumrah,Mumbai Indians,bat,Wankhede Stadium,Mumbai,2019
1178426,2019-05-02,Sunrisers Hyderabad,Mumbai Indians,JJ Bumrah,Mumbai Indians,bat,Wankhede Stadium,Mumbai,2019
1178427,2019-05-03,Kings XI Punjab,Kolkata Knight Riders,Shubman Gill,Kolkata Knight Riders,field,Punjab Cricket Association IS Bindra Stadium,Chandigarh,2019
1178427,2019-05-03,Kolkata Knight Riders,Kings XI Punjab,Shubman Gill,Kolkata Knight Riders,field,Punjab Cricket Association IS Bindra Stadium,Chandigarh,2019
1178428,2019-05-04,Rajasthan Royals,Delhi Capitals,A Mishra,Rajasthan Royals,bat,Arun Jaitley Stadium,Delhi,2019
1178428,2019-05-04,Delhi Capitals,Rajasthan Royals,A Mishra,Rajasthan Royals,bat,Arun Jaitley Stadium,Delhi,2019
1178429,2019-05-04,Sunrisers Hyderabad,Royal Challengers Bangalore,SO Hetmyer,Royal Challengers Bangalore,field,M.Chinnaswamy Stadium,Bengaluru,2019
1178429,2019-05-04,Royal Challengers Bangalore,Sunrisers Hyderabad,SO Hetmyer,Royal Challengers Bangalore,field,M.Chinnaswamy Stadium,Bengaluru,2019
1178430,2019-05-05,Chennai Super Kings,Kings XI Punjab,KL Rahul,Kings XI Punjab,field,Punjab Cricket Association IS Bindra Stadium,Chandigarh,2019
1178430,2019-05-05,Kings XI Punjab,Chennai Super Kings,KL Rahul,Kings XI Punjab,field,Punjab Cricket Association IS Bindra Stadium,Chandigarh,2019
1178431,2019-05-05,Kolkata Knight Riders,Mumbai Indians,HH Pandya,Mumbai Indians,field,Wankhede Stadium,Mumbai,2019
1178431,2019-05-05,Mumbai Indians,Kolkata Knight Riders,HH Pandya,Mumbai Indians,field,Wankhede Stadium,Mumbai,2019
1181764,2019-05-07,Chennai Super Kings,Mumbai Indians,SA Yadav,Chennai Super Kings,bat,MA Chidambaram Stadium,Chennai,2019
1181764,2019-05-07,Mumbai Indians,Chennai Super Kings,SA Yadav,Chennai Super Kings,bat,MA Chidambaram Stadium,Chennai,2019
1181766,2019-05-08,Sunrisers Hyderabad,Delhi Capitals,RR Pant,Delhi Capitals,field,Dr. Y.S. Rajasekhara Reddy ACA-VDCA Cricket Stadium,Visakhapatnam,2019
1181766,2019-05-08,Delhi Capitals,Sunrisers Hyderabad,RR Pant,Delhi Capitals,field,Dr. Y.S. Rajasekhara Reddy ACA-VDCA Cricket Stadium,Visakhapatnam,2019
1181767,2019-05-10,Delhi Capitals,Chennai Super Kings,F du Plessis,Chennai Super Kings,field,Dr. Y.S. Rajasekhara Reddy ACA-VDCA Cricket Stadium,Visakhapatnam,2019
1181767,2019-05-10,Chennai Super Kings,Delhi Capitals,F du Plessis,Chennai Super Kings,field,Dr. Y.S. Rajasekhara Reddy ACA-VDCA Cricket Stadium,Visakhapatnam,2019
1181768,2019-05-12,Mumbai Indians,Chennai Super Kings,JJ Bumrah,Mumbai Indians,bat,Rajiv Gandhi International Stadium,Hyderabad,2019
1181768,2019-05-12,Chennai Super Kings,Mumbai Indians,JJ Bumrah,Mumbai Indians,bat,Rajiv Gandhi International Stadium,Hyderabad,2019
1216492,2020-09-19,Mumbai Indians,Chennai Super Kings,AT Rayudu,Chennai Super Kings,field,Sheikh Zayed Stadium,Abu Dhabi,2020/21
1216492,2020-09-19,Chennai Super Kings,Mumbai Indians,AT Rayudu,Chennai Super Kings,field,Sheikh Zayed Stadium,Abu Dhabi,2020/21
1216493,2020-09-20,Delhi Capitals,Kings XI Punjab,MP Stoinis,Kings XI Punjab,field,Dubai International Cricket Stadium,Unknown,2020/21
1216493,2020-09-20,Kings XI Punjab,Delhi Capitals,MP Stoinis,Kings XI Punjab,field,Dubai International Cricket Stadium,Unknown,2020/21
1216534,2020-09-21,Royal Challengers Bangalore,Sunrisers Hyderabad,YS Chahal,Sunrisers Hyderabad,field,Dubai International Cricket Stadium,Unknown,2020/21
1216534,2020-09-21,Sunrisers Hyderabad,Royal Challengers Bangalore,YS Chahal,Sunrisers Hyderabad,field,Dubai International Cricket Stadium,Unknown,2020/21
1216496,2020-09-22,Rajasthan Royals,Chennai Super Kings,SV Samson,Chennai Super Kings,field,Sharjah Cricket Stadium,Unknown,2020/21
1216496,2020-09-22,Chennai Super Kings,Rajasthan Royals,SV Samson,Chennai Super Kings,field,Sharjah Cricket Stadium,Unknown,2020/21
1216508,2020-09-23,Mumbai Indians,Kolkata Knight Riders,RG Sharma,Kolkata Knight Riders,field,Sheikh Zayed Stadium,Abu Dhabi,2020/21
1216508,2020-09-23,Kolkata Knight Riders,Mumbai Indians,RG Sharma,Kolkata Knight Riders,field,Sheikh Zayed Stadium,Abu Dhabi,2020/21
1216510,2020-09-24,Kings XI Punjab,Royal Challengers Bangalore,KL Rahul,Royal Challengers Bangalore,field,Dubai International Cricket Stadium,Unknown,2020/21
1216510,2020-09-24,Royal Challengers Bangalore,Kings XI Punjab,KL Rahul,Royal Challengers Bangalore,field,Dubai International Cricket Stadium,Unknown,2020/21
1216539,2020-09-25,Delhi Capitals,Chennai Super Kings,PP Shaw,Chennai Super Kings,field,Dubai International Cricket Stadium,Unknown,2020/21
1216539,2020-09-25,Chennai Super Kings,Delhi Capitals,PP Shaw,Chennai Super Kings,field,Dubai International Cricket Stadium,Unknown,2020/21
1216545,2020-09-26,Sunrisers Hyderabad,Kolkata Knight Riders,Shubman Gill,Sunrisers Hyderabad,bat,Sheikh Zayed Stadium,Abu Dhabi,2020/21
1216545,2020-09-26,Kolkata Knight Riders,Sunrisers Hyderabad,Shubman Gill,Sunrisers Hyderabad,bat,Sheikh Zayed Stadium,Abu Dhabi,2020/21
1216527,2020-09-27,Kings XI Punjab,Rajasthan Royals,SV Samson,Rajasthan Royals,field,Sharjah Cricket Stadium,Unknown,2020/21
1216527,2020-09-27,Rajasthan Royals,Kings XI Punjab,SV Samson,Rajasthan Royals,field,Sharjah Cricket Stadium,Unknown,2020/21
1216547,2020-09-28,Royal Challengers Bangalore,Mumbai Indians,AB de Villiers,Mumbai Indians,field,Dubai International Cricket Stadium,Unknown,2020/21
1216547,2020-09-28,Mumbai Indians,Royal Challengers Bangalore,AB de Villiers,Mumbai Indians,field,Dubai International Cricket Stadium,Unknown,2020/21
1216532,2020-09-29,Sunrisers Hyderabad,Delhi Capitals,Rashid Khan,Delhi Capitals,field,Sheikh Zayed Stadium,Abu Dhabi,2020/21
1216532,2020-09-29,Delhi Capitals,Sunrisers Hyderabad,Rashid Khan,Delhi Capitals,field,Sheikh Zayed Stadium,Abu Dhabi,2020/21
1216504,2020-09-30,Kolkata Knight Riders,Rajasthan Royals,Shivam Mavi,Rajasthan Royals,field,Dubai International Cricket Stadium,Unknown,2020/21
1216504,2020-09-30,Rajasthan Royals,Kolkata Knight Riders,Shivam Mavi,Rajasthan Royals,field,Dubai International Cricket Stadium,Unknown,2020/21
1216503,2020-10-01,Mumbai Indians,Kings XI Punjab,KA Pollard,Kings XI Punjab,field,Sheikh Zayed Stadium,Abu Dhabi,2020/21
1216503,2020-10-01,Kings XI Punjab,Mumbai Indians,KA Pollard,Kings XI Punjab,field,Sheikh Zayed Stadium,Abu Dhabi,2020/21
1216516,2020-10-02,Sunrisers Hyderabad,Chennai Super Kings,PK Garg,Sunrisers Hyderabad,bat,Dubai International Cricket Stadium,Unknown,2020/21
1216516,2020-10-02,Chennai Super Kings,Sunrisers Hyderabad,PK Garg,Sunrisers Hyderabad,bat,Dubai International Cricket Stadium,Unknown,2020/21
1216514,2020-10-03,Rajasthan Royals,Royal Challengers Bangalore,YS Chahal,Rajasthan Royals,bat,Sheikh Zayed Stadium,Abu Dhabi,2020/21
1216514,2020-10-03,Royal Challengers Bangalore,Rajasthan Royals,YS Chahal,Rajasthan Royals,bat,Sheikh Zayed Stadium,Abu Dhabi,2020/21
1216515,2020-10-03,Delhi Capitals,Kolkata Knight Riders,SS Iyer,Kolkata Knight Riders,field,Sharjah Cricket Stadium,Unknown,2020/21
1216515,2020-10-03,Kolkata Knight Riders,Delhi Capitals,SS Iyer,Kolkata Knight Riders,field,Sharjah Cricket Stadium,Unknown,2020/21
1216513,2020-10-04,Kings XI Punjab,Chennai Super Kings,SR Watson,Kings XI Punjab,bat,Dubai International Cricket Stadium,Unknown,2020/21
1216513,2020-10-04,Chennai Super Kings,Kings XI Punjab,SR Watson,Kings XI Punjab,bat,Dubai International Cricket Stadium,Unknown,2020/21
1216538,2020-10-04,Mumbai Indians,Sunrisers Hyderabad,TA Boult,Mumbai Indians,bat,Sharjah Cricket Stadium,Unknown,2020/21
1216538,2020-10-04,Sunrisers Hyderabad,Mumbai Indians,TA Boult,Mumbai Indians,bat,Sharjah Cricket Stadium,Unknown,2020/21
1216519,2020-10-05,Delhi Capitals,Royal Challengers Bangalore,AR Patel,Royal Challengers Bangalore,field,Dubai International Cricket Stadium,Unknown,2020/21
1216519,2020-10-05,Royal Challengers Bangalore,Delhi Capitals,AR Patel,Royal Challengers Bangalore,field,Dubai International Cricket Stadium,Unknown,2020/21
1216511,2020-10-06,Mumbai Indians,Rajasthan Royals,SA Yadav,Mumbai Indians,bat,Sheikh Zayed Stadium,Abu Dhabi,2020/21
1216511,2020-10-06,Rajasthan Royals,Mumbai Indians,SA Yadav,Mumbai Indians,bat,Sheikh Zayed Stadium,Abu Dhabi,2020/21
1216501,2020-10-07,Kolkata Knight Riders,Chennai Super Kings,RA Tripathi,Kolkata Knight Riders,bat,Sheikh Zayed Stadium,Abu Dhabi,2020/21
1216501,2020-10-07,Chennai Super Kings,Kolkata Knight Riders,RA Tripathi,Kolkata Knight Riders,bat,Sheikh Zayed Stadium,Abu Dhabi,2020/21
1216542,2020-10-08,Sunrisers Hyderabad,Kings XI Punjab,JM Bairstow,Sunrisers Hyderabad,bat,Dubai International Cricket Stadium,Unknown,2020/21
1216542,2020-10-08,Kings XI Punjab,Sunrisers Hyderabad,JM Bairstow,Sunrisers Hyderabad,bat,Dubai International Cricket Stadium,Unknown,2020/21
1216500,2020-10-09,Delhi Capitals,Rajasthan Royals,R Ashwin,Rajasthan Royals,field,Sharjah Cricket Stadium,Unknown,2020/21
1216500,2020-10-09,Rajasthan Royals,Delhi Capitals,R Ashwin,Rajasthan Royals,field,Sharjah Cricket Stadium,Unknown,2020/21
1216523,2020-10-10,Kolkata Knight Riders,Kings XI Punjab,KD Karthik,Kolkata Knight Riders,bat,Sheikh Zayed Stadium,Abu Dhabi,2020/21
1216523,2020-10-10,Kings XI Punjab,Kolkata Knight Riders,KD Karthik,Kolkata Knight Riders,bat,Sheikh Zayed Stadium,Abu Dhabi,2020/21
1216525,2020-10-10,Royal Challengers Bangalore,Chennai Super Kings,V Kohli,Royal Challengers Bangalore,bat,Dubai International Cricket Stadium,Unknown,2020/21
1216525,2020-10-10,Chennai Super Kings,Royal Challengers Bangalore,V Kohli,Royal Challengers Bangalore,bat,Dubai International Cricket Stadium,Unknown,2020/21
1216507,2020-10-11,Sunrisers Hyderabad,Rajasthan Royals,R Tewatia,Sunrisers Hyderabad,bat,Dubai International Cricket Stadium,Unknown,2020/21
1216507,2020-10-11,Rajasthan Royals,Sunrisers Hyderabad,R Tewatia,Sunrisers Hyderabad,bat,Dubai International Cricket Stadium,Unknown,2020/21
1216529,2020-10-11,Delhi Capitals,Mumbai Indians,Q de Kock,Delhi Capitals,bat,Sheikh Zayed Stadium,Abu Dhabi,2020/21
1216529,2020-10-11,Mumbai Indians,Delhi Capitals,Q de Kock,Delhi Capitals,bat,Sheikh Zayed Stadium,Abu Dhabi,2020/21
1216540,2020-10-12,Royal Challengers Bangalore,Kolkata Knight Riders,AB de Villiers,Royal Challengers Bangalore,bat,Sharjah Cricket Stadium,Unknown,2020/21
1216540,2020-10-12,Kolkata Knight Riders,Royal Challengers Bangalore,AB de Villiers,Royal Challengers Bangalore,bat,Sharjah Cricket Stadium,Unknown,2020/21
1216528,2020-10-13,Chennai Super Kings,Sunrisers Hyderabad,RA Jadeja,Chennai Super Kings,bat,Dubai International Cricket Stadium,Unknown,2020/21
1216528,2020-10-13,Sunrisers Hyderabad,Chennai Super Kings,RA Jadeja,Chennai Super Kings,bat,Dubai International Cricket Stadium,Unknown,2020/21
1216543,2020-10-14,Delhi Capitals,Rajasthan Royals,A Nortje,Delhi Capitals,bat,Dubai International Cricket Stadium,Unknown,2020/21
1216543,2020-10-14,Rajasthan Royals,Delhi Capitals,A Nortje,Delhi Capitals,bat,Dubai International Cricket Stadium,Unknown,2020/21
1216531,2020-10-15,Royal Challengers Bangalore,Kings XI Punjab,KL Rahul,Royal Challengers Bangalore,bat,Sharjah Cricket Stadium,Unknown,2020/21
1216531,2020-10-15,Kings XI Punjab,Royal Challengers Bangalore,KL Rahul,Royal Challengers Bangalore,bat,Sharjah Cricket Stadium,Unknown,2020/21
1216526,2020-10-16,Kolkata Knight Riders,Mumbai Indians,Q de Kock,Kolkata Knight Riders,bat,Sheikh Zayed Stadium,Abu Dhabi,2020/21
1216526,2020-10-16,Mumbai Indians,Kolkata Knight Riders,Q de Kock,Kolkata Knight Riders,bat,Sheikh Zayed Stadium,Abu Dhabi,2020/21
1216509,2020-10-17,Chennai Super Kings,Delhi Capitals,S Dhawan,Chennai Super Kings,bat,Sharjah Cricket Stadium,Unknown,2020/21
1216509,2020-10-17,Delhi Capitals,Chennai Super Kings,S Dhawan,Chennai Super Kings,bat,Sharjah Cricket Stadium,Unknown,2020/21
1216522,2020-10-17,Rajasthan Royals,Royal Challengers Bangalore,AB de Villiers,Rajasthan Royals,bat,Dubai International Cricket Stadium,Unknown,2020/21
1216522,2020-10-17,Royal Challengers Bangalore,Rajasthan Royals,AB de Villiers,Rajasthan Royals,bat,Dubai International Cricket Stadium,Unknown,2020/21
1216512,2020-10-18,Kolkata Knight Riders,Sunrisers Hyderabad,LH Ferguson,Sunrisers Hyderabad,field,Sheikh Zayed Stadium,Abu Dhabi,2020/21
1216512,2020-10-18,Sunrisers Hyderabad,Kolkata Knight Riders,LH Ferguson,Sunrisers Hyderabad,field,Sheikh Zayed Stadium,Abu Dhabi,2020/21
1216517,2020-10-18,Mumbai Indians,Kings XI Punjab,KL Rahul,Mumbai Indians,bat,Dubai International Cricket Stadium,Unknown,2020/21
1216517,2020-10-18,Kings XI Punjab,Mumbai Indians,KL Rahul,Mumbai Indians,bat,Dubai International Cricket Stadium,Unknown,2020/21
1216533,2020-10-19,Chennai Super Kings,Rajasthan Royals,JC Buttler,Chennai Super Kings,bat,Sheikh Zayed Stadium,Abu Dhabi,2020/21
1216533,2020-10-19,Rajasthan Royals,Chennai Super Kings,JC Buttler,Chennai Super Kings,bat,Sheikh Zayed Stadium,Abu Dhabi,2020/21
1216546,2020-10-20,Delhi Capitals,Kings XI Punjab,S Dhawan,Delhi Capitals,bat,Dubai International Cricket Stadium,Unknown,2020/21
1216546,2020-10-20,Kings XI Punjab,Delhi Capitals,S Dhawan,Delhi Capitals,bat,Dubai International Cricket Stadium,Unknown,2020/21
1216494,2020-10-21,Kolkata Knight Riders,Royal Challengers Bangalore,Mohammed Siraj,Kolkata Knight Riders,bat,Sheikh Zayed Stadium,Abu Dhabi,2020/21
1216494,2020-10-21,Royal Challengers Bangalore,Kolkata Knight Riders,Mohammed Siraj,Kolkata Knight Riders,bat,Sheikh Zayed Stadium,Abu Dhabi,2020/21
1216518,2020-10-22,Rajasthan Royals,Sunrisers Hyderabad,MK Pandey,Sunrisers Hyderabad,field,Dubai International Cricket Stadium,Unknown,2020/21
1216518,2020-10-22,Sunrisers Hyderabad,Rajasthan Royals,MK Pandey,Sunrisers Hyderabad,field,Dubai International Cricket Stadium,Unknown,2020/21
1216521,2020-10-23,Chennai Super Kings,Mumbai Indians,TA Boult,Mumbai Indians,field,Sharjah Cricket Stadium,Unknown,2020/21
1216521,2020-10-23,Mumbai Indians,Chennai Super Kings,TA Boult,Mumbai Indians,field,Sharjah Cricket Stadium,Unknown,2020/21
1216497,2020-10-24,Kolkata Knight Riders,Delhi Capitals,CV Varun,Delhi Capitals,field,Sheikh Zayed Stadium,Abu Dhabi,2020/21
1216497,2020-10-24,Delhi Capitals,Kolkata Knight Riders,CV Varun,Delhi Capitals,field,Sheikh Zayed Stadium,Abu Dhabi,2020/21
1216498,2020-10-24,Kings XI Punjab,Sunrisers Hyderabad,CJ Jordan,Sunrisers Hyderabad,field,Dubai International Cricket Stadium,Unknown,2020/21
1216498,2020-10-24,Sunrisers Hyderabad,Kings XI Punjab,CJ Jordan,Sunrisers Hyderabad,field,Dubai International Cricket Stadium,Unknown,2020/21
1216541,2020-10-25,Mumbai Indians,Rajasthan Royals,BA Stokes,Mumbai Indians,bat,Sheikh Zayed Stadium,Abu Dhabi,2020/21
1216541,2020-10-25,Rajasthan Royals,Mumbai Indians,BA Stokes,Mumbai Indians,bat,Sheikh Zayed Stadium,Abu Dhabi,2020/21
1216544,2020-10-25,Royal Challengers Bangalore,Chennai Super Kings,RD Gaikwad,Royal Challengers Bangalore,bat,Dubai International Cricket Stadium,Unknown,2020/21
1216544,2020-10-25,Chennai Super Kings,Royal Challengers Bangalore,RD Gaikwad,Royal Challengers Bangalore,bat,Dubai International Cricket Stadium,Unknown,2020/21
1216520,2020-10-26,Kolkata Knight Riders,Kings XI Punjab,CH Gayle,Kings XI Punjab,field,Sharjah Cricket Stadium,Unknown,2020/21
1216520,2020-10-26,Kings XI Punjab,Kolkata Knight Riders,CH Gayle,Kings XI Punjab,field,Sharjah Cricket Stadium,Unknown,2020/21
1216524,2020-10-27,Sunrisers Hyderabad,Delhi Capitals,WP Saha,Delhi Capitals,field,Dubai International Cricket Stadium,Unknown,2020/21
1216524,2020-10-27,Delhi Capitals,Sunrisers Hyderabad,WP Saha,Delhi Capitals,field,Dubai International Cricket Stadium,Unknown,2020/21
1216499,2020-10-28,Royal Challengers Bangalore,Mumbai Indians,SA Yadav,Mumbai Indians,field,Sheikh Zayed Stadium,Abu Dhabi,2020/21
1216499,2020-10-28,Mumbai Indians,Royal Challengers Bangalore,SA Yadav,Mumbai Indians,field,Sheikh Zayed Stadium,Abu Dhabi,2020/21
1216536,2020-10-29,Kolkata Knight Riders,Chennai Super Kings,RD Gaikwad,Chennai Super Kings,field,Dubai International Cricket Stadium,Unknown,2020/21
1216536,2020-10-29,Chennai Super Kings,Kolkata Knight Riders,RD Gaikwad,Chennai Super Kings,field,Dubai International Cricket Stadium,Unknown,2020/21
1216537,2020-10-30,Kings XI Punjab,Rajasthan Royals,BA Stokes,Rajasthan Royals,field,Sheikh Zayed Stadium,Abu Dhabi,2020/21
1216537,2020-10-30,Rajasthan Royals,Kings XI Punjab,BA Stokes,Rajasthan Royals,field,Sheikh Zayed Stadium,Abu Dhabi,2020/21
1216502,2020-10-31,Royal Challengers Bangalore,Sunrisers Hyderabad,Sandeep Sharma,Sunrisers Hyderabad,field,Sharjah Cricket Stadium,Unknown,2020/21
1216502,2020-10-31,Sunrisers Hyderabad,Royal Challengers Bangalore,Sandeep Sharma,Sunrisers Hyderabad,field,Sharjah Cricket Stadium,Unknown,2020/21
1216535,2020-10-31,Delhi Capitals,Mumbai Indians,Ishan Kishan,Mumbai Indians,field,Dubai International Cricket Stadium,Unknown,2020/21
1216535,2020-10-31,Mumbai Indians,Delhi Capitals,Ishan Kishan,Mumbai Indians,field,Dubai International Cricket Stadium,Unknown,2020/21
1216506,2020-11-01,Kings XI Punjab,Chennai Super Kings,RD Gaikwad,Chennai Super Kings,field,Sheikh Zayed Stadium,Abu Dhabi,2020/21
1216506,2020-11-01,Chennai Super Kings,Kings XI Punjab,RD Gaikwad,Chennai Super Kings,field,Sheikh Zayed Stadium,Abu Dhabi,2020/21
1216530,2020-11-01,Kolkata Knight Riders,Rajasthan Royals,PJ Cummins,Rajasthan Royals,field,Dubai International Cricket Stadium,Unknown,2020/21
1216530,2020-11-01,Rajasthan Royals,Kolkata Knight Riders,PJ Cummins,Rajasthan Royals,field,Dubai International Cricket Stadium,Unknown,2020/21
1216505,2020-11-02,Royal Challengers Bangalore,Delhi Capitals,A Nortje,Delhi Capitals,field,Sheikh Zayed Stadium,Abu Dhabi,2020/21
1216505,2020-11-02,Delhi Capitals,Royal Challengers Bangalore,A Nortje,Delhi Capitals,field,Sheikh Zayed Stadium,Abu Dhabi,2020/21
1216495,2020-11-03,Mumbai Indians,Sunrisers Hyderabad,S Nadeem,Sunrisers Hyderabad,field,Sharjah Cricket Stadium,Unknown,2020/21
1216495,2020-11-03,Sunrisers Hyderabad,Mumbai Indians,S Nadeem,Sunrisers Hyderabad,field,Sharjah Cricket Stadium,Unknown,2020/21
1237177,2020-11-05,Mumbai Indians,Delhi Capitals,JJ Bumrah,Delhi Capitals,field,Dubai International Cricket Stadium,Unknown,2020/21
1237177,2020-11-05,Delhi Capitals,Mumbai Indians,JJ Bumrah,Delhi Capitals,field,Dubai International Cricket Stadium,Unknown,2020/21
1237178,2020-11-06,Royal Challengers Bangalore,Sunrisers Hyderabad,KS Williamson,Sunrisers Hyderabad,field,Sheikh Zayed Stadium,Abu Dhabi,2020/21
1237178,2020-11-06,Sunrisers Hyderabad,Royal Challengers Bangalore,KS Williamson,Sunrisers Hyderabad,field,Sheikh Zayed Stadium,Abu Dhabi,2020/21
1237180,2020-11-08,Delhi Capitals,Sunrisers Hyderabad,MP Stoinis,Delhi Capitals,bat,Sheikh Zayed Stadium,Abu Dhabi,2020/21
1237180,2020-11-08,Sunrisers Hyderabad,Delhi Capitals,MP Stoinis,Delhi Capitals,bat,Sheikh Zayed Stadium,Abu Dhabi,2020/21
1237181,2020-11-10,Delhi Capitals,Mumbai Indians,TA Boult,Delhi Capitals,bat,Dubai International Cricket Stadium,Unknown,2020/21
1237181,2020-11-10,Mumbai Indians,Delhi Capitals,TA Boult,Delhi Capitals,bat,Dubai International Cricket Stadium,Unknown,2020/21
1254058,2021-04-09,Mumbai Indians,Royal Challengers Bangalore,HV Patel,Royal Challengers Bangalore,field,"MA Chidambaram Stadium, Chepauk, Chennai",Chennai,2021
1254058,2021-04-09,Royal Challengers Bangalore,Mumbai Indians,HV Patel,Royal Challengers Bangalore,field,"MA Chidambaram Stadium, Chepauk, Chennai",Chennai,2021
1254059,2021-04-10,Chennai Super Kings,Delhi Capitals,S Dhawan,Delhi Capitals,field,"Wankhede Stadium, Mumbai",Mumbai,2021
1254059,2021-04-10,Delhi Capitals,Chennai Super Kings,S Dhawan,Delhi Capitals,field,"Wankhede Stadium, Mumbai",Mumbai,2021
1254060,2021-04-11,Kolkata Knight Riders,Sunrisers Hyderabad,N Rana,Sunrisers Hyderabad,field,"MA Chidambaram Stadium, Chepauk, Chennai",Chennai,2021
1254060,2021-04-11,Sunrisers Hyderabad,Kolkata Knight Riders,N Rana,Sunrisers Hyderabad,field,"MA Chidambaram Stadium, Chepauk, Chennai",Chennai,2021
1254061,2021-04-12,Punjab Kings,Rajasthan Royals,SV Samson,Rajasthan Royals,field,"Wankhede Stadium, Mumbai",Mumbai,2021
1254061,2021-04-12,Rajasthan Royals,Punjab Kings,SV Samson,Rajasthan Royals,field,"Wankhede Stadium, Mumbai",Mumbai,2021
1254062,2021-04-13,Mumbai Indians,Kolkata Knight Riders,RD Chahar,Kolkata Knight Riders,field,"MA Chidambaram Stadium, Chepauk, Chennai",Chennai,2021
1254062,2021-04-13,Kolkata Knight Riders,Mumbai Indians,RD Chahar,Kolkata Knight Riders,field,"MA Chidambaram Stadium, Chepauk, Chennai",Chennai,2021
1254063,2021-04-14,Royal Challengers Bangalore,Sunrisers Hyderabad,GJ Maxwell,Sunrisers Hyderabad,field,"MA Chidambaram Stadium, Chepauk, Chennai",Chennai,2021
1254063,2021-04-14,Sunrisers Hyderabad,Royal Challengers Bangalore,GJ Maxwell,Sunrisers Hyderabad,field,"MA Chidambaram Stadium, Chepauk, Chennai",Chennai,2021
1254064,2021-04-15,Delhi Capitals,Rajasthan Royals,JD Unadkat,Rajasthan Royals,field,"Wankhede Stadium, Mumbai",Mumbai,2021
1254064,2021-04-15,Rajasthan Royals,Delhi Capitals,JD Unadkat,Rajasthan Royals,field,"Wankhede Stadium, Mumbai",Mumbai,2021
1254065,2021-04-16,Punjab Kings,Chennai Super Kings,DL Chahar,Chennai Super Kings,field,"Wankhede Stadium, Mumbai",Mumbai,2021
1254065,2021-04-16,Chennai Super Kings,Punjab Kings,DL Chahar,Chennai Super Kings,field,"Wankhede Stadium, Mumbai",Mumbai,2021
1254066,2021-04-17,Mumbai Indians,Sunrisers Hyderabad,KA Pollard,Mumbai Indians,bat,"MA Chidambaram Stadium, Chepauk, Chennai",Chennai,2021
1254066,2021-04-17,Sunrisers Hyderabad,Mumbai Indians,KA Pollard,Mumbai Indians,bat,"MA Chidambaram Stadium, Chepauk, Chennai",Chennai,2021
1254067,2021-04-18,Royal Challengers Bangalore,Kolkata Knight Riders,AB de Villiers,Royal Challengers Bangalore,bat,"MA Chidambaram Stadium, Chepauk, Chennai",Chennai,2021
1254067,2021-04-18,Kolkata Knight Riders,Royal Challengers Bangalore,AB de Villiers,Royal Challengers Bangalore,bat,"MA Chidambaram Stadium, Chepauk, Chennai",Chennai,2021
1254068,2021-04-18,Punjab Kings,Delhi Capitals,S Dhawan,Delhi Capitals,field,"Wankhede Stadium, Mumbai",Mumbai,2021
1254068,2021-04-18,Delhi Capitals,Punjab Kings,S Dhawan,Delhi Capitals,field,"Wankhede Stadium, Mumbai",Mumbai,2021
1254069,2021-04-19,Chennai Super Kings,Rajasthan Royals,MM Ali,Rajasthan Royals,field,"Wankhede Stadium, Mumbai",Mumbai,2021
1254069,2021-04-19,Rajasthan Royals,Chennai Super Kings,MM Ali,Rajasthan Royals,field,"Wankhede Stadium, Mumbai",Mumbai,2021
1254070,2021-04-20,Mumbai Indians,Delhi Capitals,A Mishra,Mumbai Indians,bat,"MA Chidambaram Stadium, Chepauk, Chennai",Chennai,2021
1254070,2021-04-20,Delhi Capitals,Mumbai Indians,A Mishra,Mumbai Indians,bat,"MA Chidambaram Stadium, Chepauk, Chennai",Chennai,2021
1254071,2021-04-21,Punjab Kings,Sunrisers Hyderabad,JM Bairstow,Punjab Kings,bat,"MA Chidambaram Stadium, Chepauk, Chennai",Chennai,2021
1254071,2021-04-21,Sunrisers Hyderabad,Punjab Kings,JM Bairstow,Punjab Kings,bat,"MA Chidambaram Stadium, Chepauk, Chennai",Chennai,2021
1254072,2021-04-21,Chennai Super Kings,Kolkata Knight Riders,F du Plessis,Kolkata Knight Riders,field,"Wankhede Stadium, Mumbai",Mumbai,2021
1254072,2021-04-21,Kolkata Knight Riders,Chennai Super Kings,F du Plessis,Kolkata Knight Riders,field,"Wankhede Stadium, Mumbai",Mumbai,2021
1254073,2021-04-22,Rajasthan Royals,Royal Challengers Bangalore,D Padikkal,Royal Challengers Bangalore,field,"Wankhede Stadium, Mumbai",Mumbai,2021
1254073,2021-04-22,Royal Challengers Bangalore,Rajasthan Royals,D Padikkal,Royal Challengers Bangalore,field,"Wankhede Stadium, Mumbai",Mumbai,2021
1254074,2021-04-23,Mumbai Indians,Punjab Kings,KL Rahul,Punjab Kings,field,"MA Chidambaram Stadium, Chepauk, Chennai",Chennai,2021
1254074,2021-04-23,Punjab Kings,Mumbai Indians,KL Rahul,Punjab Kings,field,"MA Chidambaram Stadium, Chepauk, Chennai",Chennai,2021
1254075,2021-04-24,Kolkata Knight Riders,Rajasthan Royals,CH Morris,Rajasthan Royals,field,"Wankhede Stadium, Mumbai",Mumbai,2021
1254075,2021-04-24,Rajasthan Royals,Kolkata Knight Riders,CH Morris,Rajasthan Royals,field,"Wankhede Stadium, Mumbai",Mumbai,2021
1254076,2021-04-25,Chennai Super Kings,Royal Challengers Bangalore,RA Jadeja,Chennai Super Kings,bat,"Wankhede Stadium, Mumbai",Mumbai,2021
1254076,2021-04-25,Royal Challengers Bangalore,Chennai Super Kings,RA Jadeja,Chennai Super Kings,bat,"Wankhede Stadium, Mumbai",Mumbai,2021
1254077,2021-04-25,Delhi Capitals,Sunrisers Hyderabad,PP Shaw,Delhi Capitals,bat,"MA Chidambaram Stadium, Chepauk, Chennai",Chennai,2021
1254077,2021-04-25,Sunrisers Hyderabad,Delhi Capitals,PP Shaw,Delhi Capitals,bat,"MA Chidambaram Stadium, Chepauk, Chennai",Chennai,2021
1254078,2021-04-26,Punjab Kings,Kolkata Knight Riders,EJG Morgan,Kolkata Knight Riders,field,"Narendra Modi Stadium, Ahmedabad",Ahmedabad,2021
1254078,2021-04-26,Kolkata Knight Riders,Punjab Kings,EJG Morgan,Kolkata Knight Riders,field,"Narendra Modi Stadium, Ahmedabad",Ahmedabad,2021
1254079,2021-04-27,Royal Challengers Bangalore,Delhi Capitals,AB de Villiers,Delhi Capitals,field,"Narendra Modi Stadium, Ahmedabad",Ahmedabad,2021
1254079,2021-04-27,Delhi Capitals,Royal Challengers Bangalore,AB de Villiers,Delhi Capitals,field,"Narendra Modi Stadium, Ahmedabad",Ahmedabad,2021
1254080,2021-04-28,Sunrisers Hyderabad,Chennai Super Kings,RD Gaikwad,Sunrisers Hyderabad,bat,"Arun Jaitley Stadium, Delhi",Delhi,2021
1254080,2021-04-28,Chennai Super Kings,Sunrisers Hyderabad,RD Gaikwad,Sunrisers Hyderabad,bat,"Arun Jaitley Stadium, Delhi",Delhi,2021
1254081,2021-04-29,Rajasthan Royals,Mumbai Indians,Q de Kock,Mumbai Indians,field,"Arun Jaitley Stadium, Delhi",Delhi,2021
1254081,2021-04-29,Mumbai Indians,Rajasthan Royals,Q de Kock,Mumbai Indians,field,"Arun Jaitley Stadium, Delhi",Delhi,2021
1254082,2021-04-29,Kolkata Knight Riders,Delhi Capitals,PP Shaw,Delhi Capitals,field,"Narendra Modi Stadium, Ahmedabad",Ahmedabad,2021
1254082,2021-04-29,Delhi Capitals,Kolkata Knight Riders,PP Shaw,Delhi Capitals,field,"Narendra Modi Stadium, Ahmedabad",Ahmedabad,2021
1254083,2021-04-30,Punjab Kings,Royal Challengers Bangalore,Harpreet Brar,Royal Challengers Bangalore,field,"Narendra Modi Stadium, Ahmedabad",Ahmedabad,2021
1254083,2021-04-30,Royal Challengers Bangalore,Punjab Kings,Harpreet Brar,Royal Challengers Bangalore,field,"Narendra Modi Stadium, Ahmedabad",Ahmedabad,2021
1254084,2021-05-01,Chennai Super Kings,Mumbai Indians,KA Pollard,Mumbai Indians,field,"Arun Jaitley Stadium, Delhi",Delhi,2021
1254084,2021-05-01,Mumbai Indians,Chennai Super Kings,KA Pollard,Mumbai Indians,field,"Arun Jaitley Stadium, Delhi",Delhi,2021
1254085,2021-05-02,Rajasthan Royals,Sunrisers Hyderabad,JC Buttler,Sunrisers Hyderabad,field,"Arun Jaitley Stadium, Delhi",Delhi,2021
1254085,2021-05-02,Sunrisers Hyderabad,Rajasthan Royals,JC Buttler,Sunrisers Hyderabad,field,"Arun Jaitley Stadium, Delhi",Delhi,2021
1254086,2021-05-02,Punjab Kings,Delhi Capitals,MA Agarwal,Delhi Capitals,field,"Narendra Modi Stadium, Ahmedabad",Ahmedabad,2021
1254086,2021-05-02,Delhi Capitals,Punjab Kings,MA Agarwal,Delhi Capitals,field,"Narendra Modi Stadium, Ahmedabad",Ahmedabad,2021
1254104,2021-09-19,Chennai Super Kings,Mumbai Indians,RD Gaikwad,Chennai Super Kings,bat,Dubai International Cricket Stadium,Dubai,2021
1254104,2021-09-19,Mumbai Indians,Chennai Super Kings,RD Gaikwad,Chennai Super Kings,bat,Dubai International Cricket Stadium,Dubai,2021
1254087,2021-09-20,Royal Challengers Bangalore,Kolkata Knight Riders,CV Varun,Royal Challengers Bangalore,bat,"Zayed Cricket Stadium, Abu Dhabi",Abu Dhabi,2021
1254087,2021-09-20,Kolkata Knight Riders,Royal Challengers Bangalore,CV Varun,Royal Challengers Bangalore,bat,"Zayed Cricket Stadium, Abu Dhabi",Abu Dhabi,2021
1254111,2021-09-21,Rajasthan Royals,Punjab Kings,Kartik Tyagi,Punjab Kings,field,Dubai International Cricket Stadium,Dubai,2021
1254111,2021-09-21,Punjab Kings,Rajasthan Royals,Kartik Tyagi,Punjab Kings,field,Dubai International Cricket Stadium,Dubai,2021
1254105,2021-09-22,Sunrisers Hyderabad,Delhi Capitals,A Nortje,Sunrisers Hyderabad,bat,Dubai International Cricket Stadium,Dubai,2021
1254105,2021-09-22,Delhi Capitals,Sunrisers Hyderabad,A Nortje,Sunrisers Hyderabad,bat,Dubai International Cricket Stadium,Dubai,2021
1254096,2021-09-23,Mumbai Indians,Kolkata Knight Riders,SP Narine,Kolkata Knight Riders,field,"Zayed Cricket Stadium, Abu Dhabi",Abu Dhabi,2021
1254096,2021-09-23,Kolkata Knight Riders,Mumbai Indians,SP Narine,Kolkata Knight Riders,field,"Zayed Cricket Stadium, Abu Dhabi",Abu Dhabi,2021
1254113,2021-09-24,Royal Challengers Bangalore,Chennai Super Kings,DJ Bravo,Chennai Super Kings,field,Sharjah Cricket Stadium,Sharjah,2021
1254113,2021-09-24,Chennai Super Kings,Royal Challengers Bangalore,DJ Bravo,Chennai Super Kings,field,Sharjah Cricket Stadium,Sharjah,2021
1254097,2021-09-25,Delhi Capitals,Rajasthan Royals,SS Iyer,Rajasthan Royals,field,"Zayed Cricket Stadium, Abu Dhabi",Abu Dhabi,2021
1254097,2021-09-25,Rajasthan Royals,Delhi Capitals,SS Iyer,Rajasthan Royals,field,"Zayed Cricket Stadium, Abu Dhabi",Abu Dhabi,2021
1254107,2021-09-25,Punjab Kings,Sunrisers Hyderabad,JO Holder,Sunrisers Hyderabad,field,Sharjah Cricket Stadium,Sharjah,2021
1254107,2021-09-25,Sunrisers Hyderabad,Punjab Kings,JO Holder,Sunrisers Hyderabad,field,Sharjah Cricket Stadium,Sharjah,2021
1254098,2021-09-26,Kolkata Knight Riders,Chennai Super Kings,RA Jadeja,Kolkata Knight Riders,bat,"Zayed Cricket Stadium, Abu Dhabi",Abu Dhabi,2021
1254098,2021-09-26,Chennai Super Kings,Kolkata Knight Riders,RA Jadeja,Kolkata Knight Riders,bat,"Zayed Cricket Stadium, Abu Dhabi",Abu Dhabi,2021
1254108,2021-09-26,Royal Challengers Bangalore,Mumbai Indians,GJ Maxwell,Mumbai Indians,field,Dubai International Cricket Stadium,Dubai,2021
1254108,2021-09-26,Mumbai Indians,Royal Challengers Bangalore,GJ Maxwell,Mumbai Indians,field,Dubai International Cricket Stadium,Dubai,2021
1254100,2021-09-27,Rajasthan Royals,Sunrisers Hyderabad,JJ Roy,Rajasthan Royals,bat,Dubai International Cricket Stadium,Dubai,2021
1254100,2021-09-27,Sunrisers Hyderabad,Rajasthan Royals,JJ Roy,Rajasthan Royals,bat,Dubai International Cricket Stadium,Dubai,2021
1254092,2021-09-28,Delhi Capitals,Kolkata Knight Riders,SP Narine,Kolkata Knight Riders,field,Sharjah Cricket Stadium,Sharjah,2021
1254092,2021-09-28,Kolkata Knight Riders,Delhi Capitals,SP Narine,Kolkata Knight Riders,field,Sharjah Cricket Stadium,Sharjah,2021
1254099,2021-09-28,Punjab Kings,Mumbai Indians,KA Pollard,Mumbai Indians,field,"Zayed Cricket Stadium, Abu Dhabi",Abu Dhabi,2021
1254099,2021-09-28,Mumbai Indians,Punjab Kings,KA Pollard,Mumbai Indians,field,"Zayed Cricket Stadium, Abu Dhabi",Abu Dhabi,2021
1254103,2021-09-29,Rajasthan Royals,Royal Challengers Bangalore,YS Chahal,Royal Challengers Bangalore,field,Dubai International Cricket Stadium,Dubai,2021
1254103,2021-09-29,Royal Challengers Bangalore,Rajasthan Royals,YS Chahal,Royal Challengers Bangalore,field,Dubai International Cricket Stadium,Dubai,2021
1254091,2021-09-30,Sunrisers Hyderabad,Chennai Super Kings,JR Hazlewood,Chennai Super Kings,field,Sharjah Cricket Stadium,Sharjah,2021
1254091,2021-09-30,Chennai Super Kings,Sunrisers Hyderabad,JR Hazlewood,Chennai Super Kings,field,Sharjah Cricket Stadium,Sharjah,2021
1254102,2021-10-01,Kolkata Knight Riders,Punjab Kings,KL Rahul,Punjab Kings,field,Dubai International Cricket Stadium,Dubai,2021
1254102,2021-10-01,Punjab Kings,Kolkata Knight Riders,KL Rahul,Punjab Kings,field,Dubai International Cricket Stadium,Dubai,2021
1254089,2021-10-02,Chennai Super Kings,Rajasthan Royals,RD Gaikwad,Rajasthan Royals,field,"Zayed Cricket Stadium, Abu Dhabi",Abu Dhabi,2021
1254089,2021-10-02,Rajasthan Royals,Chennai Super Kings,RD Gaikwad,Rajasthan Royals,field,"Zayed Cricket Stadium, Abu Dhabi",Abu Dhabi,2021
1254112,2021-10-02,Mumbai Indians,Delhi Capitals,AR Patel,Delhi Capitals,field,Sharjah Cricket Stadium,Sharjah,2021
1254112,2021-10-02,Delhi Capitals,Mumbai Indians,AR Patel,Delhi Capitals,field,Sharjah Cricket Stadium,Sharjah,2021
1254090,2021-10-03,Royal Challengers Bangalore,Punjab Kings,GJ Maxwell,Royal Challengers Bangalore,bat,Sharjah Cricket Stadium,Sharjah,2021
1254090,2021-10-03,Punjab Kings,Royal Challengers Bangalore,GJ Maxwell,Royal Challengers Bangalore,bat,Sharjah Cricket Stadium,Sharjah,2021
1254109,2021-10-03,Sunrisers Hyderabad,Kolkata Knight Riders,Shubman Gill,Sunrisers Hyderabad,bat,Dubai International Cricket Stadium,Dubai,2021
1254109,2021-10-03,Kolkata Knight Riders,Sunrisers Hyderabad,Shubman Gill,Sunrisers Hyderabad,bat,Dubai International Cricket Stadium,Dubai,2021
1254110,2021-10-04,Chennai Super Kings,Delhi Capitals,AR Patel,Delhi Capitals,field,Dubai International Cricket Stadium,Dubai,2021
1254110,2021-10-04,Delhi Capitals,Chennai Super Kings,AR Patel,Delhi Capitals,field,Dubai International Cricket Stadium,Dubai,2021
1254093,2021-10-05,Rajasthan Royals,Mumbai Indians,NM Coulter-Nile,Mumbai Indians,field,Sharjah Cricket Stadium,Sharjah,2021
1254093,2021-10-05,Mumbai Indians,Rajasthan Royals,NM Coulter-Nile,Mumbai Indians,field,Sharjah Cricket Stadium,Sharjah,2021
1254095,2021-10-06,Sunrisers Hyderabad,Royal Challengers Bangalore,KS Williamson,Royal Challengers Bangalore,field,"Zayed Cricket Stadium, Abu Dhabi",Abu Dhabi,2021
1254095,2021-10-06,Royal Challengers Bangalore,Sunrisers Hyderabad,KS Williamson,Royal Challengers Bangalore,field,"Zayed Cricket Stadium, Abu Dhabi",Abu Dhabi,2021
1254094,2021-10-07,Chennai Super Kings,Punjab Kings,KL Rahul,Punjab Kings,field,Dubai International Cricket Stadium,Dubai,2021
1254094,2021-10-07,Punjab Kings,Chennai Super Kings,KL Rahul,Punjab Kings,field,Dubai International Cricket Stadium,Dubai,2021
1254106,2021-10-07,Kolkata Knight Riders,Rajasthan Royals,Shivam Mavi,Rajasthan Royals,field,Sharjah Cricket Stadium,Sharjah,2021
1254106,2021-10-07,Rajasthan Royals,Kolkata Knight Riders,Shivam Mavi,Rajasthan Royals,field,Sharjah Cricket Stadium,Sharjah,2021
1254088,2021-10-08,Mumbai Indians,Sunrisers Hyderabad,Ishan Kishan,Mumbai Indians,bat,"Zayed Cricket Stadium, Abu Dhabi",Abu Dhabi,2021
1254088,2021-10-08,Sunrisers Hyderabad,Mumbai Indians,Ishan Kishan,Mumbai Indians,bat,"Zayed Cricket Stadium, Abu Dhabi",Abu Dhabi,2021
1254101,2021-10-08,Delhi Capitals,Royal Challengers Bangalore,KS Bharat,Royal Challengers Bangalore,field,Dubai International Cricket Stadium,Dubai,2021
1254101,2021-10-08,Royal Challengers Bangalore,Delhi Capitals,KS Bharat,Royal Challengers Bangalore,field,Dubai International Cricket Stadium,Dubai,2021
1254114,2021-10-10,Delhi Capitals,Chennai Super Kings,RD Gaikwad,Chennai Super Kings,field,Dubai International Cricket Stadium,Dubai,2021
1254114,2021-10-10,Chennai Super Kings,Delhi Capitals,RD Gaikwad,Chennai Super Kings,field,Dubai International Cricket Stadium,Dubai,2021
1254115,2021-10-11,Royal Challengers Bangalore,Kolkata Knight Riders,SP Narine,Royal Challengers Bangalore,bat,Sharjah Cricket Stadium,Sharjah,2021
1254115,2021-10-11,Kolkata Knight Riders,Royal Challengers Bangalore,SP Narine,Royal Challengers Bangalore,bat,Sharjah Cricket Stadium,Sharjah,2021
1254116,2021-10-13,Delhi Capitals,Kolkata Knight Riders,VR Iyer,Kolkata Knight Riders,field,Sharjah Cricket Stadium,Sharjah,2021
1254116,2021-10-13,Kolkata Knight Riders,Delhi Capitals,VR Iyer,Kolkata Knight Riders,field,Sharjah Cricket Stadium,Sharjah,2021
1254117,2021-10-15,Chennai Super Kings,Kolkata Knight Riders,F du Plessis,Kolkata Knight Riders,field,Dubai International Cricket Stadium,Dubai,2021
1254117,2021-10-15,Kolkata Knight Riders,Chennai Super Kings,F du Plessis,Kolkata Knight Riders,field,Dubai International Cricket Stadium,Dubai,2021
1304047,2022-03-26,Chennai Super Kings,Kolkata Knight Riders,UT Yadav,Kolkata Knight Riders,field,"Wankhede Stadium, Mumbai",Mumbai,2022
1304047,2022-03-26,Kolkata Knight Riders,Chennai Super Kings,UT Yadav,Kolkata Knight Riders,field,"Wankhede Stadium, Mumbai",Mumbai,2022
1304048,2022-03-27,Mumbai Indians,Delhi Capitals,Kuldeep Yadav,Delhi Capitals,field,"Brabourne Stadium, Mumbai",Mumbai,2022
1304048,2022-03-27,Delhi Capitals,Mumbai Indians,Kuldeep Yadav,Delhi Capitals,field,"Brabourne Stadium, Mumbai",Mumbai,2022
1304049,2022-03-27,Royal Challengers Bangalore,Punjab Kings,OF Smith,Punjab Kings,field,"Dr DY Patil Sports Academy, Mumbai",Mumbai,2022
1304049,2022-03-27,Punjab Kings,Royal Challengers Bangalore,OF Smith,Punjab Kings,field,"Dr DY Patil Sports Academy, Mumbai",Mumbai,2022
1304050,2022-03-28,Lucknow Super Giants,Gujarat Titans,Mohammed Shami,Gujarat Titans,field,"Wankhede Stadium, Mumbai",Mumbai,2022
1304050,2022-03-28,Gujarat Titans,Lucknow Super Giants,Mohammed Shami,Gujarat Titans,field,"Wankhede Stadium, Mumbai",Mumbai,2022
1304051,2022-03-29,Rajasthan Royals,Sunrisers Hyderabad,SV Samson,Sunrisers Hyderabad,field,"Maharashtra Cricket Association Stadium, Pune",Pune,2022
1304051,2022-03-29,Sunrisers Hyderabad,Rajasthan Royals,SV Samson,Sunrisers Hyderabad,field,"Maharashtra Cricket Association Stadium, Pune",Pune,2022
1304052,2022-03-30,Kolkata Knight Riders,Royal Challengers Bangalore,PWH de Silva,Royal Challengers Bangalore,field,"Dr DY Patil Sports Academy, Mumbai",Mumbai,2022
1304052,2022-03-30,Royal Challengers Bangalore,Kolkata Knight Riders,PWH de Silva,Royal Challengers Bangalore,field,"Dr DY Patil Sports Academy, Mumbai",Mumbai,2022
1304053,2022-03-31,Chennai Super Kings,Lucknow Super Giants,E Lewis,Lucknow Super Giants,field,"Brabourne Stadium, Mumbai",Mumbai,2022
1304053,2022-03-31,Lucknow Super Giants,Chennai Super Kings,E Lewis,Lucknow Super Giants,field,"Brabourne Stadium, Mumbai",Mumbai,2022
1304054,2022-04-01,Punjab Kings,Kolkata Knight Riders,UT Yadav,Kolkata Knight Riders,field,"Wankhede Stadium, Mumbai",Mumbai,2022
1304054,2022-04-01,Kolkata Knight Riders,Punjab Kings,UT Yadav,Kolkata Knight Riders,field,"Wankhede Stadium, Mumbai",Mumbai,2022
1304055,2022-04-02,Rajasthan Royals,Mumbai Indians,JC Buttler,Mumbai Indians,field,"Dr DY Patil Sports Academy, Mumbai",Mumbai,2022
1304055,2022-04-02,Mumbai Indians,Rajasthan Royals,JC Buttler,Mumbai Indians,field,"Dr DY Patil Sports Academy, Mumbai",Mumbai,2022
1304056,2022-04-02,Gujarat Titans,Delhi Capitals,LH Ferguson,Delhi Capitals,field,"Maharashtra Cricket Association Stadium, Pune",Pune,2022
1304056,2022-04-02,Delhi Capitals,Gujarat Titans,LH Ferguson,Delhi Capitals,field,"Maharashtra Cricket Association Stadium, Pune",Pune,2022
1304057,2022-04-03,Punjab Kings,Chennai Super Kings,LS Livingstone,Chennai Super Kings,field,"Brabourne Stadium, Mumbai",Mumbai,2022
1304057,2022-04-03,Chennai Super Kings,Punjab Kings,LS Livingstone,Chennai Super Kings,field,"Brabourne Stadium, Mumbai",Mumbai,2022
1304058,2022-04-04,Lucknow Super Giants,Sunrisers Hyderabad,Avesh Khan,Sunrisers Hyderabad,field,"Dr DY Patil Sports Academy, Mumbai",Mumbai,2022
1304058,2022-04-04,Sunrisers Hyderabad,Lucknow Super Giants,Avesh Khan,Sunrisers Hyderabad,field,"Dr DY Patil Sports Academy, Mumbai",Mumbai,2022
1304059,2022-04-05,Rajasthan Royals,Royal Challengers Bangalore,KD Karthik,Royal Challengers Bangalore,field,"Wankhede Stadium, Mumbai",Mumbai,2022
1304059,2022-04-05,Royal Challengers Bangalore,Rajasthan Royals,KD Karthik,Royal Challengers Bangalore,field,"Wankhede Stadium, Mumbai",Mumbai,2022
1304060,2022-04-06,Mumbai Indians,Kolkata Knight Riders,PJ Cummins,Kolkata Knight Riders,field,"Maharashtra Cricket Association Stadium, Pune",Pune,2022
1304060,2022-04-06,Kolkata Knight Riders,Mumbai Indians,PJ Cummins,Kolkata Knight Riders,field,"Maharashtra Cricket Association Stadium, Pune",Pune,2022
1304061,2022-04-07,Delhi Capitals,Lucknow Super Giants,Q de Kock,Lucknow Super Giants,field,"Dr DY Patil Sports Academy, Mumbai",Mumbai,2022
1304061,2022-04-07,Lucknow Super Giants,Delhi Capitals,Q de Kock,Lucknow Super Giants,field,"Dr DY Patil Sports Academy, Mumbai",Mumbai,2022
1304062,2022-04-08,Punjab Kings,Gujarat Titans,Shubman Gill,Gujarat Titans,field,"Brabourne Stadium, Mumbai",Mumbai,2022
1304062,2022-04-08,Gujarat Titans,Punjab Kings,Shubman Gill,Gujarat Titans,field,"Brabourne Stadium, Mumbai",Mumbai,2022
1304063,2022-04-09,Chennai Super Kings,Sunrisers Hyderabad,Abhishek Sharma,Sunrisers Hyderabad,field,"Dr DY Patil Sports Academy, Mumbai",Mumbai,2022
1304063,2022-04-09,Sunrisers Hyderabad,Chennai Super Kings,Abhishek Sharma,Sunrisers Hyderabad,field,"Dr DY Patil Sports Academy, Mumbai",Mumbai,2022
1304064,2022-04-09,Mumbai Indians,Royal Challengers Bangalore,Anuj Rawat,Royal Challengers Bangalore,field,"Maharashtra Cricket Association Stadium, Pune",Pune,2022
1304064,2022-04-09,Royal Challengers Bangalore,Mumbai Indians,Anuj Rawat,Royal Challengers Bangalore,field,"Maharashtra Cricket Association Stadium, Pune",Pune,2022
1304065,2022-04-10,Delhi Capitals,Kolkata Knight Riders,Kuldeep Yadav,Kolkata Knight Riders,field,"Brabourne Stadium, Mumbai",Mumbai,2022
1304065,2022-04-10,Kolkata Knight Riders,Delhi Capitals,Kuldeep Yadav,Kolkata Knight Riders,field,"Brabourne Stadium, Mumbai",Mumbai,2022
1304066,2022-04-10,Rajasthan Royals,Lucknow Super Giants,YS Chahal,Lucknow Super Giants,field,"Wankhede Stadium, Mumbai",Mumbai,2022
1304066,2022-04-10,Lucknow Super Giants,Rajasthan Royals,YS Chahal,Lucknow Super Giants,field,"Wankhede Stadium, Mumbai",Mumbai,2022
1304067,2022-04-11,Gujarat Titans,Sunrisers Hyderabad,KS Williamson,Sunrisers Hyderabad,field,"Dr DY Patil Sports Academy, Mumbai",Mumbai,2022
1304067,2022-04-11,Sunrisers Hyderabad,Gujarat Titans,KS Williamson,Sunrisers Hyderabad,field,"Dr DY Patil Sports Academy, Mumbai",Mumbai,2022
1304068,2022-04-12,Chennai Super Kings,Royal Challengers Bangalore,S Dube,Royal Challengers Bangalore,field,"Dr DY Patil Sports Academy, Mumbai",Mumbai,2022
1304068,2022-04-12,Royal Challengers Bangalore,Chennai Super Kings,S Dube,Royal Challengers Bangalore,field,"Dr DY Patil Sports Academy, Mumbai",Mumbai,2022
1304069,2022-04-13,Punjab Kings,Mumbai Indians,MA Agarwal,Mumbai Indians,field,"Maharashtra Cricket Association Stadium, Pune",Pune,2022
1304069,2022-04-13,Mumbai Indians,Punjab Kings,MA Agarwal,Mumbai Indians,field,"Maharashtra Cricket Association Stadium, Pune",Pune,2022
1304070,2022-04-14,Gujarat Titans,Rajasthan Royals,HH Pandya,Rajasthan Royals,field,"Dr DY Patil Sports Academy, Mumbai",Mumbai,2022
1304070,2022-04-14,Rajasthan Royals,Gujarat Titans,HH Pandya,Rajasthan Royals,field,"Dr DY Patil Sports Academy, Mumbai",Mumbai,2022
1304071,2022-04-15,Kolkata Knight Riders,Sunrisers Hyderabad,RA Tripathi,Sunrisers Hyderabad,field,"Brabourne Stadium, Mumbai",Mumbai,2022
1304071,2022-04-15,Sunrisers Hyderabad,Kolkata Knight Riders,RA Tripathi,Sunrisers Hyderabad,field,"Brabourne Stadium, Mumbai",Mumbai,2022
1304072,2022-04-16,Lucknow Super Giants,Mumbai Indians,KL Rahul,Mumbai Indians,field,"Brabourne Stadium, Mumbai",Mumbai,2022
1304072,2022-04-16,Mumbai Indians,Lucknow Super Giants,KL Rahul,Mumbai Indians,field,"Brabourne Stadium, Mumbai",Mumbai,2022
1304073,2022-04-16,Royal Challengers Bangalore,Delhi Capitals,KD Karthik,Delhi Capitals,field,"Wankhede Stadium, Mumbai",Mumbai,2022
1304073,2022-04-16,Delhi Capitals,Royal Challengers Bangalore,KD Karthik,Delhi Capitals,field,"Wankhede Stadium, Mumbai",Mumbai,2022
1304074,2022-04-17,Punjab Kings,Sunrisers Hyderabad,Umran Malik,Sunrisers Hyderabad,field,"Dr DY Patil Sports Academy, Mumbai",Mumbai,2022
1304074,2022-04-17,Sunrisers Hyderabad,Punjab Kings,Umran Malik,Sunrisers Hyderabad,field,"Dr DY Patil Sports Academy, Mumbai",Mumbai,2022
1304075,2022-04-17,Chennai Super Kings,Gujarat Titans,DA Miller,Gujarat Titans,field,"Maharashtra Cricket Association Stadium, Pune",Pune,2022
1304075,2022-04-17,Gujarat Titans,Chennai Super Kings,DA Miller,Gujarat Titans,field,"Maharashtra Cricket Association Stadium, Pune",Pune,2022
1304076,2022-04-18,Rajasthan Royals,Kolkata Knight Riders,YS Chahal,Kolkata Knight Riders,field,"Brabourne Stadium, Mumbai",Mumbai,2022
1304076,2022-04-18,Kolkata Knight Riders,Rajasthan Royals,YS Chahal,Kolkata Knight Riders,field,"Brabourne Stadium, Mumbai",Mumbai,2022
1304077,2022-04-19,Royal Challengers Bangalore,Lucknow Super Giants,F du Plessis,Lucknow Super Giants,field,"Dr DY Patil Sports Academy, Mumbai",Mumbai,2022
1304077,2022-04-19,Lucknow Super Giants,Royal Challengers Bangalore,F du Plessis,Lucknow Super Giants,field,"Dr DY Patil Sports Academy, Mumbai",Mumbai,2022
1304078,2022-04-20,Punjab Kings,Delhi Capitals,Kuldeep Yadav,Delhi Capitals,field,"Brabourne Stadium, Mumbai",Mumbai,2022
1304078,2022-04-20,Delhi Capitals,Punjab Kings,Kuldeep Yadav,Delhi Capitals,field,"Brabourne Stadium, Mumbai",Mumbai,2022
1304079,2022-04-21,Mumbai Indians,Chennai Super Kings,Mukesh Choudhary,Chennai Super Kings,field,"Dr DY Patil Sports Academy, Mumbai",Navi Mumbai,2022
1304079,2022-04-21,Chennai Super Kings,Mumbai Indians,Mukesh Choudhary,Chennai Super Kings,field,"Dr DY Patil Sports Academy, Mumbai",Navi Mumbai,2022
1304080,2022-04-22,Rajasthan Royals,Delhi Capitals,JC Buttler,Delhi Capitals,field,"Wankhede Stadium, Mumbai",Mumbai,2022
1304080,2022-04-22,Delhi Capitals,Rajasthan Royals,JC Buttler,Delhi Capitals,field,"Wankhede Stadium, Mumbai",Mumbai,2022
1304081,2022-04-23,Gujarat Titans,Kolkata Knight Riders,Rashid Khan,Gujarat Titans,bat,"Dr DY Patil Sports Academy, Mumbai",Navi Mumbai,2022
1304081,2022-04-23,Kolkata Knight Riders,Gujarat Titans,Rashid Khan,Gujarat Titans,bat,"Dr DY Patil Sports Academy, Mumbai",Navi Mumbai,2022
1304082,2022-04-23,Royal Challengers Bangalore,Sunrisers Hyderabad,M Jansen,Sunrisers Hyderabad,field,"Brabourne Stadium, Mumbai",Mumbai,2022
1304082,2022-04-23,Sunrisers Hyderabad,Royal Challengers Bangalore,M Jansen,Sunrisers Hyderabad,field,"Brabourne Stadium, Mumbai",Mumbai,2022
1304083,2022-04-24,Lucknow Super Giants,Mumbai Indians,KL Rahul,Mumbai Indians,field,"Wankhede Stadium, Mumbai",Mumbai,2022
1304083,2022-04-24,Mumbai Indians,Lucknow Super Giants,KL Rahul,Mumbai Indians,field,"Wankhede Stadium, Mumbai",Mumbai,2022
1304084,2022-04-25,Punjab Kings,Chennai Super Kings,S Dhawan,Chennai Super Kings,field,"Wankhede Stadium, Mumbai",Mumbai,2022
1304084,2022-04-25,Chennai Super Kings,Punjab Kings,S Dhawan,Chennai Super Kings,field,"Wankhede Stadium, Mumbai",Mumbai,2022
1304085,2022-04-26,Rajasthan Royals,Royal Challengers Bangalore,R Parag,Royal Challengers Bangalore,field,"Maharashtra Cricket Association Stadium, Pune",Pune,2022
1304085,2022-04-26,Royal Challengers Bangalore,Rajasthan Royals,R Parag,Royal Challengers Bangalore,field,"Maharashtra Cricket Association Stadium, Pune",Pune,2022
1304086,2022-04-27,Sunrisers Hyderabad,Gujarat Titans,Umran Malik,Gujarat Titans,field,"Wankhede Stadium, Mumbai",Mumbai,2022
1304086,2022-04-27,Gujarat Titans,Sunrisers Hyderabad,Umran Malik,Gujarat Titans,field,"Wankhede Stadium, Mumbai",Mumbai,2022
1304087,2022-04-28,Kolkata Knight Riders,Delhi Capitals,Kuldeep Yadav,Delhi Capitals,field,"Wankhede Stadium, Mumbai",Mumbai,2022
1304087,2022-04-28,Delhi Capitals,Kolkata Knight Riders,Kuldeep Yadav,Delhi Capitals,field,"Wankhede Stadium, Mumbai",Mumbai,2022
1304088,2022-04-29,Lucknow Super Giants,Punjab Kings,KH Pandya,Punjab Kings,field,"Maharashtra Cricket Association Stadium, Pune",Pune,2022
1304088,2022-04-29,Punjab Kings,Lucknow Super Giants,KH Pandya,Punjab Kings,field,"Maharashtra Cricket Association Stadium, Pune",Pune,2022
1304089,2022-04-30,Royal Challengers Bangalore,Gujarat Titans,R Tewatia,Royal Challengers Bangalore,bat,"Brabourne Stadium, Mumbai",Mumbai,2022
1304089,2022-04-30,Gujarat Titans,Royal Challengers Bangalore,R Tewatia,Royal Challengers Bangalore,bat,"Brabourne Stadium, Mumbai",Mumbai,2022
1304090,2022-04-30,Rajasthan Royals,Mumbai Indians,SA Yadav,Mumbai Indians,field,"Dr DY Patil Sports Academy, Mumbai",Navi Mumbai,2022
1304090,2022-04-30,Mumbai Indians,Rajasthan Royals,SA Yadav,Mumbai Indians,field,"Dr DY Patil Sports Academy, Mumbai",Navi Mumbai,2022
1304091,2022-05-01,Lucknow Super Giants,Delhi Capitals,Mohsin Khan,Lucknow Super Giants,bat,"Wankhede Stadium, Mumbai",Mumbai,2022
1304091,2022-05-01,Delhi Capitals,Lucknow Super Giants,Mohsin Khan,Lucknow Super Giants,bat,"Wankhede Stadium, Mumbai",Mumbai,2022
1304092,2022-05-01,Chennai Super Kings,Sunrisers Hyderabad,RD Gaikwad,Sunrisers Hyderabad,field,"Maharashtra Cricket Association Stadium, Pune",Pune,2022
1304092,2022-05-01,Sunrisers Hyderabad,Chennai Super Kings,RD Gaikwad,Sunrisers Hyderabad,field,"Maharashtra Cricket Association Stadium, Pune",Pune,2022
1304093,2022-05-02,Rajasthan Royals,Kolkata Knight Riders,RK Singh,Kolkata Knight Riders,field,"Wankhede Stadium, Mumbai",Mumbai,2022
1304093,2022-05-02,Kolkata Knight Riders,Rajasthan Royals,RK Singh,Kolkata Knight Riders,field,"Wankhede Stadium, Mumbai",Mumbai,2022
1304094,2022-05-03,Gujarat Titans,Punjab Kings,K Rabada,Gujarat Titans,bat,"Dr DY Patil Sports Academy, Mumbai",Navi Mumbai,2022
1304094,2022-05-03,Punjab Kings,Gujarat Titans,K Rabada,Gujarat Titans,bat,"Dr DY Patil Sports Academy, Mumbai",Navi Mumbai,2022
1304095,2022-05-04,Royal Challengers Bangalore,Chennai Super Kings,HV Patel,Chennai Super Kings,field,"Maharashtra Cricket Association Stadium, Pune",Pune,2022
1304095,2022-05-04,Chennai Super Kings,Royal Challengers Bangalore,HV Patel,Chennai Super Kings,field,"Maharashtra Cricket Association Stadium, Pune",Pune,2022
1304096,2022-05-05,Delhi Capitals,Sunrisers Hyderabad,DA Warner,Sunrisers Hyderabad,field,"Brabourne Stadium, Mumbai",Mumbai,2022
1304096,2022-05-05,Sunrisers Hyderabad,Delhi Capitals,DA Warner,Sunrisers Hyderabad,field,"Brabourne Stadium, Mumbai",Mumbai,2022
1304097,2022-05-06,Mumbai Indians,Gujarat Titans,TH David,Gujarat Titans,field,"Brabourne Stadium, Mumbai",Mumbai,2022
1304097,2022-05-06,Gujarat Titans,Mumbai Indians,TH David,Gujarat Titans,field,"Brabourne Stadium, Mumbai",Mumbai,2022
1304098,2022-05-07,Punjab Kings,Rajasthan Royals,YBK Jaiswal,Punjab Kings,bat,"Wankhede Stadium, Mumbai",Mumbai,2022
1304098,2022-05-07,Rajasthan Royals,Punjab Kings,YBK Jaiswal,Punjab Kings,bat,"Wankhede Stadium, Mumbai",Mumbai,2022
1304099,2022-05-07,Lucknow Super Giants,Kolkata Knight Riders,Avesh Khan,Kolkata Knight Riders,field,"Maharashtra Cricket Association Stadium, Pune",Pune,2022
1304099,2022-05-07,Kolkata Knight Riders,Lucknow Super Giants,Avesh Khan,Kolkata Knight Riders,field,"Maharashtra Cricket Association Stadium, Pune",Pune,2022
1304100,2022-05-08,Royal Challengers Bangalore,Sunrisers Hyderabad,PWH de Silva,Royal Challengers Bangalore,bat,"Wankhede Stadium, Mumbai",Mumbai,2022
1304100,2022-05-08,Sunrisers Hyderabad,Royal Challengers Bangalore,PWH de Silva,Royal Challengers Bangalore,bat,"Wankhede Stadium, Mumbai",Mumbai,2022
1304101,2022-05-08,Chennai Super Kings,Delhi Capitals,DP Conway,Delhi Capitals,field,"Dr DY Patil Sports Academy, Mumbai",Navi Mumbai,2022
1304101,2022-05-08,Delhi Capitals,Chennai Super Kings,DP Conway,Delhi Capitals,field,"Dr DY Patil Sports Academy, Mumbai",Navi Mumbai,2022
1304102,2022-05-09,Kolkata Knight Riders,Mumbai Indians,JJ Bumrah,Mumbai Indians,field,"Dr DY Patil Sports Academy, Mumbai",Navi Mumbai,2022
1304102,2022-05-09,Mumbai Indians,Kolkata Knight Riders,JJ Bumrah,Mumbai Indians,field,"Dr DY Patil Sports Academy, Mumbai",Navi Mumbai,2022
1304103,2022-05-10,Gujarat Titans,Lucknow Super Giants,Shubman Gill,Gujarat Titans,bat,"Maharashtra Cricket Association Stadium, Pune",Pune,2022
1304103,2022-05-10,Lucknow Super Giants,Gujarat Titans,Shubman Gill,Gujarat Titans,bat,"Maharashtra Cricket Association Stadium, Pune",Pune,2022
1304104,2022-05-11,Rajasthan Royals,Delhi Capitals,MR Marsh,Delhi Capitals,field,"Dr DY Patil Sports Academy, Mumbai",Navi Mumbai,2022
1304104,2022-05-11,Delhi Capitals,Rajasthan Royals,MR Marsh,Delhi Capitals,field,"Dr DY Patil Sports Academy, Mumbai",Navi Mumbai,2022
1304105,2022-05-12,Chennai Super Kings,Mumbai Indians,DR Sams,Mumbai Indians,field,"Wankhede Stadium, Mumbai",Mumbai,2022
1304105,2022-05-12,Mumbai Indians,Chennai Super Kings,DR Sams,Mumbai Indians,field,"Wankhede Stadium, Mumbai",Mumbai,2022
1304106,2022-05-13,Punjab Kings,Royal Challengers Bangalore,JM Bairstow,Royal Challengers Bangalore,field,"Brabourne Stadium, Mumbai",Mumbai,2022
1304106,2022-05-13,Royal Challengers Bangalore,Punjab Kings,JM Bairstow,Royal Challengers Bangalore,field,"Brabourne Stadium, Mumbai",Mumbai,2022
1304107,2022-05-14,Kolkata Knight Riders,Sunrisers Hyderabad,AD Russell,Kolkata Knight Riders,bat,"Maharashtra Cricket Association Stadium, Pune",Pune,2022
1304107,2022-05-14,Sunrisers Hyderabad,Kolkata Knight Riders,AD Russell,Kolkata Knight Riders,bat,"Maharashtra Cricket Association Stadium, Pune",Pune,2022
1304108,2022-05-15,Chennai Super Kings,Gujarat Titans,WP Saha,Chennai Super Kings,bat,"Wankhede Stadium, Mumbai",Mumbai,2022
1304108,2022-05-15,Gujarat Titans,Chennai Super Kings,WP Saha,Chennai Super Kings,bat,"Wankhede Stadium, Mumbai",Mumbai,2022
1304109,2022-05-15,Rajasthan Royals,Lucknow Super Giants,TA Boult,Rajasthan Royals,bat,"Brabourne Stadium, Mumbai",Mumbai,2022
1304109,2022-05-15,Lucknow Super Giants,Rajasthan Royals,TA Boult,Rajasthan Royals,bat,"Brabourne Stadium, Mumbai",Mumbai,2022
1304110,2022-05-16,Delhi Capitals,Punjab Kings,SN Thakur,Punjab Kings,field,"Dr DY Patil Sports Academy, Mumbai",Navi Mumbai,2022
1304110,2022-05-16,Punjab Kings,Delhi Capitals,SN Thakur,Punjab Kings,field,"Dr DY Patil Sports Academy, Mumbai",Navi Mumbai,2022
1304111,2022-05-17,Sunrisers Hyderabad,Mumbai Indians,RA Tripathi,Mumbai Indians,field,"Wankhede Stadium, Mumbai",Mumbai,2022
1304111,2022-05-17,Mumbai Indians,Sunrisers Hyderabad,RA Tripathi,Mumbai Indians,field,"Wankhede Stadium, Mumbai",Mumbai,2022
1304112,2022-05-18,Lucknow Super Giants,Kolkata Knight Riders,Q de Kock,Lucknow Super Giants,bat,"Dr DY Patil Sports Academy, Mumbai",Navi Mumbai,2022
1304112,2022-05-18,Kolkata Knight Riders,Lucknow Super Giants,Q de Kock,Lucknow Super Giants,bat,"Dr DY Patil Sports Academy, Mumbai",Navi Mumbai,2022
1304113,2022-05-19,Gujarat Titans,Royal Challengers Bangalore,V Kohli,Gujarat Titans,bat,"Wankhede Stadium, Mumbai",Mumbai,2022
1304113,2022-05-19,Royal Challengers Bangalore,Gujarat Titans,V Kohli,Gujarat Titans,bat,"Wankhede Stadium, Mumbai",Mumbai,2022
1304114,2022-05-20,Chennai Super Kings,Rajasthan Royals,R Ashwin,Chennai Super Kings,bat,"Brabourne Stadium, Mumbai",Mumbai,2022
1304114,2022-05-20,Rajasthan Royals,Chennai Super Kings,R Ashwin,Chennai Super Kings,bat,"Brabourne Stadium, Mumbai",Mumbai,2022
1304115,2022-05-21,Delhi Capitals,Mumbai Indians,JJ Bumrah,Mumbai Indians,field,"Wankhede Stadium, Mumbai",Mumbai,2022
1304115,2022-05-21,Mumbai Indians,Delhi Capitals,JJ Bumrah,Mumbai Indians,field,"Wankhede Stadium, Mumbai",Mumbai,2022
1304116,2022-05-22,Sunrisers Hyderabad,Punjab Kings,Harpreet Brar,Sunrisers Hyderabad,bat,"Wankhede Stadium, Mumbai",Mumbai,2022
1304116,2022-05-22,Punjab Kings,Sunrisers Hyderabad,Harpreet Brar,Sunrisers Hyderabad,bat,"Wankhede Stadium, Mumbai",Mumbai,2022
1312197,2022-05-24,Rajasthan Royals,Gujarat Titans,DA Miller,Gujarat Titans,field,"Eden Gardens, Kolkata",Kolkata,2022
1312197,2022-05-24,Gujarat Titans,Rajasthan Royals,DA Miller,Gujarat Titans,field,"Eden Gardens, Kolkata",Kolkata,2022
1312198,2022-05-25,Royal Challengers Bangalore,Lucknow Super Giants,RM Patidar,Lucknow Super Giants,field,"Eden Gardens, Kolkata",Kolkata,2022
1312198,2022-05-25,Lucknow Super Giants,Royal Challengers Bangalore,RM Patidar,Lucknow Super Giants,field,"Eden Gardens, Kolkata",Kolkata,2022
1312199,2022-05-27,Royal Challengers Bangalore,Rajasthan Royals,JC Buttler,Rajasthan Royals,field,"Narendra Modi Stadium, Ahmedabad",Ahmedabad,2022
1312199,2022-05-27,Rajasthan Royals,Royal Challengers Bangalore,JC Buttler,Rajasthan Royals,field,"Narendra Modi Stadium, Ahmedabad",Ahmedabad,2022
1312200,2022-05-29,Rajasthan Royals,Gujarat Titans,HH Pandya,Rajasthan Royals,bat,"Narendra Modi Stadium, Ahmedabad",Ahmedabad,2022
1312200,2022-05-29,Gujarat Titans,Rajasthan Royals,HH Pandya,Rajasthan Royals,bat,"Narendra Modi Stadium, Ahmedabad",Ahmedabad,2022
1359475,2023-03-31,Chennai Super Kings,Gujarat Titans,Rashid Khan,Gujarat Titans,field,"Narendra Modi Stadium, Ahmedabad",Ahmedabad,2023
1359475,2023-03-31,Gujarat Titans,Chennai Super Kings,Rashid Khan,Gujarat Titans,field,"Narendra Modi Stadium, Ahmedabad",Ahmedabad,2023
1359476,2023-04-01,Punjab Kings,Kolkata Knight Riders,Arshdeep Singh,Kolkata Knight Riders,field,"Punjab Cricket Association IS Bindra Stadium, Mohali, Chandigarh",Chandigarh,2023
1359476,2023-04-01,Kolkata Knight Riders,Punjab Kings,Arshdeep Singh,Kolkata Knight Riders,field,"Punjab Cricket Association IS Bindra Stadium, Mohali, Chandigarh",Chandigarh,2023
1359477,2023-04-01,Lucknow Super Giants,Delhi Capitals,MA Wood,Delhi Capitals,field,"Bharat Ratna Shri Atal Bihari Vajpayee Ekana Cricket Stadium, Lucknow",Lucknow,2023
1359477,2023-04-01,Delhi Capitals,Lucknow Super Giants,MA Wood,Delhi Capitals,field,"Bharat Ratna Shri Atal Bihari Vajpayee Ekana Cricket Stadium, Lucknow",Lucknow,2023
1359478,2023-04-02,Rajasthan Royals,Sunrisers Hyderabad,JC Buttler,Sunrisers Hyderabad,field,"Rajiv Gandhi International Stadium, Uppal, Hyderabad",Hyderabad,2023
1359478,2023-04-02,Sunrisers Hyderabad,Rajasthan Royals,JC Buttler,Sunrisers Hyderabad,field,"Rajiv Gandhi International Stadium, Uppal, Hyderabad",Hyderabad,2023
1359479,2023-04-02,Mumbai Indians,Royal Challengers Bangalore,F du Plessis,Royal Challengers Bangalore,field,"M Chinnaswamy Stadium, Bengaluru",Bengaluru,2023
1359479,2023-04-02,Royal Challengers Bangalore,Mumbai Indians,F du Plessis,Royal Challengers Bangalore,field,"M Chinnaswamy Stadium, Bengaluru",Bengaluru,2023
1359480,2023-04-03,Chennai Super Kings,Lucknow Super Giants,MM Ali,Lucknow Super Giants,field,"MA Chidambaram Stadium, Chepauk, Chennai",Chennai,2023
1359480,2023-04-03,Lucknow Super Giants,Chennai Super Kings,MM Ali,Lucknow Super Giants,field,"MA Chidambaram Stadium, Chepauk, Chennai",Chennai,2023
1359481,2023-04-04,Delhi Capitals,Gujarat Titans,B Sai Sudharsan,Gujarat Titans,field,"Arun Jaitley Stadium, Delhi",Delhi,2023
1359481,2023-04-04,Gujarat Titans,Delhi Capitals,B Sai Sudharsan,Gujarat Titans,field,"Arun Jaitley Stadium, Delhi",Delhi,2023
1359482,2023-04-05,Punjab Kings,Rajasthan Royals,NT Ellis,Rajasthan Royals,field,"Barsapara Cricket Stadium, Guwahati",Guwahati,2023
1359482,2023-04-05,Rajasthan Royals,Punjab Kings,NT Ellis,Rajasthan Royals,field,"Barsapara Cricket Stadium, Guwahati",Guwahati,2023
1359483,2023-04-06,Kolkata Knight Riders,Royal Challengers Bangalore,SN Thakur,Royal Challengers Bangalore,field,"Eden Gardens, Kolkata",Kolkata,2023
1359483,2023-04-06,Royal Challengers Bangalore,Kolkata Knight Riders,SN Thakur,Royal Challengers Bangalore,field,"Eden Gardens, Kolkata",Kolkata,2023
1359484,2023-04-07,Sunrisers Hyderabad,Lucknow Super Giants,KH Pandya,Sunrisers Hyderabad,bat,"Bharat Ratna Shri Atal Bihari Vajpayee Ekana Cricket Stadium, Lucknow",Lucknow,2023
1359484,2023-04-07,Lucknow Super Giants,Sunrisers Hyderabad,KH Pandya,Sunrisers Hyderabad,bat,"Bharat Ratna Shri Atal Bihari Vajpayee Ekana Cricket Stadium, Lucknow",Lucknow,2023
1359485,2023-04-08,Rajasthan Royals,Delhi Capitals,YBK Jaiswal,Delhi Capitals,field,"Barsapara Cricket Stadium, Guwahati",Guwahati,2023
1359485,2023-04-08,Delhi Capitals,Rajasthan Royals,YBK Jaiswal,Delhi Capitals,field,"Barsapara Cricket Stadium, Guwahati",Guwahati,2023
1359486,2023-04-08,Mumbai Indians,Chennai Super Kings,RA Jadeja,Chennai Super Kings,field,"Wankhede Stadium, Mumbai",Mumbai,2023
1359486,2023-04-08,Chennai Super Kings,Mumbai Indians,RA Jadeja,Chennai Super Kings,field,"Wankhede Stadium, Mumbai",Mumbai,2023
1359487,2023-04-09,Gujarat Titans,Kolkata Knight Riders,RK Singh,Gujarat Titans,bat,"Narendra Modi Stadium, Ahmedabad",Ahmedabad,2023
1359487,2023-04-09,Kolkata Knight Riders,Gujarat Titans,RK Singh,Gujarat Titans,bat,"Narendra Modi Stadium, Ahmedabad",Ahmedabad,2023
1359488,2023-04-09,Punjab Kings,Sunrisers Hyderabad,S Dhawan,Sunrisers Hyderabad,field,"Rajiv Gandhi International Stadium, Uppal, Hyderabad",Hyderabad,2023
1359488,2023-04-09,Sunrisers Hyderabad,Punjab Kings,S Dhawan,Sunrisers Hyderabad,field,"Rajiv Gandhi International Stadium, Uppal, Hyderabad",Hyderabad,2023
1359489,2023-04-10,Royal Challengers Bangalore,Lucknow Super Giants,N Pooran,Lucknow Super Giants,field,"M Chinnaswamy Stadium, Bengaluru",Bengaluru,2023
1359489,2023-04-10,Lucknow Super Giants,Royal Challengers Bangalore,N Pooran,Lucknow Super Giants,field,"M Chinnaswamy Stadium, Bengaluru",Bengaluru,2023
1359490,2023-04-11,Delhi Capitals,Mumbai Indians,RG Sharma,Mumbai Indians,field,"Arun Jaitley Stadium, Delhi",Delhi,2023
1359490,2023-04-11,Mumbai Indians,Delhi Capitals,RG Sharma,Mumbai Indians,field,"Arun Jaitley Stadium, Delhi",Delhi,2023
1359491,2023-04-12,Rajasthan Royals,Chennai Super Kings,R Ashwin,Chennai Super Kings,field,"MA Chidambaram Stadium, Chepauk, Chennai",Chennai,2023
1359491,2023-04-12,Chennai Super Kings,Rajasthan Royals,R Ashwin,Chennai Super Kings,field,"MA Chidambaram Stadium, Chepauk, Chennai",Chennai,2023
1359492,2023-04-13,Punjab Kings,Gujarat Titans,MM Sharma,Gujarat Titans,field,"Punjab Cricket Association IS Bindra Stadium, Mohali, Chandigarh",Chandigarh,2023
1359492,2023-04-13,Gujarat Titans,Punjab Kings,MM Sharma,Gujarat Titans,field,"Punjab Cricket Association IS Bindra Stadium, Mohali, Chandigarh",Chandigarh,2023
1359493,2023-04-14,Sunrisers Hyderabad,Kolkata Knight Riders,HC Brook,Kolkata Knight Riders,field,"Eden Gardens, Kolkata",Kolkata,2023
1359493,2023-04-14,Kolkata Knight Riders,Sunrisers Hyderabad,HC Brook,Kolkata Knight Riders,field,"Eden Gardens, Kolkata",Kolkata,2023
1359494,2023-04-15,Royal Challengers Bangalore,Delhi Capitals,V Kohli,Delhi Capitals,field,"M Chinnaswamy Stadium, Bengaluru",Bengaluru,2023
1359494,2023-04-15,Delhi Capitals,Royal Challengers Bangalore,V Kohli,Delhi Capitals,field,"M Chinnaswamy Stadium, Bengaluru",Bengaluru,2023
1359495,2023-04-15,Lucknow Super Giants,Punjab Kings,Sikandar Raza,Punjab Kings,field,"Bharat Ratna Shri Atal Bihari Vajpayee Ekana Cricket Stadium, Lucknow",Lucknow,2023
1359495,2023-04-15,Punjab Kings,Lucknow Super Giants,Sikandar Raza,Punjab Kings,field,"Bharat Ratna Shri Atal Bihari Vajpayee Ekana Cricket Stadium, Lucknow",Lucknow,2023
1359496,2023-04-16,Kolkata Knight Riders,Mumbai Indians,VR Iyer,Mumbai Indians,field,"Wankhede Stadium, Mumbai",Mumbai,2023
1359496,2023-04-16,Mumbai Indians,Kolkata Knight Riders,VR Iyer,Mumbai Indians,field,"Wankhede Stadium, Mumbai",Mumbai,2023
1359497,2023-04-16,Gujarat Titans,Rajasthan Royals,SO Hetmyer,Rajasthan Royals,field,"Narendra Modi Stadium, Ahmedabad",Ahmedabad,2023
1359497,2023-04-16,Rajasthan Royals,Gujarat Titans,SO Hetmyer,Rajasthan Royals,field,"Narendra Modi Stadium, Ahmedabad",Ahmedabad,2023
1359498,2023-04-17,Chennai Super Kings,Royal Challengers Bangalore,DP Conway,Royal Challengers Bangalore,field,"M Chinnaswamy Stadium, Bengaluru",Bengaluru,2023
1359498,2023-04-17,Royal Challengers Bangalore,Chennai Super Kings,DP Conway,Royal Challengers Bangalore,field,"M Chinnaswamy Stadium, Bengaluru",Bengaluru,2023
1359499,2023-04-18,Mumbai Indians,Sunrisers Hyderabad,C Green,Sunrisers Hyderabad,field,"Rajiv Gandhi International Stadium, Uppal, Hyderabad",Hyderabad,2023
1359499,2023-04-18,Sunrisers Hyderabad,Mumbai Indians,C Green,Sunrisers Hyderabad,field,"Rajiv Gandhi International Stadium, Uppal, Hyderabad",Hyderabad,2023
1359500,2023-04-19,Lucknow Super Giants,Rajasthan Royals,MP Stoinis,Rajasthan Royals,field,"Sawai Mansingh Stadium, Jaipur",Jaipur,2023
1359500,2023-04-19,Rajasthan Royals,Lucknow Super Giants,MP Stoinis,Rajasthan Royals,field,"Sawai Mansingh Stadium, Jaipur",Jaipur,2023
1359501,2023-04-20,Royal Challengers Bangalore,Punjab Kings,Mohammed Siraj,Punjab Kings,field,"Punjab Cricket Association IS Bindra Stadium, Mohali, Chandigarh",Chandigarh,2023
1359501,2023-04-20,Punjab Kings,Royal Challengers Bangalore,Mohammed Siraj,Punjab Kings,field,"Punjab Cricket Association IS Bindra Stadium, Mohali, Chandigarh",Chandigarh,2023
1359502,2023-04-20,Kolkata Knight Riders,Delhi Capitals,I Sharma,Delhi Capitals,field,"Arun Jaitley Stadium, Delhi",Delhi,2023
1359502,2023-04-20,Delhi Capitals,Kolkata Knight Riders,I Sharma,Delhi Capitals,field,"Arun Jaitley Stadium, Delhi",Delhi,2023
1359503,2023-04-21,Sunrisers Hyderabad,Chennai Super Kings,RA Jadeja,Chennai Super Kings,field,"MA Chidambaram Stadium, Chepauk, Chennai",Chennai,2023
1359503,2023-04-21,Chennai Super Kings,Sunrisers Hyderabad,RA Jadeja,Chennai Super Kings,field,"MA Chidambaram Stadium, Chepauk, Chennai",Chennai,2023
1359504,2023-04-22,Gujarat Titans,Lucknow Super Giants,MM Sharma,Gujarat Titans,bat,"Bharat Ratna Shri Atal Bihari Vajpayee Ekana Cricket Stadium, Lucknow",Lucknow,2023
1359504,2023-04-22,Lucknow Super Giants,Gujarat Titans,MM Sharma,Gujarat Titans,bat,"Bharat Ratna Shri Atal Bihari Vajpayee Ekana Cricket Stadium, Lucknow",Lucknow,2023
1359505,2023-04-22,Punjab Kings,Mumbai Indians,SM Curran,Mumbai Indians,field,"Wankhede Stadium, Mumbai",Mumbai,2023
1359505,2023-04-22,Mumbai Indians,Punjab Kings,SM Curran,Mumbai Indians,field,"Wankhede Stadium, Mumbai",Mumbai,2023
1359506,2023-04-23,Royal Challengers Bangalore,Rajasthan Royals,GJ Maxwell,Rajasthan Royals,field,"M Chinnaswamy Stadium, Bengaluru",Bengaluru,2023
1359506,2023-04-23,Rajasthan Royals,Royal Challengers Bangalore,GJ Maxwell,Rajasthan Royals,field,"M Chinnaswamy Stadium, Bengaluru",Bengaluru,2023
1359507,2023-04-23,Chennai Super Kings,Kolkata Knight Riders,AM Rahane,Kolkata Knight Riders,field,"Eden Gardens, Kolkata",Kolkata,2023
1359507,2023-04-23,Kolkata Knight Riders,Chennai Super Kings,AM Rahane,Kolkata Knight Riders,field,"Eden Gardens, Kolkata",Kolkata,2023
1359508,2023-04-24,Delhi Capitals,Sunrisers Hyderabad,AR Patel,Delhi Capitals,bat,"Rajiv Gandhi International Stadium, Uppal, Hyderabad",Hyderabad,2023
1359508,2023-04-24,Sunrisers Hyderabad,Delhi Capitals,AR Patel,Delhi Capitals,bat,"Rajiv Gandhi International Stadium, Uppal, Hyderabad",Hyderabad,2023
1359509,2023-04-25,Gujarat Titans,Mumbai Indians,A Manohar,Mumbai Indians,field,"Narendra Modi Stadium, Ahmedabad",Ahmedabad,2023
1359509,2023-04-25,Mumbai Indians,Gujarat Titans,A Manohar,Mumbai Indians,field,"Narendra Modi Stadium, Ahmedabad",Ahmedabad,2023
1359510,2023-04-26,Kolkata Knight Riders,Royal Challengers Bangalore,CV Varun,Royal Challengers Bangalore,field,"M Chinnaswamy Stadium, Bengaluru",Bengaluru,2023
1359510,2023-04-26,Royal Challengers Bangalore,Kolkata Knight Riders,CV Varun,Royal Challengers Bangalore,field,"M Chinnaswamy Stadium, Bengaluru",Bengaluru,2023
1359511,2023-04-27,Rajasthan Royals,Chennai Super Kings,YBK Jaiswal,Rajasthan Royals,bat,"Sawai Mansingh Stadium, Jaipur",Jaipur,2023
1359511,2023-04-27,Chennai Super Kings,Rajasthan Royals,YBK Jaiswal,Rajasthan Royals,bat,"Sawai Mansingh Stadium, Jaipur",Jaipur,2023
1359512,2023-04-28,Lucknow Super Giants,Punjab Kings,MP Stoinis,Punjab Kings,field,"Punjab Cricket Association IS Bindra Stadium, Mohali, Chandigarh",Chandigarh,2023
1359512,2023-04-28,Punjab Kings,Lucknow Super Giants,MP Stoinis,Punjab Kings,field,"Punjab Cricket Association IS Bindra Stadium, Mohali, Chandigarh",Chandigarh,2023
1359513,2023-04-29,Kolkata Knight Riders,Gujarat Titans,J Little,Gujarat Titans,field,"Eden Gardens, Kolkata",Kolkata,2023
1359513,2023-04-29,Gujarat Titans,Kolkata Knight Riders,J Little,Gujarat Titans,field,"Eden Gardens, Kolkata",Kolkata,2023
1359514,2023-04-29,Sunrisers Hyderabad,Delhi Capitals,MR Marsh,Sunrisers Hyderabad,bat,"Arun Jaitley Stadium, Delhi",Delhi,2023
1359514,2023-04-29,Delhi Capitals,Sunrisers Hyderabad,MR Marsh,Sunrisers Hyderabad,bat,"Arun Jaitley Stadium, Delhi",Delhi,2023
1359515,2023-04-30,Chennai Super Kings,Punjab Kings,DP Conway,Chennai Super Kings,bat,"MA Chidambaram Stadium, Chepauk, Chennai",Chennai,2023
1359515,2023-04-30,Punjab Kings,Chennai Super Kings,DP Conway,Chennai Super Kings,bat,"MA Chidambaram Stadium, Chepauk, Chennai",Chennai,2023
1359516,2023-04-30,Rajasthan Royals,Mumbai Indians,YBK Jaiswal,Rajasthan Royals,bat,"Wankhede Stadium, Mumbai",Mumbai,2023
1359516,2023-04-30,Mumbai Indians,Rajasthan Royals,YBK Jaiswal,Rajasthan Royals,bat,"Wankhede Stadium, Mumbai",Mumbai,2023
1359517,2023-05-01,Royal Challengers Bangalore,Lucknow Super Giants,F du Plessis,Royal Challengers Bangalore,bat,"Bharat Ratna Shri Atal Bihari Vajpayee Ekana Cricket Stadium, Lucknow",Lucknow,2023
1359517,2023-05-01,Lucknow Super Giants,Royal Challengers Bangalore,F du Plessis,Royal Challengers Bangalore,bat,"Bharat Ratna Shri Atal Bihari Vajpayee Ekana Cricket Stadium, Lucknow",Lucknow,2023
1359518,2023-05-02,Delhi Capitals,Gujarat Titans,Mohammed Shami,Delhi Capitals,bat,"Narendra Modi Stadium, Ahmedabad",Ahmedabad,2023
1359518,2023-05-02,Gujarat Titans,Delhi Capitals,Mohammed Shami,Delhi Capitals,bat,"Narendra Modi Stadium, Ahmedabad",Ahmedabad,2023
1359519,2023-05-03,Lucknow Super Giants,Chennai Super Kings,Unknown,Chennai Super Kings,field,"Bharat Ratna Shri Atal Bihari Vajpayee Ekana Cricket Stadium, Lucknow",Lucknow,2023
1359520,2023-05-03,Punjab Kings,Mumbai Indians,Ishan Kishan,Mumbai Indians,field,"Punjab Cricket Association IS Bindra Stadium, Mohali, Chandigarh",Chandigarh,2023
1359520,2023-05-03,Mumbai Indians,Punjab Kings,Ishan Kishan,Mumbai Indians,field,"Punjab Cricket Association IS Bindra Stadium, Mohali, Chandigarh",Chandigarh,2023
1359521,2023-05-04,Kolkata Knight Riders,Sunrisers Hyderabad,CV Varun,Kolkata Knight Riders,bat,"Rajiv Gandhi International Stadium, Uppal, Hyderabad",Hyderabad,2023
1359521,2023-05-04,Sunrisers Hyderabad,Kolkata Knight Riders,CV Varun,Kolkata Knight Riders,bat,"Rajiv Gandhi International Stadium, Uppal, Hyderabad",Hyderabad,2023
1359522,2023-05-05,Rajasthan Royals,Gujarat Titans,Rashid Khan,Rajasthan Royals,bat,"Sawai Mansingh Stadium, Jaipur",Jaipur,2023
1359522,2023-05-05,Gujarat Titans,Rajasthan Royals,Rashid Khan,Rajasthan Royals,bat,"Sawai Mansingh Stadium, Jaipur",Jaipur,2023
1359523,2023-05-06,Mumbai Indians,Chennai Super Kings,M Pathirana,Chennai Super Kings,field,"MA Chidambaram Stadium, Chepauk, Chennai",Chennai,2023
1359523,2023-05-06,Chennai Super Kings,Mumbai Indians,M Pathirana,Chennai Super Kings,field,"MA Chidambaram Stadium, Chepauk, Chennai",Chennai,2023
1359524,2023-05-06,Royal Challengers Bangalore,Delhi Capitals,PD Salt,Royal Challengers Bangalore,bat,"Arun Jaitley Stadium, Delhi",Delhi,2023
1359524,2023-05-06,Delhi Capitals,Royal Challengers Bangalore,PD Salt,Royal Challengers Bangalore,bat,"Arun Jaitley Stadium, Delhi",Delhi,2023
1359525,2023-05-07,Gujarat Titans,Lucknow Super Giants,Shubman Gill,Lucknow Super Giants,field,"Narendra Modi Stadium, Ahmedabad",Ahmedabad,2023
1359525,2023-05-07,Lucknow Super Giants,Gujarat Titans,Shubman Gill,Lucknow Super Giants,field,"Narendra Modi Stadium, Ahmedabad",Ahmedabad,2023
1359526,2023-05-07,Rajasthan Royals,Sunrisers Hyderabad,GD Phillips,Rajasthan Royals,bat,"Sawai Mansingh Stadium, Jaipur",Jaipur,2023
1359526,2023-05-07,Sunrisers Hyderabad,Rajasthan Royals,GD Phillips,Rajasthan Royals,bat,"Sawai Mansingh Stadium, Jaipur",Jaipur,2023
1359527,2023-05-08,Punjab Kings,Kolkata Knight Riders,AD Russell,Punjab Kings,bat,"Eden Gardens, Kolkata",Kolkata,2023
1359527,2023-05-08,Kolkata Knight Riders,Punjab Kings,AD Russell,Punjab Kings,bat,"Eden Gardens, Kolkata",Kolkata,2023
1359528,2023-05-09,Royal Challengers Bangalore,Mumbai Indians,SA Yadav,Mumbai Indians,field,"Wankhede Stadium, Mumbai",Mumbai,2023
1359528,2023-05-09,Mumbai Indians,Royal Challengers Bangalore,SA Yadav,Mumbai Indians,field,"Wankhede Stadium, Mumbai",Mumbai,2023
1359529,2023-05-10,Chennai Super Kings,Delhi Capitals,RA Jadeja,Chennai Super Kings,bat,"MA Chidambaram Stadium, Chepauk, Chennai",Chennai,2023
1359529,2023-05-10,Delhi Capitals,Chennai Super Kings,RA Jadeja,Chennai Super Kings,bat,"MA Chidambaram Stadium, Chepauk, Chennai",Chennai,2023
1359530,2023-05-11,Kolkata Knight Riders,Rajasthan Royals,YBK Jaiswal,Rajasthan Royals,field,"Eden Gardens, Kolkata",Kolkata,2023
1359530,2023-05-11,Rajasthan Royals,Kolkata Knight Riders,YBK Jaiswal,Rajasthan Royals,field,"Eden Gardens, Kolkata",Kolkata,2023
1359531,2023-05-12,Mumbai Indians,Gujarat Titans,SA Yadav,Gujarat Titans,field,"Wankhede Stadium, Mumbai",Mumbai,2023
1359531,2023-05-12,Gujarat Titans,Mumbai Indians,SA Yadav,Gujarat Titans,field,"Wankhede Stadium, Mumbai",Mumbai,2023
1359532,2023-05-13,Sunrisers Hyderabad,Lucknow Super Giants,PN Mankad,Sunrisers Hyderabad,bat,"Rajiv Gandhi International Stadium, Uppal, Hyderabad",Hyderabad,2023
1359532,2023-05-13,Lucknow Super Giants,Sunrisers Hyderabad,PN Mankad,Sunrisers Hyderabad,bat,"Rajiv Gandhi International Stadium, Uppal, Hyderabad",Hyderabad,2023
1359533,2023-05-13,Punjab Kings,Delhi Capitals,P Simran Singh,Delhi Capitals,field,"Arun Jaitley Stadium, Delhi",Delhi,2023
1359533,2023-05-13,Delhi Capitals,Punjab Kings,P Simran Singh,Delhi Capitals,field,"Arun Jaitley Stadium, Delhi",Delhi,2023
1359534,2023-05-14,Royal Challengers Bangalore,Rajasthan Royals,WD Parnell,Royal Challengers Bangalore,bat,"Sawai Mansingh Stadium, Jaipur",Jaipur,2023
1359534,2023-05-14,Rajasthan Royals,Royal Challengers Bangalore,WD Parnell,Royal Challengers Bangalore,bat,"Sawai Mansingh Stadium, Jaipur",Jaipur,2023
1359535,2023-05-14,Chennai Super Kings,Kolkata Knight Riders,RK Singh,Chennai Super Kings,bat,"MA Chidambaram Stadium, Chepauk, Chennai",Chennai,2023
1359535,2023-05-14,Kolkata Knight Riders,Chennai Super Kings,RK Singh,Chennai Super Kings,bat,"MA Chidambaram Stadium, Chepauk, Chennai",Chennai,2023
1359536,2023-05-15,Gujarat Titans,Sunrisers Hyderabad,Shubman Gill,Sunrisers Hyderabad,field,"Narendra Modi Stadium, Ahmedabad",Ahmedabad,2023
1359536,2023-05-15,Sunrisers Hyderabad,Gujarat Titans,Shubman Gill,Sunrisers Hyderabad,field,"Narendra Modi Stadium, Ahmedabad",Ahmedabad,2023
1359537,2023-05-16,Lucknow Super Giants,Mumbai Indians,MP Stoinis,Mumbai Indians,field,"Bharat Ratna Shri Atal Bihari Vajpayee Ekana Cricket Stadium, Lucknow",Lucknow,2023
1359537,2023-05-16,Mumbai Indians,Lucknow Super Giants,MP Stoinis,Mumbai Indians,field,"Bharat Ratna Shri Atal Bihari Vajpayee Ekana Cricket Stadium, Lucknow",Lucknow,2023
1359538,2023-05-17,Delhi Capitals,Punjab Kings,RR Rossouw,Punjab Kings,field,"Himachal Pradesh Cricket Association Stadium, Dharamsala",Dharamsala,2023
1359538,2023-05-17,Punjab Kings,Delhi Capitals,RR Rossouw,Punjab Kings,field,"Himachal Pradesh Cricket Association Stadium, Dharamsala",Dharamsala,2023
1359539,2023-05-18,Sunrisers Hyderabad,Royal Challengers Bangalore,V Kohli,Royal Challengers Bangalore,field,"Rajiv Gandhi International Stadium, Uppal, Hyderabad",Hyderabad,2023
1359539,2023-05-18,Royal Challengers Bangalore,Sunrisers Hyderabad,V Kohli,Royal Challengers Bangalore,field,"Rajiv Gandhi International Stadium, Uppal, Hyderabad",Hyderabad,2023
1359540,2023-05-19,Punjab Kings,Rajasthan Royals,D Padikkal,Rajasthan Royals,field,"Himachal Pradesh Cricket Association Stadium, Dharamsala",Dharamsala,2023
1359540,2023-05-19,Rajasthan Royals,Punjab Kings,D Padikkal,Rajasthan Royals,field,"Himachal Pradesh Cricket Association Stadium, Dharamsala",Dharamsala,2023
1359541,2023-05-20,Chennai Super Kings,Delhi Capitals,RD Gaikwad,Chennai Super Kings,bat,"Arun Jaitley Stadium, Delhi",Delhi,2023
1359541,2023-05-20,Delhi Capitals,Chennai Super Kings,RD Gaikwad,Chennai Super Kings,bat,"Arun Jaitley Stadium, Delhi",Delhi,2023
1359542,2023-05-20,Lucknow Super Giants,Kolkata Knight Riders,N Pooran,Kolkata Knight Riders,field,"Eden Gardens, Kolkata",Kolkata,2023
1359542,2023-05-20,Kolkata Knight Riders,Lucknow Super Giants,N Pooran,Kolkata Knight Riders,field,"Eden Gardens, Kolkata",Kolkata,2023
1359543,2023-05-21,Sunrisers Hyderabad,Mumbai Indians,C Green,Mumbai Indians,field,"Wankhede Stadium, Mumbai",Mumbai,2023
1359543,2023-05-21,Mumbai Indians,Sunrisers Hyderabad,C Green,Mumbai Indians,field,"Wankhede Stadium, Mumbai",Mumbai,2023
1359544,2023-05-21,Royal Challengers Bangalore,Gujarat Titans,Shubman Gill,Gujarat Titans,field,"M Chinnaswamy Stadium, Bengaluru",Bengaluru,2023
1359544,2023-05-21,Gujarat Titans,Royal Challengers Bangalore,Shubman Gill,Gujarat Titans,field,"M Chinnaswamy Stadium, Bengaluru",Bengaluru,2023
1370350,2023-05-23,Chennai Super Kings,Gujarat Titans,RD Gaikwad,Gujarat Titans,field,"MA Chidambaram Stadium, Chepauk, Chennai",Chennai,2023
1370350,2023-05-23,Gujarat Titans,Chennai Super Kings,RD Gaikwad,Gujarat Titans,field,"MA Chidambaram Stadium, Chepauk, Chennai",Chennai,2023
1370351,2023-05-24,Mumbai Indians,Lucknow Super Giants,Akash Madhwal,Mumbai Indians,bat,"MA Chidambaram Stadium, Chepauk, Chennai",Chennai,2023
1370351,2023-05-24,Lucknow Super Giants,Mumbai Indians,Akash Madhwal,Mumbai Indians,bat,"MA Chidambaram Stadium, Chepauk, Chennai",Chennai,2023
1370352,2023-05-26,Gujarat Titans,Mumbai Indians,Shubman Gill,Mumbai Indians,field,"Narendra Modi Stadium, Ahmedabad",Ahmedabad,2023
1370352,2023-05-26,Mumbai Indians,Gujarat Titans,Shubman Gill,Mumbai Indians,field,"Narendra Modi Stadium, Ahmedabad",Ahmedabad,2023
1370353,2023-05-29,Gujarat Titans,Chennai Super Kings,DP Conway,Chennai Super Kings,field,"Narendra Modi Stadium, Ahmedabad",Ahmedabad,2023
1370353,2023-05-29,Chennai Super Kings,Gujarat Titans,DP Conway,Chennai Super Kings,field,"Narendra Modi Stadium, Ahmedabad",Ahmedabad,2023
1422119,2024-03-22,Royal Challengers Bengaluru,Chennai Super Kings,Mustafizur Rahman,Royal Challengers Bengaluru,bat,"MA Chidambaram Stadium, Chepauk, Chennai",Chennai,2024
1422119,2024-03-22,Chennai Super Kings,Royal Challengers Bengaluru,Mustafizur Rahman,Royal Challengers Bengaluru,bat,"MA Chidambaram Stadium, Chepauk, Chennai",Chennai,2024
1422120,2024-03-23,Delhi Capitals,Punjab Kings,SM Curran,Punjab Kings,field,"Maharaja Yadavindra Singh International Cricket Stadium, Mullanpur",Mohali,2024
1422120,2024-03-23,Punjab Kings,Delhi Capitals,SM Curran,Punjab Kings,field,"Maharaja Yadavindra Singh International Cricket Stadium, Mullanpur",Mohali,2024
1422121,2024-03-23,Kolkata Knight Riders,Sunrisers Hyderabad,AD Russell,Sunrisers Hyderabad,field,"Eden Gardens, Kolkata",Kolkata,2024
1422121,2024-03-23,Sunrisers Hyderabad,Kolkata Knight Riders,AD Russell,Sunrisers Hyderabad,field,"Eden Gardens, Kolkata",Kolkata,2024
1422122,2024-03-24,Rajasthan Royals,Lucknow Super Giants,SV Samson,Rajasthan Royals,bat,"Sawai Mansingh Stadium, Jaipur",Jaipur,2024
1422122,2024-03-24,Lucknow Super Giants,Rajasthan Royals,SV Samson,Rajasthan Royals,bat,"Sawai Mansingh Stadium, Jaipur",Jaipur,2024
1422123,2024-03-24,Gujarat Titans,Mumbai Indians,B Sai Sudharsan,Mumbai Indians,field,"Narendra Modi Stadium, Ahmedabad",Ahmedabad,2024
1422123,2024-03-24,Mumbai Indians,Gujarat Titans,B Sai Sudharsan,Mumbai Indians,field,"Narendra Modi Stadium, Ahmedabad",Ahmedabad,2024
1422124,2024-03-25,Punjab Kings,Royal Challengers Bengaluru,V Kohli,Royal Challengers Bengaluru,field,"M Chinnaswamy Stadium, Bengaluru",Bengaluru,2024
1422124,2024-03-25,Royal Challengers Bengaluru,Punjab Kings,V Kohli,Royal Challengers Bengaluru,field,"M Chinnaswamy Stadium, Bengaluru",Bengaluru,2024
1422125,2024-03-26,Chennai Super Kings,Gujarat Titans,S Dube,Gujarat Titans,field,"MA Chidambaram Stadium, Chepauk, Chennai",Chennai,2024
1422125,2024-03-26,Gujarat Titans,Chennai Super Kings,S Dube,Gujarat Titans,field,"MA Chidambaram Stadium, Chepauk, Chennai",Chennai,2024
1422126,2024-03-27,Sunrisers Hyderabad,Mumbai Indians,Abhishek Sharma,Mumbai Indians,field,"Rajiv Gandhi International Stadium, Uppal, Hyderabad",Hyderabad,2024
1422126,2024-03-27,Mumbai Indians,Sunrisers Hyderabad,Abhishek Sharma,Mumbai Indians,field,"Rajiv Gandhi International Stadium, Uppal, Hyderabad",Hyderabad,2024
1422127,2024-03-28,Rajasthan Royals,Delhi Capitals,R Parag,Delhi Capitals,field,"Sawai Mansingh Stadium, Jaipur",Jaipur,2024
1422127,2024-03-28,Delhi Capitals,Rajasthan Royals,R Parag,Delhi Capitals,field,"Sawai Mansingh Stadium, Jaipur",Jaipur,2024
1422128,2024-03-29,Royal Challengers Bengaluru,Kolkata Knight Riders,SP Narine,Kolkata Knight Riders,field,"M Chinnaswamy Stadium, Bengaluru",Bengaluru,2024
1422128,2024-03-29,Kolkata Knight Riders,Royal Challengers Bengaluru,SP Narine,Kolkata Knight Riders,field,"M Chinnaswamy Stadium, Bengaluru",Bengaluru,2024
1422129,2024-03-30,Lucknow Super Giants,Punjab Kings,MP Yadav,Lucknow Super Giants,bat,"Bharat Ratna Shri Atal Bihari Vajpayee Ekana Cricket Stadium, Lucknow",Lucknow,2024
1422129,2024-03-30,Punjab Kings,Lucknow Super Giants,MP Yadav,Lucknow Super Giants,bat,"Bharat Ratna Shri Atal Bihari Vajpayee Ekana Cricket Stadium, Lucknow",Lucknow,2024
1422130,2024-03-31,Sunrisers Hyderabad,Gujarat Titans,MM Sharma,Sunrisers Hyderabad,bat,"Narendra Modi Stadium, Ahmedabad",Ahmedabad,2024
1422130,2024-03-31,Gujarat Titans,Sunrisers Hyderabad,MM Sharma,Sunrisers Hyderabad,bat,"Narendra Modi Stadium, Ahmedabad",Ahmedabad,2024
1422131,2024-03-31,Delhi Capitals,Chennai Super Kings,KK Ahmed,Delhi Capitals,bat,"Dr. Y.S. Rajasekhara Reddy ACA-VDCA Cricket Stadium, Visakhapatnam",Visakhapatnam,2024
1422131,2024-03-31,Chennai Super Kings,Delhi Capitals,KK Ahmed,Delhi Capitals,bat,"Dr. Y.S. Rajasekhara Reddy ACA-VDCA Cricket Stadium, Visakhapatnam",Visakhapatnam,2024
1422132,2024-04-01,Mumbai Indians,Rajasthan Royals,TA Boult,Rajasthan Royals,field,"Wankhede Stadium, Mumbai",Mumbai,2024
1422132,2024-04-01,Rajasthan Royals,Mumbai Indians,TA Boult,Rajasthan Royals,field,"Wankhede Stadium, Mumbai",Mumbai,2024
1422133,2024-04-02,Lucknow Super Giants,Royal Challengers Bengaluru,MP Yadav,Royal Challengers Bengaluru,field,"M Chinnaswamy Stadium, Bengaluru",Bengaluru,2024
1422133,2024-04-02,Royal Challengers Bengaluru,Lucknow Super Giants,MP Yadav,Royal Challengers Bengaluru,field,"M Chinnaswamy Stadium, Bengaluru",Bengaluru,2024
1422134,2024-04-03,Kolkata Knight Riders,Delhi Capitals,SP Narine,Kolkata Knight Riders,bat,"Dr. Y.S. Rajasekhara Reddy ACA-VDCA Cricket Stadium, Visakhapatnam",Visakhapatnam,2024
1422134,2024-04-03,Delhi Capitals,Kolkata Knight Riders,SP Narine,Kolkata Knight Riders,bat,"Dr. Y.S. Rajasekhara Reddy ACA-VDCA Cricket Stadium, Visakhapatnam",Visakhapatnam,2024
1422135,2024-04-04,Gujarat Titans,Punjab Kings,Shashank Singh,Punjab Kings,field,"Narendra Modi Stadium, Ahmedabad",Ahmedabad,2024
1422135,2024-04-04,Punjab Kings,Gujarat Titans,Shashank Singh,Punjab Kings,field,"Narendra Modi Stadium, Ahmedabad",Ahmedabad,2024
1422136,2024-04-05,Chennai Super Kings,Sunrisers Hyderabad,Abhishek Sharma,Sunrisers Hyderabad,field,"Rajiv Gandhi International Stadium, Uppal, Hyderabad",Hyderabad,2024
1422136,2024-04-05,Sunrisers Hyderabad,Chennai Super Kings,Abhishek Sharma,Sunrisers Hyderabad,field,"Rajiv Gandhi International Stadium, Uppal, Hyderabad",Hyderabad,2024
1422137,2024-04-06,Royal Challengers Bengaluru,Rajasthan Royals,JC Buttler,Rajasthan Royals,field,"Sawai Mansingh Stadium, Jaipur",Jaipur,2024
1422137,2024-04-06,Rajasthan Royals,Royal Challengers Bengaluru,JC Buttler,Rajasthan Royals,field,"Sawai Mansingh Stadium, Jaipur",Jaipur,2024
1422138,2024-04-07,Mumbai Indians,Delhi Capitals,R Shepherd,Delhi Capitals,field,"Wankhede Stadium, Mumbai",Mumbai,2024
1422138,2024-04-07,Delhi Capitals,Mumbai Indians,R Shepherd,Delhi Capitals,field,"Wankhede Stadium, Mumbai",Mumbai,2024
1422139,2024-04-07,Lucknow Super Giants,Gujarat Titans,Yash Thakur,Lucknow Super Giants,bat,"Bharat Ratna Shri Atal Bihari Vajpayee Ekana Cricket Stadium, Lucknow",Lucknow,2024
1422139,2024-04-07,Gujarat Titans,Lucknow Super Giants,Yash Thakur,Lucknow Super Giants,bat,"Bharat Ratna Shri Atal Bihari Vajpayee Ekana Cricket Stadium, Lucknow",Lucknow,2024
1426260,2024-04-08,Kolkata Knight Riders,Chennai Super Kings,RA Jadeja,Chennai Super Kings,field,"MA Chidambaram Stadium, Chepauk, Chennai",Chennai,2024
1426260,2024-04-08,Chennai Super Kings,Kolkata Knight Riders,RA Jadeja,Chennai Super Kings,field,"MA Chidambaram Stadium, Chepauk, Chennai",Chennai,2024
1426261,2024-04-09,Sunrisers Hyderabad,Punjab Kings,Nithish Kumar Reddy,Punjab Kings,field,"Maharaja Yadavindra Singh International Cricket Stadium, Mullanpur",Mohali,2024
1426261,2024-04-09,Punjab Kings,Sunrisers Hyderabad,Nithish Kumar Reddy,Punjab Kings,field,"Maharaja Yadavindra Singh International Cricket Stadium, Mullanpur",Mohali,2024
1426262,2024-04-10,Rajasthan Royals,Gujarat Titans,Rashid Khan,Gujarat Titans,field,"Sawai Mansingh Stadium, Jaipur",Jaipur,2024
1426262,2024-04-10,Gujarat Titans,Rajasthan Royals,Rashid Khan,Gujarat Titans,field,"Sawai Mansingh Stadium, Jaipur",Jaipur,2024
1426263,2024-04-11,Royal Challengers Bengaluru,Mumbai Indians,JJ Bumrah,Mumbai Indians,field,"Wankhede Stadium, Mumbai",Mumbai,2024
1426263,2024-04-11,Mumbai Indians,Royal Challengers Bengaluru,JJ Bumrah,Mumbai Indians,field,"Wankhede Stadium, Mumbai",Mumbai,2024
1426264,2024-04-12,Lucknow Super Giants,Delhi Capitals,Kuldeep Yadav,Lucknow Super Giants,bat,"Bharat Ratna Shri Atal Bihari Vajpayee Ekana Cricket Stadium, Lucknow",Lucknow,2024
1426264,2024-04-12,Delhi Capitals,Lucknow Super Giants,Kuldeep Yadav,Lucknow Super Giants,bat,"Bharat Ratna Shri Atal Bihari Vajpayee Ekana Cricket Stadium, Lucknow",Lucknow,2024
1426265,2024-04-13,Punjab Kings,Rajasthan Royals,SO Hetmyer,Rajasthan Royals,field,"Maharaja Yadavindra Singh International Cricket Stadium, Mullanpur",Mohali,2024
1426265,2024-04-13,Rajasthan Royals,Punjab Kings,SO Hetmyer,Rajasthan Royals,field,"Maharaja Yadavindra Singh International Cricket Stadium, Mullanpur",Mohali,2024
1426266,2024-04-14,Lucknow Super Giants,Kolkata Knight Riders,PD Salt,Kolkata Knight Riders,field,"Eden Gardens, Kolkata",Kolkata,2024
1426266,2024-04-14,Kolkata Knight Riders,Lucknow Super Giants,PD Salt,Kolkata Knight Riders,field,"Eden Gardens, Kolkata",Kolkata,2024
1426267,2024-04-14,Chennai Super Kings,Mumbai Indians,M Pathirana,Mumbai Indians,field,"Wankhede Stadium, Mumbai",Mumbai,2024
1426267,2024-04-14,Mumbai Indians,Chennai Super Kings,M Pathirana,Mumbai Indians,field,"Wankhede Stadium, Mumbai",Mumbai,2024
1426268,2024-04-15,Sunrisers Hyderabad,Royal Challengers Bengaluru,TM Head,Royal Challengers Bengaluru,field,"M Chinnaswamy Stadium, Bengaluru",Bengaluru,2024
1426268,2024-04-15,Royal Challengers Bengaluru,Sunrisers Hyderabad,TM Head,Royal Challengers Bengaluru,field,"M Chinnaswamy Stadium, Bengaluru",Bengaluru,2024
1426269,2024-04-16,Kolkata Knight Riders,Rajasthan Royals,JC Buttler,Rajasthan Royals,field,"Eden Gardens, Kolkata",Kolkata,2024
1426269,2024-04-16,Rajasthan Royals,Kolkata Knight Riders,JC Buttler,Rajasthan Royals,field,"Eden Gardens, Kolkata",Kolkata,2024
1426270,2024-04-17,Gujarat Titans,Delhi Capitals,RR Pant,Delhi Capitals,field,"Narendra Modi Stadium, Ahmedabad",Ahmedabad,2024
1426270,2024-04-17,Delhi Capitals,Gujarat Titans,RR Pant,Delhi Capitals,field,"Narendra Modi Stadium, Ahmedabad",Ahmedabad,2024
1426271,2024-04-18,Mumbai Indians,Punjab Kings,JJ Bumrah,Punjab Kings,field,"Maharaja Yadavindra Singh International Cricket Stadium, Mullanpur",Mohali,2024
1426271,2024-04-18,Punjab Kings,Mumbai Indians,JJ Bumrah,Punjab Kings,field,"Maharaja Yadavindra Singh International Cricket Stadium, Mullanpur",Mohali,2024
1426272,2024-04-19,Chennai Super Kings,Lucknow Super Giants,KL Rahul,Lucknow Super Giants,field,"Bharat Ratna Shri Atal Bihari Vajpayee Ekana Cricket Stadium, Lucknow",Lucknow,2024
1426272,2024-04-19,Lucknow Super Giants,Chennai Super Kings,KL Rahul,Lucknow Super Giants,field,"Bharat Ratna Shri Atal Bihari Vajpayee Ekana Cricket Stadium, Lucknow",Lucknow,2024
1426273,2024-04-20,Sunrisers Hyderabad,Delhi Capitals,TM Head,Delhi Capitals,field,"Arun Jaitley Stadium, Delhi",Delhi,2024
1426273,2024-04-20,Delhi Capitals,Sunrisers Hyderabad,TM Head,Delhi Capitals,field,"Arun Jaitley Stadium, Delhi",Delhi,2024
1426274,2024-04-21,Kolkata Knight Riders,Royal Challengers Bengaluru,AD Russell,Royal Challengers Bengaluru,field,"Eden Gardens, Kolkata",Kolkata,2024
1426274,2024-04-21,Royal Challengers Bengaluru,Kolkata Knight Riders,AD Russell,Royal Challengers Bengaluru,field,"Eden Gardens, Kolkata",Kolkata,2024
1426275,2024-04-21,Punjab Kings,Gujarat Titans,R Sai Kishore,Punjab Kings,bat,"Maharaja Yadavindra Singh International Cricket Stadium, Mullanpur",Mohali,2024
1426275,2024-04-21,Gujarat Titans,Punjab Kings,R Sai Kishore,Punjab Kings,bat,"Maharaja Yadavindra Singh International Cricket Stadium, Mullanpur",Mohali,2024
1426276,2024-04-22,Mumbai Indians,Rajasthan Royals,Sandeep Sharma,Mumbai Indians,bat,"Sawai Mansingh Stadium, Jaipur",Jaipur,2024
1426276,2024-04-22,Rajasthan Royals,Mumbai Indians,Sandeep Sharma,Mumbai Indians,bat,"Sawai Mansingh Stadium, Jaipur",Jaipur,2024
1426277,2024-04-23,Chennai Super Kings,Lucknow Super Giants,MP Stoinis,Lucknow Super Giants,field,"MA Chidambaram Stadium, Chepauk, Chennai",Chennai,2024
1426277,2024-04-23,Lucknow Super Giants,Chennai Super Kings,MP Stoinis,Lucknow Super Giants,field,"MA Chidambaram Stadium, Chepauk, Chennai",Chennai,2024
1426278,2024-04-24,Delhi Capitals,Gujarat Titans,RR Pant,Gujarat Titans,field,"Arun Jaitley Stadium, Delhi",Delhi,2024
1426278,2024-04-24,Gujarat Titans,Delhi Capitals,RR Pant,Gujarat Titans,field,"Arun Jaitley Stadium, Delhi",Delhi,2024
1426279,2024-04-25,Royal Challengers Bengaluru,Sunrisers Hyderabad,RM Patidar,Royal Challengers Bengaluru,bat,"Rajiv Gandhi International Stadium, Uppal, Hyderabad",Hyderabad,2024
1426279,2024-04-25,Sunrisers Hyderabad,Royal Challengers Bengaluru,RM Patidar,Royal Challengers Bengaluru,bat,"Rajiv Gandhi International Stadium, Uppal, Hyderabad",Hyderabad,2024
1426280,2024-04-26,Kolkata Knight Riders,Punjab Kings,JM Bairstow,Punjab Kings,field,"Eden Gardens, Kolkata",Kolkata,2024
1426280,2024-04-26,Punjab Kings,Kolkata Knight Riders,JM Bairstow,Punjab Kings,field,"Eden Gardens, Kolkata",Kolkata,2024
1426281,2024-04-27,Delhi Capitals,Mumbai Indians,J Fraser-McGurk,Mumbai Indians,field,"Arun Jaitley Stadium, Delhi",Delhi,2024
1426281,2024-04-27,Mumbai Indians,Delhi Capitals,J Fraser-McGurk,Mumbai Indians,field,"Arun Jaitley Stadium, Delhi",Delhi,2024
1426282,2024-04-27,Lucknow Super Giants,Rajasthan Royals,SV Samson,Rajasthan Royals,field,"Bharat Ratna Shri Atal Bihari Vajpayee Ekana Cricket Stadium, Lucknow",Lucknow,2024
1426282,2024-04-27,Rajasthan Royals,Lucknow Super Giants,SV Samson,Rajasthan Royals,field,"Bharat Ratna Shri Atal Bihari Vajpayee Ekana Cricket Stadium, Lucknow",Lucknow,2024
1426283,2024-04-28,Gujarat Titans,Royal Challengers Bengaluru,WG Jacks,Royal Challengers Bengaluru,field,"Narendra Modi Stadium, Ahmedabad",Ahmedabad,2024
1426283,2024-04-28,Royal Challengers Bengaluru,Gujarat Titans,WG Jacks,Royal Challengers Bengaluru,field,"Narendra Modi Stadium, Ahmedabad",Ahmedabad,2024
1426284,2024-04-28,Chennai Super Kings,Sunrisers Hyderabad,RD Gaikwad,Sunrisers Hyderabad,field,"MA Chidambaram Stadium, Chepauk, Chennai",Chennai,2024
1426284,2024-04-28,Sunrisers Hyderabad,Chennai Super Kings,RD Gaikwad,Sunrisers Hyderabad,field,"MA Chidambaram Stadium, Chepauk, Chennai",Chennai,2024
1426285,2024-04-29,Delhi Capitals,Kolkata Knight Riders,CV Varun,Delhi Capitals,bat,"Eden Gardens, Kolkata",Kolkata,2024
1426285,2024-04-29,Kolkata Knight Riders,Delhi Capitals,CV Varun,Delhi Capitals,bat,"Eden Gardens, Kolkata",Kolkata,2024
1426286,2024-04-30,Mumbai Indians,Lucknow Super Giants,MP Stoinis,Lucknow Super Giants,field,"Bharat Ratna Shri Atal Bihari Vajpayee Ekana Cricket Stadium, Lucknow",Lucknow,2024
1426286,2024-04-30,Lucknow Super Giants,Mumbai Indians,MP Stoinis,Lucknow Super Giants,field,"Bharat Ratna Shri Atal Bihari Vajpayee Ekana Cricket Stadium, Lucknow",Lucknow,2024
1426287,2024-05-01,Chennai Super Kings,Punjab Kings,Harpreet Brar,Punjab Kings,field,"MA Chidambaram Stadium, Chepauk, Chennai",Chennai,2024
1426287,2024-05-01,Punjab Kings,Chennai Super Kings,Harpreet Brar,Punjab Kings,field,"MA Chidambaram Stadium, Chepauk, Chennai",Chennai,2024
1426288,2024-05-02,Sunrisers Hyderabad,Rajasthan Royals,B Kumar,Sunrisers Hyderabad,bat,"Rajiv Gandhi International Stadium, Uppal, Hyderabad",Hyderabad,2024
1426288,2024-05-02,Rajasthan Royals,Sunrisers Hyderabad,B Kumar,Sunrisers Hyderabad,bat,"Rajiv Gandhi International Stadium, Uppal, Hyderabad",Hyderabad,2024
1426289,2024-05-03,Kolkata Knight Riders,Mumbai Indians,VR Iyer,Mumbai Indians,field,"Wankhede Stadium, Mumbai",Mumbai,2024
1426289,2024-05-03,Mumbai Indians,Kolkata Knight Riders,VR Iyer,Mumbai Indians,field,"Wankhede Stadium, Mumbai",Mumbai,2024
1426290,2024-05-04,Gujarat Titans,Royal Challengers Bengaluru,Mohammed Siraj,Royal Challengers Bengaluru,field,"M Chinnaswamy Stadium, Bengaluru",Bengaluru,2024
1426290,2024-05-04,Royal Challengers Bengaluru,Gujarat Titans,Mohammed Siraj,Royal Challengers Bengaluru,field,"M Chinnaswamy Stadium, Bengaluru",Bengaluru,2024
1426291,2024-05-05,Chennai Super Kings,Punjab Kings,RA Jadeja,Punjab Kings,field,"Himachal Pradesh Cricket Association Stadium, Dharamsala",Dharamsala,2024
1426291,2024-05-05,Punjab Kings,Chennai Super Kings,RA Jadeja,Punjab Kings,field,"Himachal Pradesh Cricket Association Stadium, Dharamsala",Dharamsala,2024
1426292,2024-05-05,Kolkata Knight Riders,Lucknow Super Giants,SP Narine,Lucknow Super Giants,field,"Bharat Ratna Shri Atal Bihari Vajpayee Ekana Cricket Stadium, Lucknow",Lucknow,2024
1426292,2024-05-05,Lucknow Super Giants,Kolkata Knight Riders,SP Narine,Lucknow Super Giants,field,"Bharat Ratna Shri Atal Bihari Vajpayee Ekana Cricket Stadium, Lucknow",Lucknow,2024
1426293,2024-05-06,Sunrisers Hyderabad,Mumbai Indians,SA Yadav,Mumbai Indians,field,"Wankhede Stadium, Mumbai",Mumbai,2024
1426293,2024-05-06,Mumbai Indians,Sunrisers Hyderabad,SA Yadav,Mumbai Indians,field,"Wankhede Stadium, Mumbai",Mumbai,2024
1426294,2024-05-07,Delhi Capitals,Rajasthan Royals,Kuldeep Yadav,Rajasthan Royals,field,"Arun Jaitley Stadium, Delhi",Delhi,2024
1426294,2024-05-07,Rajasthan Royals,Delhi Capitals,Kuldeep Yadav,Rajasthan Royals,field,"Arun Jaitley Stadium, Delhi",Delhi,2024
1426295,2024-05-08,Lucknow Super Giants,Sunrisers Hyderabad,TM Head,Lucknow Super Giants,bat,"Rajiv Gandhi International Stadium, Uppal, Hyderabad",Hyderabad,2024
1426295,2024-05-08,Sunrisers Hyderabad,Lucknow Super Giants,TM Head,Lucknow Super Giants,bat,"Rajiv Gandhi International Stadium, Uppal, Hyderabad",Hyderabad,2024
1426296,2024-05-09,Royal Challengers Bengaluru,Punjab Kings,V Kohli,Punjab Kings,field,"Himachal Pradesh Cricket Association Stadium, Dharamsala",Dharamsala,2024
1426296,2024-05-09,Punjab Kings,Royal Challengers Bengaluru,V Kohli,Punjab Kings,field,"Himachal Pradesh Cricket Association Stadium, Dharamsala",Dharamsala,2024
1426297,2024-05-10,Gujarat Titans,Chennai Super Kings,Shubman Gill,Chennai Super Kings,field,"Narendra Modi Stadium, Ahmedabad",Ahmedabad,2024
1426297,2024-05-10,Chennai Super Kings,Gujarat Titans,Shubman Gill,Chennai Super Kings,field,"Narendra Modi Stadium, Ahmedabad",Ahmedabad,2024
1426298,2024-05-11,Kolkata Knight Riders,Mumbai Indians,CV Varun,Mumbai Indians,field,"Eden Gardens, Kolkata",Kolkata,2024
1426298,2024-05-11,Mumbai Indians,Kolkata Knight Riders,CV Varun,Mumbai Indians,field,"Eden Gardens, Kolkata",Kolkata,2024
1426299,2024-05-12,Rajasthan Royals,Chennai Super Kings,Simarjeet Singh,Rajasthan Royals,bat,"MA Chidambaram Stadium, Chepauk, Chennai",Chennai,2024
1426299,2024-05-12,Chennai Super Kings,Rajasthan Royals,Simarjeet Singh,Rajasthan Royals,bat,"MA Chidambaram Stadium, Chepauk, Chennai",Chennai,2024
1426300,2024-05-12,Royal Challengers Bengaluru,Delhi Capitals,C Green,Delhi Capitals,field,"M Chinnaswamy Stadium, Bengaluru",Bengaluru,2024
1426300,2024-05-12,Delhi Capitals,Royal Challengers Bengaluru,C Green,Delhi Capitals,field,"M Chinnaswamy Stadium, Bengaluru",Bengaluru,2024
1426302,2024-05-14,Delhi Capitals,Lucknow Super Giants,I Sharma,Lucknow Super Giants,field,"Arun Jaitley Stadium, Delhi",Delhi,2024
1426302,2024-05-14,Lucknow Super Giants,Delhi Capitals,I Sharma,Lucknow Super Giants,field,"Arun Jaitley Stadium, Delhi",Delhi,2024
1426303,2024-05-15,Rajasthan Royals,Punjab Kings,SM Curran,Rajasthan Royals,bat,"Barsapara Cricket Stadium, Guwahati",Guwahati,2024
1426303,2024-05-15,Punjab Kings,Rajasthan Royals,SM Curran,Rajasthan Royals,bat,"Barsapara Cricket Stadium, Guwahati",Guwahati,2024
1426305,2024-05-17,Lucknow Super Giants,Mumbai Indians,N Pooran,Mumbai Indians,field,"Wankhede Stadium, Mumbai",Mumbai,2024
1426305,2024-05-17,Mumbai Indians,Lucknow Super Giants,N Pooran,Mumbai Indians,field,"Wankhede Stadium, Mumbai",Mumbai,2024
1426306,2024-05-18,Royal Challengers Bengaluru,Chennai Super Kings,F du Plessis,Chennai Super Kings,field,"M Chinnaswamy Stadium, Bengaluru",Bengaluru,2024
1426306,2024-05-18,Chennai Super Kings,Royal Challengers Bengaluru,F du Plessis,Chennai Super Kings,field,"M Chinnaswamy Stadium, Bengaluru",Bengaluru,2024
1426307,2024-05-19,Punjab Kings,Sunrisers Hyderabad,Abhishek Sharma,Punjab Kings,bat,"Rajiv Gandhi International Stadium, Uppal, Hyderabad",Hyderabad,2024
1426307,2024-05-19,Sunrisers Hyderabad,Punjab Kings,Abhishek Sharma,Punjab Kings,bat,"Rajiv Gandhi International Stadium, Uppal, Hyderabad",Hyderabad,2024
1426309,2024-05-21,Sunrisers Hyderabad,Kolkata Knight Riders,MA Starc,Sunrisers Hyderabad,bat,"Narendra Modi Stadium, Ahmedabad",Ahmedabad,2024
1426309,2024-05-21,Kolkata Knight Riders,Sunrisers Hyderabad,MA Starc,Sunrisers Hyderabad,bat,"Narendra Modi Stadium, Ahmedabad",Ahmedabad,2024
1426310,2024-05-22,Royal Challengers Bengaluru,Rajasthan Royals,R Ashwin,Rajasthan Royals,field,"Narendra Modi Stadium, Ahmedabad",Ahmedabad,2024
1426310,2024-05-22,Rajasthan Royals,Royal Challengers Bengaluru,R Ashwin,Rajasthan Royals,field,"Narendra Modi Stadium, Ahmedabad",Ahmedabad,2024
1426311,2024-05-24,Sunrisers Hyderabad,Rajasthan Royals,Shahbaz Ahmed,Rajasthan Royals,field,"MA Chidambaram Stadium, Chepauk, Chennai",Chennai,2024
1426311,2024-05-24,Rajasthan Royals,Sunrisers Hyderabad,Shahbaz Ahmed,Rajasthan Royals,field,"MA Chidambaram Stadium, Chepauk, Chennai",Chennai,2024
1426312,2024-05-26,Sunrisers Hyderabad,Kolkata Knight Riders,MA Starc,Sunrisers Hyderabad,bat,"MA Chidambaram Stadium, Chepauk, Chennai",Chennai,2024
1426312,2024-05-26,Kolkata Knight Riders,Sunrisers Hyderabad,MA Starc,Sunrisers Hyderabad,bat,"MA Chidambaram Stadium, Chepauk, Chennai",Chennai,2024
1473438,2025-03-22,Kolkata Knight Riders,Royal Challengers Bengaluru,KH Pandya,Royal Challengers Bengaluru,field,"Eden Gardens, Kolkata",Kolkata,2025
1473438,2025-03-22,Royal Challengers Bengaluru,Kolkata Knight Riders,KH Pandya,Royal Challengers Bengaluru,field,"Eden Gardens, Kolkata",Kolkata,2025
1473439,2025-03-23,Sunrisers Hyderabad,Rajasthan Royals,Ishan Kishan,Rajasthan Royals,field,"Rajiv Gandhi International Stadium, Uppal, Hyderabad",Hyderabad,2025
1473439,2025-03-23,Rajasthan Royals,Sunrisers Hyderabad,Ishan Kishan,Rajasthan Royals,field,"Rajiv Gandhi International Stadium, Uppal, Hyderabad",Hyderabad,2025
1473440,2025-03-23,Mumbai Indians,Chennai Super Kings,Noor Ahmad,Chennai Super Kings,field,"MA Chidambaram Stadium, Chepauk, Chennai",Chennai,2025
1473440,2025-03-23,Chennai Super Kings,Mumbai Indians,Noor Ahmad,Chennai Super Kings,field,"MA Chidambaram Stadium, Chepauk, Chennai",Chennai,2025
1473441,2025-03-24,Lucknow Super Giants,Delhi Capitals,Ashutosh Sharma,Delhi Capitals,field,"Dr. Y.S. Rajasekhara Reddy ACA-VDCA Cricket Stadium, Visakhapatnam",Visakhapatnam,2025
1473441,2025-03-24,Delhi Capitals,Lucknow Super Giants,Ashutosh Sharma,Delhi Capitals,field,"Dr. Y.S. Rajasekhara Reddy ACA-VDCA Cricket Stadium, Visakhapatnam",Visakhapatnam,2025
1473442,2025-03-25,Punjab Kings,Gujarat Titans,SS Iyer,Gujarat Titans,field,"Narendra Modi Stadium, Ahmedabad",Ahmedabad,2025
1473442,2025-03-25,Gujarat Titans,Punjab Kings,SS Iyer,Gujarat Titans,field,"Narendra Modi Stadium, Ahmedabad",Ahmedabad,2025
1473443,2025-03-26,Rajasthan Royals,Kolkata Knight Riders,Q de Kock,Kolkata Knight Riders,field,"Barsapara Cricket Stadium, Guwahati",Guwahati,2025
1473443,2025-03-26,Kolkata Knight Riders,Rajasthan Royals,Q de Kock,Kolkata Knight Riders,field,"Barsapara Cricket Stadium, Guwahati",Guwahati,2025
1473444,2025-03-27,Sunrisers Hyderabad,Lucknow Super Giants,SN Thakur,Lucknow Super Giants,field,"Rajiv Gandhi International Stadium, Uppal, Hyderabad",Hyderabad,2025
1473444,2025-03-27,Lucknow Super Giants,Sunrisers Hyderabad,SN Thakur,Lucknow Super Giants,field,"Rajiv Gandhi International Stadium, Uppal, Hyderabad",Hyderabad,2025
1473445,2025-03-28,Royal Challengers Bengaluru,Chennai Super Kings,RM Patidar,Chennai Super Kings,field,"MA Chidambaram Stadium, Chepauk, Chennai",Chennai,2025
1473445,2025-03-28,Chennai Super Kings,Royal Challengers Bengaluru,RM Patidar,Chennai Super Kings,field,"MA Chidambaram Stadium, Chepauk, Chennai",Chennai,2025
1473446,2025-03-29,Gujarat Titans,Mumbai Indians,M Prasidh Krishna,Mumbai Indians,field,"Narendra Modi Stadium, Ahmedabad",Ahmedabad,2025
1473446,2025-03-29,Mumbai Indians,Gujarat Titans,M Prasidh Krishna,Mumbai Indians,field,"Narendra Modi Stadium, Ahmedabad",Ahmedabad,2025
1473447,2025-03-30,Sunrisers Hyderabad,Delhi Capitals,MA Starc,Sunrisers Hyderabad,bat,"Dr. Y.S. Rajasekhara Reddy ACA-VDCA Cricket Stadium, Visakhapatnam",Visakhapatnam,2025
1473447,2025-03-30,Delhi Capitals,Sunrisers Hyderabad,MA Starc,Sunrisers Hyderabad,bat,"Dr. Y.S. Rajasekhara Reddy ACA-VDCA Cricket Stadium, Visakhapatnam",Visakhapatnam,2025
1473448,2025-03-30,Rajasthan Royals,Chennai Super Kings,N Rana,Chennai Super Kings,field,"Barsapara Cricket Stadium, Guwahati",Guwahati,2025
1473448,2025-03-30,Chennai Super Kings,Rajasthan Royals,N Rana,Chennai Super Kings,field,"Barsapara Cricket Stadium, Guwahati",Guwahati,2025
1473449,2025-03-31,Kolkata Knight Riders,Mumbai Indians,Ashwani Kumar,Mumbai Indians,field,"Wankhede Stadium, Mumbai",Mumbai,2025
1473449,2025-03-31,Mumbai Indians,Kolkata Knight Riders,Ashwani Kumar,Mumbai Indians,field,"Wankhede Stadium, Mumbai",Mumbai,2025
1473450,2025-04-01,Lucknow Super Giants,Punjab Kings,P Simran Singh,Punjab Kings,field,"Bharat Ratna Shri Atal Bihari Vajpayee Ekana Cricket Stadium, Lucknow",Lucknow,2025
1473450,2025-04-01,Punjab Kings,Lucknow Super Giants,P Simran Singh,Punjab Kings,field,"Bharat Ratna Shri Atal Bihari Vajpayee Ekana Cricket Stadium, Lucknow",Lucknow,2025
1473451,2025-04-02,Royal Challengers Bengaluru,Gujarat Titans,Mohammed Siraj,Gujarat Titans,field,"M Chinnaswamy Stadium, Bengaluru",Bengaluru,2025
1473451,2025-04-02,Gujarat Titans,Royal Challengers Bengaluru,Mohammed Siraj,Gujarat Titans,field,"M Chinnaswamy Stadium, Bengaluru",Bengaluru,2025
1473452,2025-04-03,Kolkata Knight Riders,Sunrisers Hyderabad,VG Arora,Sunrisers Hyderabad,field,"Eden Gardens, Kolkata",Kolkata,2025
1473452,2025-04-03,Sunrisers Hyderabad,Kolkata Knight Riders,VG Arora,Sunrisers Hyderabad,field,"Eden Gardens, Kolkata",Kolkata,2025
1473453,2025-04-04,Lucknow Super Giants,Mumbai Indians,DS Rathi,Mumbai Indians,field,"Bharat Ratna Shri Atal Bihari Vajpayee Ekana Cricket Stadium, Lucknow",Lucknow,2025
1473453,2025-04-04,Mumbai Indians,Lucknow Super Giants,DS Rathi,Mumbai Indians,field,"Bharat Ratna Shri Atal Bihari Vajpayee Ekana Cricket Stadium, Lucknow",Lucknow,2025
1473454,2025-04-05,Delhi Capitals,Chennai Super Kings,KL Rahul,Delhi Capitals,bat,"MA Chidambaram Stadium, Chepauk, Chennai",Chennai,2025
1473454,2025-04-05,Chennai Super Kings,Delhi Capitals,KL Rahul,Delhi Capitals,bat,"MA Chidambaram Stadium, Chepauk, Chennai",Chennai,2025
1473455,2025-04-05,Rajasthan Royals,Punjab Kings,JC Archer,Punjab Kings,field,"Maharaja Yadavindra Singh International Cricket Stadium, Mullanpur",Mohali,2025
1473455,2025-04-05,Punjab Kings,Rajasthan Royals,JC Archer,Punjab Kings,field,"Maharaja Yadavindra Singh International Cricket Stadium, Mullanpur",Mohali,2025
1473457,2025-04-06,Sunrisers Hyderabad,Gujarat Titans,Mohammed Siraj,Gujarat Titans,field,"Rajiv Gandhi International Stadium, Uppal, Hyderabad",Hyderabad,2025
1473457,2025-04-06,Gujarat Titans,Sunrisers Hyderabad,Mohammed Siraj,Gujarat Titans,field,"Rajiv Gandhi International Stadium, Uppal, Hyderabad",Hyderabad,2025
1473458,2025-04-07,Royal Challengers Bengaluru,Mumbai Indians,RM Patidar,Mumbai Indians,field,"Wankhede Stadium, Mumbai",Mumbai,2025
1473458,2025-04-07,Mumbai Indians,Royal Challengers Bengaluru,RM Patidar,Mumbai Indians,field,"Wankhede Stadium, Mumbai",Mumbai,2025
1473456,2025-04-08,Lucknow Super Giants,Kolkata Knight Riders,N Pooran,Kolkata Knight Riders,field,"Eden Gardens, Kolkata",Kolkata,2025
1473456,2025-04-08,Kolkata Knight Riders,Lucknow Super Giants,N Pooran,Kolkata Knight Riders,field,"Eden Gardens, Kolkata",Kolkata,2025
1473459,2025-04-08,Punjab Kings,Chennai Super Kings,Priyansh Arya,Punjab Kings,bat,"Maharaja Yadavindra Singh International Cricket Stadium, Mullanpur",Mohali,2025
1473459,2025-04-08,Chennai Super Kings,Punjab Kings,Priyansh Arya,Punjab Kings,bat,"Maharaja Yadavindra Singh International Cricket Stadium, Mullanpur",Mohali,2025
1473460,2025-04-09,Gujarat Titans,Rajasthan Royals,B Sai Sudharsan,Rajasthan Royals,field,"Narendra Modi Stadium, Ahmedabad",Ahmedabad,2025
1473460,2025-04-09,Rajasthan Royals,Gujarat Titans,B Sai Sudharsan,Rajasthan Royals,field,"Narendra Modi Stadium, Ahmedabad",Ahmedabad,2025
1473461,2025-04-10,Royal Challengers Bengaluru,Delhi Capitals,KL Rahul,Delhi Capitals,field,"M Chinnaswamy Stadium, Bengaluru",Bengaluru,2025
1473461,2025-04-10,Delhi Capitals,Royal Challengers Bengaluru,KL Rahul,Delhi Capitals,field,"M Chinnaswamy Stadium, Bengaluru",Bengaluru,2025
1473462,2025-04-11,Chennai Super Kings,Kolkata Knight Riders,SP Narine,Kolkata Knight Riders,field,"MA Chidambaram Stadium, Chepauk, Chennai",Chennai,2025
1473462,2025-04-11,Kolkata Knight Riders,Chennai Super Kings,SP Narine,Kolkata Knight Riders,field,"MA Chidambaram Stadium, Chepauk, Chennai",Chennai,2025
1473463,2025-04-12,Gujarat Titans,Lucknow Super Giants,AK Markram,Lucknow Super Giants,field,"Bharat Ratna Shri Atal Bihari Vajpayee Ekana Cricket Stadium, Lucknow",Lucknow,2025
1473463,2025-04-12,Lucknow Super Giants,Gujarat Titans,AK Markram,Lucknow Super Giants,field,"Bharat Ratna Shri Atal Bihari Vajpayee Ekana Cricket Stadium, Lucknow",Lucknow,2025
1473464,2025-04-12,Punjab Kings,Sunrisers Hyderabad,Abhishek Sharma,Punjab Kings,bat,"Rajiv Gandhi International Stadium, Uppal, Hyderabad",Hyderabad,2025
1473464,2025-04-12,Sunrisers Hyderabad,Punjab Kings,Abhishek Sharma,Punjab Kings,bat,"Rajiv Gandhi International Stadium, Uppal, Hyderabad",Hyderabad,2025
1473465,2025-04-13,Rajasthan Royals,Royal Challengers Bengaluru,PD Salt,Royal Challengers Bengaluru,field,"Sawai Mansingh Stadium, Jaipur",Jaipur,2025
1473465,2025-04-13,Royal Challengers Bengaluru,Rajasthan Royals,PD Salt,Royal Challengers Bengaluru,field,"Sawai Mansingh Stadium, Jaipur",Jaipur,2025
1473466,2025-04-13,Mumbai Indians,Delhi Capitals,KV Sharma,Delhi Capitals,field,"Arun Jaitley Stadium, Delhi",Delhi,2025
1473466,2025-04-13,Delhi Capitals,Mumbai Indians,KV Sharma,Delhi Capitals,field,"Arun Jaitley Stadium, Delhi",Delhi,2025
1473467,2025-04-14,Lucknow Super Giants,Chennai Super Kings,MS Dhoni,Chennai Super Kings,field,"Bharat Ratna Shri Atal Bihari Vajpayee Ekana Cricket Stadium, Lucknow",Lucknow,2025
1473467,2025-04-14,Chennai Super Kings,Lucknow Super Giants,MS Dhoni,Chennai Super Kings,field,"Bharat Ratna Shri Atal Bihari Vajpayee Ekana Cricket Stadium, Lucknow",Lucknow,2025
1473468,2025-04-15,Punjab Kings,Kolkata Knight Riders,YS Chahal,Punjab Kings,bat,"Maharaja Yadavindra Singh International Cricket Stadium, Mullanpur",Mohali,2025
1473468,2025-04-15,Kolkata Knight Riders,Punjab Kings,YS Chahal,Punjab Kings,bat,"Maharaja Yadavindra Singh International Cricket Stadium, Mullanpur",Mohali,2025
1473469,2025-04-16,Delhi Capitals,Rajasthan Royals,MA Starc,Rajasthan Royals,field,"Arun Jaitley Stadium, Delhi",Delhi,2025
1473469,2025-04-16,Rajasthan Royals,Delhi Capitals,MA Starc,Rajasthan Royals,field,"Arun Jaitley Stadium, Delhi",Delhi,2025
1473470,2025-04-17,Sunrisers Hyderabad,Mumbai Indians,WG Jacks,Mumbai Indians,field,"Wankhede Stadium, Mumbai",Mumbai,2025
1473470,2025-04-17,Mumbai Indians,Sunrisers Hyderabad,WG Jacks,Mumbai Indians,field,"Wankhede Stadium, Mumbai",Mumbai,2025
1473471,2025-04-18,Royal Challengers Bengaluru,Punjab Kings,TH David,Punjab Kings,field,"M Chinnaswamy Stadium, Bengaluru",Bengaluru,2025
1473471,2025-04-18,Punjab Kings,Royal Challengers Bengaluru,TH David,Punjab Kings,field,"M Chinnaswamy Stadium, Bengaluru",Bengaluru,2025
1473472,2025-04-19,Delhi Capitals,Gujarat Titans,JC Buttler,Gujarat Titans,field,"Narendra Modi Stadium, Ahmedabad",Ahmedabad,2025
1473472,2025-04-19,Gujarat Titans,Delhi Capitals,JC Buttler,Gujarat Titans,field,"Narendra Modi Stadium, Ahmedabad",Ahmedabad,2025
1473473,2025-04-19,Lucknow Super Giants,Rajasthan Royals,Avesh Khan,Lucknow Super Giants,bat,"Sawai Mansingh Stadium, Jaipur",Jaipur,2025
1473473,2025-04-19,Rajasthan Royals,Lucknow Super Giants,Avesh Khan,Lucknow Super Giants,bat,"Sawai Mansingh Stadium, Jaipur",Jaipur,2025
1473474,2025-04-20,Punjab Kings,Royal Challengers Bengaluru,V Kohli,Royal Challengers Bengaluru,field,"Maharaja Yadavindra Singh International Cricket Stadium, Mullanpur",Mohali,2025
1473474,2025-04-20,Royal Challengers Bengaluru,Punjab Kings,V Kohli,Royal Challengers Bengaluru,field,"Maharaja Yadavindra Singh International Cricket Stadium, Mullanpur",Mohali,2025
1473475,2025-04-20,Chennai Super Kings,Mumbai Indians,RG Sharma,Mumbai Indians,field,"Wankhede Stadium, Mumbai",Mumbai,2025
1473475,2025-04-20,Mumbai Indians,Chennai Super Kings,RG Sharma,Mumbai Indians,field,"Wankhede Stadium, Mumbai",Mumbai,2025
1473476,2025-04-21,Gujarat Titans,Kolkata Knight Riders,Shubman Gill,Kolkata Knight Riders,field,"Eden Gardens, Kolkata",Kolkata,2025
1473476,2025-04-21,Kolkata Knight Riders,Gujarat Titans,Shubman Gill,Kolkata Knight Riders,field,"Eden Gardens, Kolkata",Kolkata,2025
1473477,2025-04-22,Lucknow Super Giants,Delhi Capitals,Mukesh Kumar,Delhi Capitals,field,"Bharat Ratna Shri Atal Bihari Vajpayee Ekana Cricket Stadium, Lucknow",Lucknow,2025
1473477,2025-04-22,Delhi Capitals,Lucknow Super Giants,Mukesh Kumar,Delhi Capitals,field,"Bharat Ratna Shri Atal Bihari Vajpayee Ekana Cricket Stadium, Lucknow",Lucknow,2025
1473478,2025-04-23,Sunrisers Hyderabad,Mumbai Indians,TA Boult,Mumbai Indians,field,"Rajiv Gandhi International Stadium, Uppal, Hyderabad",Hyderabad,2025
1473478,2025-04-23,Mumbai Indians,Sunrisers Hyderabad,TA Boult,Mumbai Indians,field,"Rajiv Gandhi International Stadium, Uppal, Hyderabad",Hyderabad,2025
1473479,2025-04-24,Royal Challengers Bengaluru,Rajasthan Royals,JR Hazlewood,Rajasthan Royals,field,"M Chinnaswamy Stadium, Bengaluru",Bengaluru,2025
1473479,2025-04-24,Rajasthan Royals,Royal Challengers Bengaluru,JR Hazlewood,Rajasthan Royals,field,"M Chinnaswamy Stadium, Bengaluru",Bengaluru,2025
1473480,2025-04-25,Chennai Super Kings,Sunrisers Hyderabad,HV Patel,Sunrisers Hyderabad,field,"MA Chidambaram Stadium, Chepauk, Chennai",Chennai,2025
1473480,2025-04-25,Sunrisers Hyderabad,Chennai Super Kings,HV Patel,Sunrisers Hyderabad,field,"MA Chidambaram Stadium, Chepauk, Chennai",Chennai,2025
1473481,2025-04-26,Punjab Kings,Kolkata Knight Riders,Unknown,Punjab Kings,bat,"Eden Gardens, Kolkata",Kolkata,2025
1473481,2025-04-26,Kolkata Knight Riders,Punjab Kings,Unknown,Punjab Kings,bat,"Eden Gardens, Kolkata",Kolkata,2025
1473482,2025-04-27,Mumbai Indians,Lucknow Super Giants,WG Jacks,Lucknow Super Giants,field,"Wankhede Stadium, Mumbai",Mumbai,2025
1473482,2025-04-27,Lucknow Super Giants,Mumbai Indians,WG Jacks,Lucknow Super Giants,field,"Wankhede Stadium, Mumbai",Mumbai,2025
1473483,2025-04-27,Delhi Capitals,Royal Challengers Bengaluru,KH Pandya,Royal Challengers Bengaluru,field,"Arun Jaitley Stadium, Delhi",Delhi,2025
1473483,2025-04-27,Royal Challengers Bengaluru,Delhi Capitals,KH Pandya,Royal Challengers Bengaluru,field,"Arun Jaitley Stadium, Delhi",Delhi,2025
1473484,2025-04-28,Gujarat Titans,Rajasthan Royals,V Suryavanshi,Rajasthan Royals,field,"Sawai Mansingh Stadium, Jaipur",Jaipur,2025
1473484,2025-04-28,Rajasthan Royals,Gujarat Titans,V Suryavanshi,Rajasthan Royals,field,"Sawai Mansingh Stadium, Jaipur",Jaipur,2025
1473485,2025-04-29,Kolkata Knight Riders,Delhi Capitals,SP Narine,Delhi Capitals,field,"Arun Jaitley Stadium, Delhi",Delhi,2025
1473485,2025-04-29,Delhi Capitals,Kolkata Knight Riders,SP Narine,Delhi Capitals,field,"Arun Jaitley Stadium, Delhi",Delhi,2025
1473486,2025-04-30,Chennai Super Kings,Punjab Kings,SS Iyer,Punjab Kings,field,"MA Chidambaram Stadium, Chepauk, Chennai",Chennai,2025
1473486,2025-04-30,Punjab Kings,Chennai Super Kings,SS Iyer,Punjab Kings,field,"MA Chidambaram Stadium, Chepauk, Chennai",Chennai,2025
1473487,2025-05-01,Mumbai Indians,Rajasthan Royals,RD Rickelton,Rajasthan Royals,field,"Sawai Mansingh Stadium, Jaipur",Jaipur,2025
1473487,2025-05-01,Rajasthan Royals,Mumbai Indians,RD Rickelton,Rajasthan Royals,field,"Sawai Mansingh Stadium, Jaipur",Jaipur,2025
1473488,2025-05-02,Gujarat Titans,Sunrisers Hyderabad,M Prasidh Krishna,Sunrisers Hyderabad,field,"Narendra Modi Stadium, Ahmedabad",Ahmedabad,2025
1473488,2025-05-02,Sunrisers Hyderabad,Gujarat Titans,M Prasidh Krishna,Sunrisers Hyderabad,field,"Narendra Modi Stadium, Ahmedabad",Ahmedabad,2025
1473489,2025-05-03,Royal Challengers Bengaluru,Chennai Super Kings,R Shepherd,Chennai Super Kings,field,"M Chinnaswamy Stadium, Bengaluru",Bengaluru,2025
1473489,2025-05-03,Chennai Super Kings,Royal Challengers Bengaluru,R Shepherd,Chennai Super Kings,field,"M Chinnaswamy Stadium, Bengaluru",Bengaluru,2025
1473490,2025-05-04,Kolkata Knight Riders,Rajasthan Royals,AD Russell,Kolkata Knight Riders,bat,"Eden Gardens, Kolkata",Kolkata,2025
1473490,2025-05-04,Rajasthan Royals,Kolkata Knight Riders,AD Russell,Kolkata Knight Riders,bat,"Eden Gardens, Kolkata",Kolkata,2025
1473491,2025-05-04,Punjab Kings,Lucknow Super Giants,P Simran Singh,Lucknow Super Giants,field,"Himachal Pradesh Cricket Association Stadium, Dharamsala",Dharamsala,2025
1473491,2025-05-04,Lucknow Super Giants,Punjab Kings,P Simran Singh,Lucknow Super Giants,field,"Himachal Pradesh Cricket Association Stadium, Dharamsala",Dharamsala,2025
1473492,2025-05-05,Delhi Capitals,Sunrisers Hyderabad,Unknown,Sunrisers Hyderabad,field,"Rajiv Gandhi International Stadium, Uppal, Hyderabad",Hyderabad,2025
1473493,2025-05-06,Mumbai Indians,Gujarat Titans,Shubman Gill,Gujarat Titans,field,"Wankhede Stadium, Mumbai",Mumbai,2025
1473493,2025-05-06,Gujarat Titans,Mumbai Indians,Shubman Gill,Gujarat Titans,field,"Wankhede Stadium, Mumbai",Mumbai,2025
1473494,2025-05-07,Kolkata Knight Riders,Chennai Super Kings,Noor Ahmad,Kolkata Knight Riders,bat,"Eden Gardens, Kolkata",Kolkata,2025
1473494,2025-05-07,Chennai Super Kings,Kolkata Knight Riders,Noor Ahmad,Kolkata Knight Riders,bat,"Eden Gardens, Kolkata",Kolkata,2025
1473495,2025-05-08,Punjab Kings,Delhi Capitals,Unknown,Punjab Kings,bat,"Himachal Pradesh Cricket Association Stadium, Dharamsala",Dharamsala,2025
1473497,2025-05-18,Punjab Kings,Rajasthan Royals,Harpreet Brar,Punjab Kings,bat,"Sawai Mansingh Stadium, Jaipur",Jaipur,2025
1473497,2025-05-18,Rajasthan Royals,Punjab Kings,Harpreet Brar,Punjab Kings,bat,"Sawai Mansingh Stadium, Jaipur",Jaipur,2025
1473498,2025-05-18,Delhi Capitals,Gujarat Titans,B Sai Sudharsan,Gujarat Titans,field,"Arun Jaitley Stadium, Delhi",Delhi,2025
1473498,2025-05-18,Gujarat Titans,Delhi Capitals,B Sai Sudharsan,Gujarat Titans,field,"Arun Jaitley Stadium, Delhi",Delhi,2025
1473499,2025-05-19,Lucknow Super Giants,Sunrisers Hyderabad,Abhishek Sharma,Sunrisers Hyderabad,field,"Bharat Ratna Shri Atal Bihari Vajpayee Ekana Cricket Stadium, Lucknow",Lucknow,2025
1473499,2025-05-19,Sunrisers Hyderabad,Lucknow Super Giants,Abhishek Sharma,Sunrisers Hyderabad,field,"Bharat Ratna Shri Atal Bihari Vajpayee Ekana Cricket Stadium, Lucknow",Lucknow,2025
1473500,2025-05-20,Chennai Super Kings,Rajasthan Royals,Akash Madhwal,Rajasthan Royals,field,"Arun Jaitley Stadium, Delhi",Delhi,2025
1473500,2025-05-20,Rajasthan Royals,Chennai Super Kings,Akash Madhwal,Rajasthan Royals,field,"Arun Jaitley Stadium, Delhi",Delhi,2025
1473501,2025-05-21,Mumbai Indians,Delhi Capitals,SA Yadav,Delhi Capitals,field,"Wankhede Stadium, Mumbai",Mumbai,2025
1473501,2025-05-21,Delhi Capitals,Mumbai Indians,SA Yadav,Delhi Capitals,field,"Wankhede Stadium, Mumbai",Mumbai,2025
1473502,2025-05-22,Lucknow Super Giants,Gujarat Titans,MR Marsh,Gujarat Titans,field,"Narendra Modi Stadium, Ahmedabad",Ahmedabad,2025
1473502,2025-05-22,Gujarat Titans,Lucknow Super Giants,MR Marsh,Gujarat Titans,field,"Narendra Modi Stadium, Ahmedabad",Ahmedabad,2025
1473503,2025-05-23,Sunrisers Hyderabad,Royal Challengers Bengaluru,Ishan Kishan,Royal Challengers Bengaluru,field,"Bharat Ratna Shri Atal Bihari Vajpayee Ekana Cricket Stadium, Lucknow",Lucknow,2025
1473503,2025-05-23,Royal Challengers Bengaluru,Sunrisers Hyderabad,Ishan Kishan,Royal Challengers Bengaluru,field,"Bharat Ratna Shri Atal Bihari Vajpayee Ekana Cricket Stadium, Lucknow",Lucknow,2025
1485779,2025-05-24,Punjab Kings,Delhi Capitals,Sameer Rizvi,Delhi Capitals,field,"Sawai Mansingh Stadium, Jaipur",Jaipur,2025
1485779,2025-05-24,Delhi Capitals,Punjab Kings,Sameer Rizvi,Delhi Capitals,field,"Sawai Mansingh Stadium, Jaipur",Jaipur,2025
1473504,2025-05-25,Chennai Super Kings,Gujarat Titans,D Brevis,Chennai Super Kings,bat,"Narendra Modi Stadium, Ahmedabad",Ahmedabad,2025
1473504,2025-05-25,Gujarat Titans,Chennai Super Kings,D Brevis,Chennai Super Kings,bat,"Narendra Modi Stadium, Ahmedabad",Ahmedabad,2025
1473505,2025-05-25,Sunrisers Hyderabad,Kolkata Knight Riders,H Klaasen,Sunrisers Hyderabad,bat,"Arun Jaitley Stadium, Delhi",Delhi,2025
1473505,2025-05-25,Kolkata Knight Riders,Sunrisers Hyderabad,H Klaasen,Sunrisers Hyderabad,bat,"Arun Jaitley Stadium, Delhi",Delhi,2025
1473506,2025-05-26,Mumbai Indians,Punjab Kings,JP Inglis,Punjab Kings,field,"Sawai Mansingh Stadium, Jaipur",Jaipur,2025
1473506,2025-05-26,Punjab Kings,Mumbai Indians,JP Inglis,Punjab Kings,field,"Sawai Mansingh Stadium, Jaipur",Jaipur,2025
1473507,2025-05-27,Lucknow Super Giants,Royal Challengers Bengaluru,JM Sharma,Royal Challengers Bengaluru,field,"Bharat Ratna Shri Atal Bihari Vajpayee Ekana Cricket Stadium, Lucknow",Lucknow,2025
1473507,2025-05-27,Royal Challengers Bengaluru,Lucknow Super Giants,JM Sharma,Royal Challengers Bengaluru,field,"Bharat Ratna Shri Atal Bihari Vajpayee Ekana Cricket Stadium, Lucknow",Lucknow,2025
1473508,2025-05-29,Punjab Kings,Royal Challengers Bengaluru,Suyash Sharma,Royal Challengers Bengaluru,field,"Maharaja Yadavindra Singh International Cricket Stadium, Mullanpur",New Chandigarh,2025
1473508,2025-05-29,Royal Challengers Bengaluru,Punjab Kings,Suyash Sharma,Royal Challengers Bengaluru,field,"Maharaja Yadavindra Singh International Cricket Stadium, Mullanpur",New Chandigarh,2025
1473509,2025-05-30,Mumbai Indians,Gujarat Titans,RG Sharma,Mumbai Indians,bat,"Maharaja Yadavindra Singh International Cricket Stadium, New Chandigarh",New Chandigarh,2025
1473509,2025-05-30,Gujarat Titans,Mumbai Indians,RG Sharma,Mumbai Indians,bat,"Maharaja Yadavindra Singh International Cricket Stadium, New Chandigarh",New Chandigarh,2025
1473510,2025-06-01,Mumbai Indians,Punjab Kings,SS Iyer,Punjab Kings,field,"Narendra Modi Stadium, Ahmedabad",Ahmedabad,2025
1473510,2025-06-01,Punjab Kings,Mumbai Indians,SS Iyer,Punjab Kings,field,"Narendra Modi Stadium, Ahmedabad",Ahmedabad,2025
1473511,2025-06-03,Royal Challengers Bengaluru,Punjab Kings,KH Pandya,Punjab Kings,field,"Narendra Modi Stadium, Ahmedabad",Ahmedabad,2025
1473511,2025-06-03,Punjab Kings,Royal Challengers Bengaluru,KH Pandya,Punjab Kings,field,"Narendra Modi Stadium, Ahmedabad",Ahmedabad,2025
1527674,2026-03-28,Sunrisers Hyderabad,Royal Challengers Bengaluru,JA Duffy,Royal Challengers Bengaluru,field,"M Chinnaswamy Stadium, Bengaluru",Bengaluru,2026
1527674,2026-03-28,Royal Challengers Bengaluru,Sunrisers Hyderabad,JA Duffy,Royal Challengers Bengaluru,field,"M Chinnaswamy Stadium, Bengaluru",Bengaluru,2026
1527675,2026-03-29,Kolkata Knight Riders,Mumbai Indians,SN Thakur,Mumbai Indians,field,"Wankhede Stadium, Mumbai",Mumbai,2026
1527675,2026-03-29,Mumbai Indians,Kolkata Knight Riders,SN Thakur,Mumbai Indians,field,"Wankhede Stadium, Mumbai",Mumbai,2026
1527676,2026-03-30,Chennai Super Kings,Rajasthan Royals,N Burger,Rajasthan Royals,field,"Barsapara Cricket Stadium, Guwahati",Guwahati,2026
1527676,2026-03-30,Rajasthan Royals,Chennai Super Kings,N Burger,Rajasthan Royals,field,"Barsapara Cricket Stadium, Guwahati",Guwahati,2026
1527677,2026-03-31,Gujarat Titans,Punjab Kings,C Connolly,Punjab Kings,field,"Maharaja Yadavindra Singh International Cricket Stadium, New Chandigarh",New Chandigarh,2026
1527677,2026-03-31,Punjab Kings,Gujarat Titans,C Connolly,Punjab Kings,field,"Maharaja Yadavindra Singh International Cricket Stadium, New Chandigarh",New Chandigarh,2026
1527678,2026-04-01,Lucknow Super Giants,Delhi Capitals,Sameer Rizvi,Delhi Capitals,field,"Bharat Ratna Shri Atal Bihari Vajpayee Ekana Cricket Stadium, Lucknow",Lucknow,2026
1527678,2026-04-01,Delhi Capitals,Lucknow Super Giants,Sameer Rizvi,Delhi Capitals,field,"Bharat Ratna Shri Atal Bihari Vajpayee Ekana Cricket Stadium, Lucknow",Lucknow,2026
1527679,2026-04-02,Sunrisers Hyderabad,Kolkata Knight Riders,Nithish Kumar Reddy,Kolkata Knight Riders,field,"Eden Gardens, Kolkata",Kolkata,2026
1527679,2026-04-02,Kolkata Knight Riders,Sunrisers Hyderabad,Nithish Kumar Reddy,Kolkata Knight Riders,field,"Eden Gardens, Kolkata",Kolkata,2026
1527680,2026-04-03,Chennai Super Kings,Punjab Kings,Priyansh Arya,Punjab Kings,field,"MA Chidambaram Stadium, Chepauk, Chennai",Chennai,2026
1527680,2026-04-03,Punjab Kings,Chennai Super Kings,Priyansh Arya,Punjab Kings,field,"MA Chidambaram Stadium, Chepauk, Chennai",Chennai,2026
1527681,2026-04-04,Mumbai Indians,Delhi Capitals,Sameer Rizvi,Delhi Capitals,field,"Arun Jaitley Stadium, Delhi",Delhi,2026
1527681,2026-04-04,Delhi Capitals,Mumbai Indians,Sameer Rizvi,Delhi Capitals,field,"Arun Jaitley Stadium, Delhi",Delhi,2026
1527682,2026-04-04,Rajasthan Royals,Gujarat Titans,Ravi Bishnoi,Rajasthan Royals,bat,"Narendra Modi Stadium, Ahmedabad",Ahmedabad,2026
1527682,2026-04-04,Gujarat Titans,Rajasthan Royals,Ravi Bishnoi,Rajasthan Royals,bat,"Narendra Modi Stadium, Ahmedabad",Ahmedabad,2026
1527683,2026-04-05,Sunrisers Hyderabad,Lucknow Super Giants,Mohammed Shami,Lucknow Super Giants,field,"Rajiv Gandhi International Stadium, Uppal, Hyderabad",Hyderabad,2026
1527683,2026-04-05,Lucknow Super Giants,Sunrisers Hyderabad,Mohammed Shami,Lucknow Super Giants,field,"Rajiv Gandhi International Stadium, Uppal, Hyderabad",Hyderabad,2026
1527684,2026-04-05,Royal Challengers Bengaluru,Chennai Super Kings,TH David,Chennai Super Kings,field,"M Chinnaswamy Stadium, Bengaluru",Bengaluru,2026
1527684,2026-04-05,Chennai Super Kings,Royal Challengers Bengaluru,TH David,Chennai Super Kings,field,"M Chinnaswamy Stadium, Bengaluru",Bengaluru,2026
1527685,2026-04-06,Kolkata Knight Riders,Punjab Kings,Unknown,Kolkata Knight Riders,bat,"Eden Gardens, Kolkata",Kolkata,2026
1527686,2026-04-07,Rajasthan Royals,Mumbai Indians,YBK Jaiswal,Mumbai Indians,field,"Barsapara Cricket Stadium, Guwahati",Guwahati,2026
1527686,2026-04-07,Mumbai Indians,Rajasthan Royals,YBK Jaiswal,Mumbai Indians,field,"Barsapara Cricket Stadium, Guwahati",Guwahati,2026
1527687,2026-04-08,Gujarat Titans,Delhi Capitals,Rashid Khan,Delhi Capitals,field,"Arun Jaitley Stadium, Delhi",Delhi,2026
1527687,2026-04-08,Delhi Capitals,Gujarat Titans,Rashid Khan,Delhi Capitals,field,"Arun Jaitley Stadium, Delhi",Delhi,2026
1527688,2026-04-09,Kolkata Knight Riders,Lucknow Super Giants,MD Choudhary,Lucknow Super Giants,field,"Eden Gardens, Kolkata",Kolkata,2026
1527688,2026-04-09,Lucknow Super Giants,Kolkata Knight Riders,MD Choudhary,Lucknow Super Giants,field,"Eden Gardens, Kolkata",Kolkata,2026
1527689,2026-04-10,Royal Challengers Bengaluru,Rajasthan Royals,V Suryavanshi,Rajasthan Royals,field,"Barsapara Cricket Stadium, Guwahati",Guwahati,2026
1527689,2026-04-10,Rajasthan Royals,Royal Challengers Bengaluru,V Suryavanshi,Rajasthan Royals,field,"Barsapara Cricket Stadium, Guwahati",Guwahati,2026
1527690,2026-04-11,Sunrisers Hyderabad,Punjab Kings,SS Iyer,Punjab Kings,field,"Maharaja Yadavindra Singh International Cricket Stadium, New Chandigarh",New Chandigarh,2026
1527690,2026-04-11,Punjab Kings,Sunrisers Hyderabad,SS Iyer,Punjab Kings,field,"Maharaja Yadavindra Singh International Cricket Stadium, New Chandigarh",New Chandigarh,2026
1527691,2026-04-11,Chennai Super Kings,Delhi Capitals,SV Samson,Delhi Capitals,field,"MA Chidambaram Stadium, Chepauk, Chennai",Chennai,2026
1527691,2026-04-11,Delhi Capitals,Chennai Super Kings,SV Samson,Delhi Capitals,field,"MA Chidambaram Stadium, Chepauk, Chennai",Chennai,2026
1527692,2026-04-12,Lucknow Super Giants,Gujarat Titans,M Prasidh Krishna,Gujarat Titans,field,"Bharat Ratna Shri Atal Bihari Vajpayee Ekana Cricket Stadium, Lucknow",Lucknow,2026
1527692,2026-04-12,Gujarat Titans,Lucknow Super Giants,M Prasidh Krishna,Gujarat Titans,field,"Bharat Ratna Shri Atal Bihari Vajpayee Ekana Cricket Stadium, Lucknow",Lucknow,2026
1527693,2026-04-12,Royal Challengers Bengaluru,Mumbai Indians,PD Salt,Mumbai Indians,field,"Wankhede Stadium, Mumbai",Mumbai,2026
1527693,2026-04-12,Mumbai Indians,Royal Challengers Bengaluru,PD Salt,Mumbai Indians,field,"Wankhede Stadium, Mumbai",Mumbai,2026
1529264,2026-04-13,Sunrisers Hyderabad,Rajasthan Royals,PP Hinge,Rajasthan Royals,field,"Rajiv Gandhi International Stadium, Uppal, Hyderabad",Hyderabad,2026
1529264,2026-04-13,Rajasthan Royals,Sunrisers Hyderabad,PP Hinge,Rajasthan Royals,field,"Rajiv Gandhi International Stadium, Uppal, Hyderabad",Hyderabad,2026
1529265,2026-04-14,Chennai Super Kings,Kolkata Knight Riders,Noor Ahmad,Kolkata Knight Riders,field,"MA Chidambaram Stadium, Chepauk, Chennai",Chennai,2026
1529265,2026-04-14,Kolkata Knight Riders,Chennai Super Kings,Noor Ahmad,Kolkata Knight Riders,field,"MA Chidambaram Stadium, Chepauk, Chennai",Chennai,2026
1529266,2026-04-15,Lucknow Super Giants,Royal Challengers Bengaluru,JR Hazlewood,Royal Challengers Bengaluru,field,"M Chinnaswamy Stadium, Bengaluru",Bengaluru,2026
1529266,2026-04-15,Royal Challengers Bengaluru,Lucknow Super Giants,JR Hazlewood,Royal Challengers Bengaluru,field,"M Chinnaswamy Stadium, Bengaluru",Bengaluru,2026
1529267,2026-04-16,Mumbai Indians,Punjab Kings,Arshdeep Singh,Punjab Kings,field,"Wankhede Stadium, Mumbai",Mumbai,2026
1529267,2026-04-16,Punjab Kings,Mumbai Indians,Arshdeep Singh,Punjab Kings,field,"Wankhede Stadium, Mumbai",Mumbai,2026
