match_id,date,batting_team,bowling_team,player_of_match,toss_winner,toss_decision,venue,city,season,year,month,day_of_week,quarter,toss_won,chose_to_bat,toss_decision_encoded,batting_matches_played,batting_player_of_match_count,bowling_matches_played,bowling_player_of_match_count,max_overs,total_runs,total_extras,total_wickets,unique_batters,unique_bowlers,venue_matches_count,city_matches_count,season_matches_count,batting_team_cumulative_matches,bowling_team_cumulative_matches
335982,2008-04-18,Kolkata Knight Riders,Royal Challengers Bangalore,BB McCullum,Royal Challengers Bangalore,field,M Chinnaswamy Stadium,Bangalore,0.0,2008,4,4,2,0,0,1,269,0,239,0,19,301,33,13,16,11,129,129,0.0,1,1
335982,2008-04-18,Royal Challengers Bangalore,Kolkata Knight Riders,BB McCullum,Royal Challengers Bangalore,field,M Chinnaswamy Stadium,Bangalore,0.0,2008,4,4,2,1,0,1,240,0,268,0,19,301,33,13,16,11,129,129,0.0,1,1
335983,2008-04-19,Chennai Super Kings,Kings XI Punjab,MEK Hussey,Chennai Super Kings,bat,"Punjab Cricket Association Stadium, Mohali",Chandigarh,0.0,2008,4,5,2,1,1,0,256,0,190,0,19,447,17,9,13,12,70,122,0.0,1,1
335983,2008-04-19,Kings XI Punjab,Chennai Super Kings,MEK Hussey,Chennai Super Kings,bat,"Punjab Cricket Association Stadium, Mohali",Chandigarh,0.0,2008,4,5,2,0,1,0,190,0,257,0,19,447,17,9,13,12,70,122,0.0,1,1
335984,2008-04-19,Rajasthan Royals,Delhi Daredevils,MF Maharoof,Rajasthan Royals,bat,Feroz Shah Kotla,Delhi,0.0,2008,4,5,2,1,1,0,239,0,160,0,19,261,17,9,13,11,119,197,0.0,1,1
335984,2008-04-19,Delhi Daredevils,Rajasthan Royals,MF Maharoof,Rajasthan Royals,bat,Feroz Shah Kotla,Delhi,0.0,2008,4,5,2,0,1,0,161,0,240,0,19,261,17,9,13,11,119,197,0.0,1,1
335985,2008-04-20,Mumbai Indians,Royal Challengers Bangalore,MV Boucher,Mumbai Indians,bat,Wankhede Stadium,Mumbai,0.0,2008,4,6,2,1,1,0,282,0,239,0,19,331,16,12,15,12,146,366,0.0,1,2
335985,2008-04-20,Royal Challengers Bangalore,Mumbai Indians,MV Boucher,Mumbai Indians,bat,Wankhede Stadium,Mumbai,0.0,2008,4,6,2,0,1,0,240,0,282,0,19,331,16,12,15,12,146,366,0.0,2,1
335986,2008-04-20,Deccan Chargers,Kolkata Knight Riders,DJ Hussey,Deccan Chargers,bat,Eden Gardens,Kolkata,0.0,2008,4,6,2,1,1,0,75,0,268,0,18,222,38,15,17,12,154,205,0.0,1,2
335986,2008-04-20,Kolkata Knight Riders,Deccan Chargers,DJ Hussey,Deccan Chargers,bat,Eden Gardens,Kolkata,0.0,2008,4,6,2,0,1,0,269,0,75,0,18,222,38,15,17,12,154,205,0.0,2,1
335987,2008-04-21,Kings XI Punjab,Rajasthan Royals,SR Watson,Kings XI Punjab,bat,Sawai Mansingh Stadium,Jaipur,0.0,2008,4,0,2,1,1,0,190,0,240,0,19,333,15,12,16,13,94,128,0.0,2,2
335987,2008-04-21,Rajasthan Royals,Kings XI Punjab,SR Watson,Kings XI Punjab,bat,Sawai Mansingh Stadium,Jaipur,0.0,2008,4,0,2,0,1,0,239,0,190,0,19,333,15,12,16,13,94,128,0.0,2,2
335988,2008-04-22,Deccan Chargers,Delhi Daredevils,V Sehwag,Deccan Chargers,bat,"Rajiv Gandhi International Stadium, Uppal",Hyderabad,0.0,2008,4,1,2,1,1,0,75,0,160,0,19,285,17,9,13,11,98,169,0.0,2,2
335988,2008-04-22,Delhi Daredevils,Deccan Chargers,V Sehwag,Deccan Chargers,bat,"Rajiv Gandhi International Stadium, Uppal",Hyderabad,0.0,2008,4,1,2,0,1,0,161,0,75,0,19,285,17,9,13,11,98,169,0.0,2,2
335989,2008-04-23,Chennai Super Kings,Mumbai Indians,ML Hayden,Mumbai Indians,field,"MA Chidambaram Stadium, Chepauk",Chennai,0.0,2008,4,2,2,0,0,1,256,0,282,0,19,408,29,12,16,13,96,188,0.0,2,2
335989,2008-04-23,Mumbai Indians,Chennai Super Kings,ML Hayden,Mumbai Indians,field,"MA Chidambaram Stadium, Chepauk",Chennai,0.0,2008,4,2,2,1,0,1,282,0,257,0,19,408,29,12,16,13,96,188,0.0,2,2
335990,2008-04-24,Deccan Chargers,Rajasthan Royals,YK Pathan,Rajasthan Royals,field,"Rajiv Gandhi International Stadium, Uppal",Hyderabad,0.0,2008,4,3,2,0,0,1,75,0,240,0,19,430,12,12,15,13,98,169,0.0,3,3
335990,2008-04-24,Rajasthan Royals,Deccan Chargers,YK Pathan,Rajasthan Royals,field,"Rajiv Gandhi International Stadium, Uppal",Hyderabad,0.0,2008,4,3,2,1,0,1,239,0,75,0,19,430,12,12,15,13,98,169,0.0,3,3
335991,2008-04-25,Kings XI Punjab,Mumbai Indians,KC Sangakkara,Mumbai Indians,field,"Punjab Cricket Association Stadium, Mohali",Chandigarh,0.0,2008,4,4,2,0,0,1,190,0,282,0,19,298,14,19,22,11,70,122,0.0,3,3
335991,2008-04-25,Mumbai Indians,Kings XI Punjab,KC Sangakkara,Mumbai Indians,field,"Punjab Cricket Association Stadium, Mohali",Chandigarh,0.0,2008,4,4,2,1,0,1,282,0,190,0,19,298,14,19,22,11,70,122,0.0,3,3
335992,2008-04-26,Royal Challengers Bangalore,Rajasthan Royals,SR Watson,Rajasthan Royals,field,M Chinnaswamy Stadium,Bangalore,0.0,2008,4,5,2,0,0,1,240,0,240,0,19,272,8,11,15,12,129,129,0.0,3,4
335992,2008-04-26,Rajasthan Royals,Royal Challengers Bangalore,SR Watson,Rajasthan Royals,field,M Chinnaswamy Stadium,Bangalore,0.0,2008,4,5,2,1,0,1,239,0,239,0,19,272,8,11,15,12,129,129,0.0,4,3
335993,2008-04-26,Kolkata Knight Riders,Chennai Super Kings,JDP Oram,Kolkata Knight Riders,bat,"MA Chidambaram Stadium, Chepauk",Chennai,0.0,2008,4,5,2,1,1,0,269,0,257,0,19,299,26,10,13,12,96,188,0.0,3,3
335993,2008-04-26,Chennai Super Kings,Kolkata Knight Riders,JDP Oram,Kolkata Knight Riders,bat,"MA Chidambaram Stadium, Chepauk",Chennai,0.0,2008,4,5,2,0,1,0,256,0,268,0,19,299,26,10,13,12,96,188,0.0,3,3
335994,2008-04-27,Mumbai Indians,Deccan Chargers,AC Gilchrist,Deccan Chargers,field,Dr DY Patil Sports Academy,Mumbai,0.0,2008,4,6,2,0,0,1,282,0,75,0,19,309,20,7,10,13,34,366,0.0,4,4
335994,2008-04-27,Deccan Chargers,Mumbai Indians,AC Gilchrist,Deccan Chargers,field,Dr DY Patil Sports Academy,Mumbai,0.0,2008,4,6,2,1,0,1,75,0,282,0,19,309,20,7,10,13,34,366,0.0,4,4
335995,2008-04-27,Delhi Daredevils,Kings XI Punjab,SM Katich,Delhi Daredevils,bat,"Punjab Cricket Association Stadium, Mohali",Chandigarh,0.0,2008,4,6,2,1,1,0,161,0,190,0,19,319,19,14,17,12,70,122,0.0,3,4
335995,2008-04-27,Kings XI Punjab,Delhi Daredevils,SM Katich,Delhi Daredevils,bat,"Punjab Cricket Association Stadium, Mohali",Chandigarh,0.0,2008,4,6,2,0,1,0,190,0,160,0,19,319,19,14,17,12,70,122,0.0,4,3
335996,2008-04-28,Chennai Super Kings,Royal Challengers Bangalore,MS Dhoni,Chennai Super Kings,bat,M Chinnaswamy Stadium,Bangalore,0.0,2008,4,0,2,1,1,0,256,0,239,0,19,343,11,15,16,10,129,129,0.0,4,4
335996,2008-04-28,Royal Challengers Bangalore,Chennai Super Kings,MS Dhoni,Chennai Super Kings,bat,M Chinnaswamy Stadium,Bangalore,0.0,2008,4,0,2,0,1,0,240,0,257,0,19,343,11,15,16,10,129,129,0.0,4,4
335997,2008-04-29,Kolkata Knight Riders,Mumbai Indians,ST Jayasuriya,Kolkata Knight Riders,bat,Eden Gardens,Kolkata,0.0,2008,4,1,2,1,1,0,269,0,282,0,19,274,27,11,14,13,154,205,0.0,4,5
335997,2008-04-29,Mumbai Indians,Kolkata Knight Riders,ST Jayasuriya,Kolkata Knight Riders,bat,Eden Gardens,Kolkata,0.0,2008,4,1,2,0,1,0,282,0,268,0,19,274,27,11,14,13,154,205,0.0,5,4
335998,2008-04-30,Delhi Daredevils,Royal Challengers Bangalore,GD McGrath,Royal Challengers Bangalore,field,Feroz Shah Kotla,Delhi,0.0,2008,4,2,2,0,0,1,161,0,239,0,19,372,16,10,14,14,119,197,0.0,4,5
335998,2008-04-30,Royal Challengers Bangalore,Delhi Daredevils,GD McGrath,Royal Challengers Bangalore,field,Feroz Shah Kotla,Delhi,0.0,2008,4,2,2,1,0,1,240,0,160,0,19,372,16,10,14,14,119,197,0.0,5,4
335999,2008-05-01,Deccan Chargers,Kings XI Punjab,SE Marsh,Kings XI Punjab,field,"Rajiv Gandhi International Stadium, Uppal",Hyderabad,0.0,2008,5,3,2,0,0,1,75,0,190,0,19,331,10,11,15,11,98,169,0.0,5,5
335999,2008-05-01,Kings XI Punjab,Deccan Chargers,SE Marsh,Kings XI Punjab,field,"Rajiv Gandhi International Stadium, Uppal",Hyderabad,0.0,2008,5,3,2,1,0,1,190,0,75,0,19,331,10,11,15,11,98,169,0.0,5,5
336000,2008-05-01,Rajasthan Royals,Kolkata Knight Riders,SA Asnodkar,Rajasthan Royals,bat,Sawai Mansingh Stadium,Jaipur,0.0,2008,5,3,2,1,1,0,239,0,268,0,19,346,25,17,20,13,94,128,0.0,5,5
336000,2008-05-01,Kolkata Knight Riders,Rajasthan Royals,SA Asnodkar,Rajasthan Royals,bat,Sawai Mansingh Stadium,Jaipur,0.0,2008,5,3,2,0,1,0,269,0,240,0,19,346,25,17,20,13,94,128,0.0,5,5
336001,2008-05-02,Chennai Super Kings,Delhi Daredevils,V Sehwag,Chennai Super Kings,bat,"MA Chidambaram Stadium, Chepauk",Chennai,0.0,2008,5,4,2,1,1,0,256,0,160,0,19,341,13,8,11,12,96,188,0.0,5,5
336001,2008-05-02,Delhi Daredevils,Chennai Super Kings,V Sehwag,Chennai Super Kings,bat,"MA Chidambaram Stadium, Chepauk",Chennai,0.0,2008,5,4,2,0,1,0,161,0,257,0,19,341,13,8,11,12,96,188,0.0,5,5
336003,2008-05-03,Kings XI Punjab,Kolkata Knight Riders,IK Pathan,Kings XI Punjab,bat,"Punjab Cricket Association Stadium, Mohali",Chandigarh,0.0,2008,5,5,2,1,1,0,190,0,268,0,19,347,21,12,16,12,70,122,0.0,6,6
336003,2008-05-03,Kolkata Knight Riders,Kings XI Punjab,IK Pathan,Kings XI Punjab,bat,"Punjab Cricket Association Stadium, Mohali",Chandigarh,0.0,2008,5,5,2,0,1,0,269,0,190,0,19,347,21,12,16,12,70,122,0.0,6,6
336034,2008-05-03,Royal Challengers Bangalore,Deccan Chargers,P Kumar,Deccan Chargers,field,M Chinnaswamy Stadium,Bangalore,0.0,2008,5,5,2,0,0,1,240,0,75,0,19,308,10,14,16,11,129,129,0.0,6,6
336034,2008-05-03,Deccan Chargers,Royal Challengers Bangalore,P Kumar,Deccan Chargers,field,M Chinnaswamy Stadium,Bangalore,0.0,2008,5,5,2,1,0,1,75,0,239,0,19,308,10,14,16,11,129,129,0.0,6,6
336004,2008-05-04,Mumbai Indians,Delhi Daredevils,SM Pollock,Delhi Daredevils,field,Dr DY Patil Sports Academy,Mumbai,0.0,2008,5,6,2,0,0,1,282,0,160,0,19,295,14,18,20,14,34,366,0.0,6,6
336004,2008-05-04,Delhi Daredevils,Mumbai Indians,SM Pollock,Delhi Daredevils,field,Dr DY Patil Sports Academy,Mumbai,0.0,2008,5,6,2,1,0,1,161,0,282,0,19,295,14,18,20,14,34,366,0.0,6,6
336005,2008-05-04,Chennai Super Kings,Rajasthan Royals,Sohail Tanvir,Chennai Super Kings,bat,Sawai Mansingh Stadium,Jaipur,0.0,2008,5,6,2,1,1,0,256,0,240,0,18,219,28,12,15,12,94,128,0.0,6,6
336005,2008-05-04,Rajasthan Royals,Chennai Super Kings,Sohail Tanvir,Chennai Super Kings,bat,Sawai Mansingh Stadium,Jaipur,0.0,2008,5,6,2,0,1,0,239,0,257,0,18,219,28,12,15,12,94,128,0.0,6,6
336006,2008-05-05,Royal Challengers Bangalore,Kings XI Punjab,S Sreesanth,Kings XI Punjab,field,M Chinnaswamy Stadium,Bangalore,0.0,2008,5,0,2,0,0,1,240,0,190,0,19,253,27,14,17,11,129,129,0.0,7,7
336006,2008-05-05,Kings XI Punjab,Royal Challengers Bangalore,S Sreesanth,Kings XI Punjab,field,M Chinnaswamy Stadium,Bangalore,0.0,2008,5,0,2,1,0,1,190,0,239,0,19,253,27,14,17,11,129,129,0.0,7,7
336007,2008-05-06,Chennai Super Kings,Deccan Chargers,AC Gilchrist,Deccan Chargers,field,"MA Chidambaram Stadium, Chepauk",Chennai,0.0,2008,5,1,2,0,0,1,256,0,75,0,19,292,15,10,14,11,96,188,0.0,7,7
336007,2008-05-06,Deccan Chargers,Chennai Super Kings,AC Gilchrist,Deccan Chargers,field,"MA Chidambaram Stadium, Chepauk",Chennai,0.0,2008,5,1,2,1,0,1,75,0,257,0,19,292,15,10,14,11,96,188,0.0,7,7
336008,2008-05-07,Rajasthan Royals,Mumbai Indians,A Nehra,Mumbai Indians,field,Dr DY Patil Sports Academy,Mumbai,0.0,2008,5,2,2,0,0,1,239,0,282,0,16,206,18,13,16,11,34,366,0.0,7,7
336008,2008-05-07,Mumbai Indians,Rajasthan Royals,A Nehra,Mumbai Indians,field,Dr DY Patil Sports Academy,Mumbai,0.0,2008,5,2,2,1,0,1,282,0,240,0,16,206,18,13,16,11,34,366,0.0,7,7
336009,2008-05-08,Delhi Daredevils,Chennai Super Kings,MS Dhoni,Chennai Super Kings,field,Feroz Shah Kotla,Delhi,0.0,2008,5,3,2,0,0,1,161,0,257,0,19,372,20,11,15,12,119,197,0.0,7,8
336009,2008-05-08,Chennai Super Kings,Delhi Daredevils,MS Dhoni,Chennai Super Kings,field,Feroz Shah Kotla,Delhi,0.0,2008,5,3,2,1,0,1,256,0,160,0,19,372,20,11,15,12,119,197,0.0,8,7
336010,2008-05-08,Kolkata Knight Riders,Royal Challengers Bangalore,SC Ganguly,Kolkata Knight Riders,bat,Eden Gardens,Kolkata,0.0,2008,5,3,2,1,1,0,269,0,239,0,15,253,11,11,15,11,154,205,0.0,7,8
336010,2008-05-08,Royal Challengers Bangalore,Kolkata Knight Riders,SC Ganguly,Kolkata Knight Riders,bat,Eden Gardens,Kolkata,0.0,2008,5,3,2,0,1,0,240,0,268,0,15,253,11,11,15,11,154,205,0.0,8,7
336011,2008-05-09,Deccan Chargers,Rajasthan Royals,YK Pathan,Rajasthan Royals,field,Sawai Mansingh Stadium,Jaipur,0.0,2008,5,4,2,0,0,1,75,0,240,0,19,280,16,10,14,13,94,128,0.0,8,8
336011,2008-05-09,Rajasthan Royals,Deccan Chargers,YK Pathan,Rajasthan Royals,field,Sawai Mansingh Stadium,Jaipur,0.0,2008,5,4,2,1,0,1,239,0,75,0,19,280,16,10,14,13,94,128,0.0,8,8
336013,2008-05-10,Chennai Super Kings,Kings XI Punjab,L Balaji,Kings XI Punjab,field,"MA Chidambaram Stadium, Chepauk",Chennai,0.0,2008,5,5,2,0,0,1,256,0,190,0,19,343,17,13,16,12,96,188,0.0,9,8
336013,2008-05-10,Kings XI Punjab,Chennai Super Kings,L Balaji,Kings XI Punjab,field,"MA Chidambaram Stadium, Chepauk",Chennai,0.0,2008,5,5,2,1,0,1,190,0,257,0,19,343,17,13,16,12,96,188,0.0,8,9
336014,2008-05-11,Kolkata Knight Riders,Deccan Chargers,SC Ganguly,Kolkata Knight Riders,bat,"Rajiv Gandhi International Stadium, Uppal",Hyderabad,0.0,2008,5,6,2,1,1,0,269,0,75,0,19,385,21,11,15,13,98,169,0.0,8,9
336014,2008-05-11,Deccan Chargers,Kolkata Knight Riders,SC Ganguly,Kolkata Knight Riders,bat,"Rajiv Gandhi International Stadium, Uppal",Hyderabad,0.0,2008,5,6,2,0,1,0,75,0,268,0,19,385,21,11,15,13,98,169,0.0,9,8
336015,2008-05-11,Delhi Daredevils,Rajasthan Royals,SR Watson,Rajasthan Royals,field,Sawai Mansingh Stadium,Jaipur,0.0,2008,5,6,2,0,0,1,161,0,240,0,19,315,28,14,18,11,94,128,0.0,8,9
336015,2008-05-11,Rajasthan Royals,Delhi Daredevils,SR Watson,Rajasthan Royals,field,Sawai Mansingh Stadium,Jaipur,0.0,2008,5,6,2,1,0,1,239,0,160,0,19,315,28,14,18,11,94,128,0.0,9,8
336016,2008-05-12,Royal Challengers Bangalore,Kings XI Punjab,SE Marsh,Royal Challengers Bangalore,bat,"Punjab Cricket Association Stadium, Mohali",Chandigarh,0.0,2008,5,0,2,1,1,0,240,0,190,0,19,286,23,9,13,12,70,122,0.0,9,9
336016,2008-05-12,Kings XI Punjab,Royal Challengers Bangalore,SE Marsh,Royal Challengers Bangalore,bat,"Punjab Cricket Association Stadium, Mohali",Chandigarh,0.0,2008,5,0,2,0,1,0,190,0,239,0,19,286,23,9,13,12,70,122,0.0,9,9
336017,2008-05-13,Kolkata Knight Riders,Delhi Daredevils,Shoaib Akhtar,Kolkata Knight Riders,bat,Eden Gardens,Kolkata,0.0,2008,5,1,2,1,1,0,269,0,160,0,19,242,18,16,18,12,154,205,0.0,9,9
336017,2008-05-13,Delhi Daredevils,Kolkata Knight Riders,Shoaib Akhtar,Kolkata Knight Riders,bat,Eden Gardens,Kolkata,0.0,2008,5,1,2,0,1,0,161,0,268,0,19,242,18,16,18,12,154,205,0.0,9,9
336018,2008-05-14,Chennai Super Kings,Mumbai Indians,ST Jayasuriya,Mumbai Indians,field,Wankhede Stadium,Mumbai,0.0,2008,5,2,2,0,0,1,256,0,282,0,19,310,24,7,10,12,146,366,0.0,10,8
336018,2008-05-14,Mumbai Indians,Chennai Super Kings,ST Jayasuriya,Mumbai Indians,field,Wankhede Stadium,Mumbai,0.0,2008,5,2,2,1,0,1,282,0,257,0,19,310,24,7,10,12,146,366,0.0,8,10
336020,2008-05-15,Delhi Daredevils,Deccan Chargers,A Mishra,Deccan Chargers,field,Feroz Shah Kotla,Delhi,0.0,2008,5,3,2,0,0,1,161,0,75,0,19,376,11,13,17,12,119,197,0.0,10,10
336020,2008-05-15,Deccan Chargers,Delhi Daredevils,A Mishra,Deccan Chargers,field,Feroz Shah Kotla,Delhi,0.0,2008,5,3,2,1,0,1,75,0,160,0,19,376,11,13,17,12,119,197,0.0,10,10
336021,2008-05-16,Kolkata Knight Riders,Mumbai Indians,SM Pollock,Mumbai Indians,field,Wankhede Stadium,Mumbai,0.0,2008,5,4,2,0,0,1,269,0,282,0,15,135,18,12,15,8,146,366,0.0,10,9
336021,2008-05-16,Mumbai Indians,Kolkata Knight Riders,SM Pollock,Mumbai Indians,field,Wankhede Stadium,Mumbai,0.0,2008,5,4,2,1,0,1,282,0,268,0,15,135,18,12,15,8,146,366,0.0,9,10
336022,2008-05-17,Delhi Daredevils,Kings XI Punjab,DPMD Jayawardene,Delhi Daredevils,bat,Feroz Shah Kotla,Delhi,0.0,2008,5,5,2,1,1,0,161,0,190,0,10,211,13,7,11,12,119,197,0.0,11,10
336022,2008-05-17,Kings XI Punjab,Delhi Daredevils,DPMD Jayawardene,Delhi Daredevils,bat,Feroz Shah Kotla,Delhi,0.0,2008,5,5,2,0,1,0,190,0,160,0,10,211,13,7,11,12,119,197,0.0,10,11
336023,2008-05-17,Rajasthan Royals,Royal Challengers Bangalore,GC Smith,Royal Challengers Bangalore,field,Sawai Mansingh Stadium,Jaipur,0.0,2008,5,5,2,0,0,1,239,0,239,0,19,329,32,10,14,13,94,128,0.0,10,10
336023,2008-05-17,Royal Challengers Bangalore,Rajasthan Royals,GC Smith,Royal Challengers Bangalore,field,Sawai Mansingh Stadium,Jaipur,0.0,2008,5,5,2,1,0,1,240,0,240,0,19,329,32,10,14,13,94,128,0.0,10,10
336024,2008-05-18,Mumbai Indians,Deccan Chargers,DJ Bravo,Deccan Chargers,field,"Rajiv Gandhi International Stadium, Uppal",Hyderabad,0.0,2008,5,6,2,0,0,1,282,0,75,0,19,330,27,14,18,13,98,169,0.0,10,11
336024,2008-05-18,Deccan Chargers,Mumbai Indians,DJ Bravo,Deccan Chargers,field,"Rajiv Gandhi International Stadium, Uppal",Hyderabad,0.0,2008,5,6,2,1,0,1,75,0,282,0,19,330,27,14,18,13,98,169,0.0,11,10
336025,2008-05-18,Kolkata Knight Riders,Chennai Super Kings,M Ntini,Kolkata Knight Riders,bat,Eden Gardens,Kolkata,0.0,2008,5,6,2,1,1,0,269,0,257,0,19,203,16,5,9,9,154,205,0.0,11,11
336025,2008-05-18,Chennai Super Kings,Kolkata Knight Riders,M Ntini,Kolkata Knight Riders,bat,Eden Gardens,Kolkata,0.0,2008,5,6,2,0,1,0,256,0,268,0,19,203,16,5,9,9,154,205,0.0,11,11
336026,2008-05-19,Royal Challengers Bangalore,Delhi Daredevils,SP Goswami,Delhi Daredevils,field,M Chinnaswamy Stadium,Bangalore,0.0,2008,5,0,2,0,0,1,240,0,160,0,19,312,21,12,16,12,129,129,0.0,11,12
336026,2008-05-19,Delhi Daredevils,Royal Challengers Bangalore,SP Goswami,Delhi Daredevils,field,M Chinnaswamy Stadium,Bangalore,0.0,2008,5,0,2,1,0,1,161,0,239,0,19,312,21,12,16,12,129,129,0.0,12,11
336027,2008-05-20,Kolkata Knight Riders,Rajasthan Royals,YK Pathan,Rajasthan Royals,field,Eden Gardens,Kolkata,0.0,2008,5,1,2,0,0,1,269,0,240,0,19,296,11,12,16,12,154,205,0.0,12,11
336027,2008-05-20,Rajasthan Royals,Kolkata Knight Riders,YK Pathan,Rajasthan Royals,field,Eden Gardens,Kolkata,0.0,2008,5,1,2,1,0,1,239,0,268,0,19,296,11,12,16,12,154,205,0.0,11,12
336028,2008-05-21,Kings XI Punjab,Mumbai Indians,SE Marsh,Mumbai Indians,field,Wankhede Stadium,Mumbai,0.0,2008,5,2,2,0,0,1,190,0,282,0,19,376,34,14,17,12,146,366,0.0,11,11
336028,2008-05-21,Mumbai Indians,Kings XI Punjab,SE Marsh,Mumbai Indians,field,Wankhede Stadium,Mumbai,0.0,2008,5,2,2,1,0,1,282,0,190,0,19,376,34,14,17,12,146,366,0.0,11,11
336029,2008-05-21,Royal Challengers Bangalore,Chennai Super Kings,A Kumble,Royal Challengers Bangalore,bat,"MA Chidambaram Stadium, Chepauk",Chennai,0.0,2008,5,2,2,1,1,0,240,0,257,0,19,238,16,16,20,11,96,188,0.0,12,12
336029,2008-05-21,Chennai Super Kings,Royal Challengers Bangalore,A Kumble,Royal Challengers Bangalore,bat,"MA Chidambaram Stadium, Chepauk",Chennai,0.0,2008,5,2,2,0,1,0,256,0,239,0,19,238,16,16,20,11,96,188,0.0,12,12
336031,2008-05-23,Deccan Chargers,Kings XI Punjab,SE Marsh,Kings XI Punjab,field,"Punjab Cricket Association Stadium, Mohali",Chandigarh,0.0,2008,5,4,2,0,0,1,75,0,190,0,19,353,13,8,12,12,70,122,0.0,12,12
336031,2008-05-23,Kings XI Punjab,Deccan Chargers,SE Marsh,Kings XI Punjab,field,"Punjab Cricket Association Stadium, Mohali",Chandigarh,0.0,2008,5,4,2,1,0,1,190,0,75,0,19,353,13,8,12,12,70,122,0.0,12,12
336032,2008-05-24,Mumbai Indians,Delhi Daredevils,KD Karthik,Delhi Daredevils,field,Feroz Shah Kotla,Delhi,0.0,2008,5,5,2,0,0,1,282,0,160,0,19,354,11,13,15,11,119,197,0.0,12,13
336032,2008-05-24,Delhi Daredevils,Mumbai Indians,KD Karthik,Delhi Daredevils,field,Feroz Shah Kotla,Delhi,0.0,2008,5,5,2,1,0,1,161,0,282,0,19,354,11,13,15,11,119,197,0.0,13,12
336033,2008-05-24,Rajasthan Royals,Chennai Super Kings,JA Morkel,Rajasthan Royals,bat,"MA Chidambaram Stadium, Chepauk",Chennai,0.0,2008,5,5,2,1,1,0,239,0,257,0,19,412,16,12,14,12,96,188,0.0,12,13
336033,2008-05-24,Chennai Super Kings,Rajasthan Royals,JA Morkel,Rajasthan Royals,bat,"MA Chidambaram Stadium, Chepauk",Chennai,0.0,2008,5,5,2,0,1,0,256,0,240,0,19,412,16,12,14,12,96,188,0.0,13,12
336002,2008-05-25,Deccan Chargers,Royal Challengers Bangalore,R Vinay Kumar,Deccan Chargers,bat,"Rajiv Gandhi International Stadium, Uppal",Hyderabad,0.0,2008,5,6,2,1,1,0,75,0,239,0,19,336,16,15,16,13,98,169,0.0,13,13
336002,2008-05-25,Royal Challengers Bangalore,Deccan Chargers,R Vinay Kumar,Deccan Chargers,bat,"Rajiv Gandhi International Stadium, Uppal",Hyderabad,0.0,2008,5,6,2,0,1,0,240,0,75,0,19,336,16,15,16,13,98,169,0.0,13,13
336035,2008-05-25,Kings XI Punjab,Kolkata Knight Riders,Umar Gul,Kings XI Punjab,bat,Eden Gardens,Kolkata,0.0,2008,5,6,2,1,1,0,190,0,268,0,19,349,20,13,17,12,154,205,0.0,13,13
336035,2008-05-25,Kolkata Knight Riders,Kings XI Punjab,Umar Gul,Kings XI Punjab,bat,Eden Gardens,Kolkata,0.0,2008,5,6,2,0,1,0,269,0,190,0,19,349,20,13,17,12,154,205,0.0,13,13
336036,2008-05-26,Mumbai Indians,Rajasthan Royals,Sohail Tanvir,Rajasthan Royals,field,Sawai Mansingh Stadium,Jaipur,0.0,2008,5,0,2,0,0,1,282,0,240,0,19,291,29,12,16,13,94,128,0.0,13,13
336036,2008-05-26,Rajasthan Royals,Mumbai Indians,Sohail Tanvir,Rajasthan Royals,field,Sawai Mansingh Stadium,Jaipur,0.0,2008,5,0,2,1,0,1,239,0,282,0,19,291,29,12,16,13,94,128,0.0,13,13
336037,2008-05-27,Deccan Chargers,Chennai Super Kings,SK Raina,Deccan Chargers,bat,"Rajiv Gandhi International Stadium, Uppal",Hyderabad,0.0,2008,5,1,2,1,1,0,75,0,257,0,19,293,25,11,14,11,98,169,0.0,14,14
336037,2008-05-27,Chennai Super Kings,Deccan Chargers,SK Raina,Deccan Chargers,bat,"Rajiv Gandhi International Stadium, Uppal",Hyderabad,0.0,2008,5,1,2,0,1,0,256,0,75,0,19,293,25,11,14,11,98,169,0.0,14,14
336012,2008-05-28,Royal Challengers Bangalore,Mumbai Indians,CRD Fernando,Mumbai Indians,field,M Chinnaswamy Stadium,Bangalore,0.0,2008,5,2,2,0,0,1,240,0,282,0,17,247,23,10,12,10,129,129,0.0,14,14
336012,2008-05-28,Mumbai Indians,Royal Challengers Bangalore,CRD Fernando,Mumbai Indians,field,M Chinnaswamy Stadium,Bangalore,0.0,2008,5,2,2,1,0,1,282,0,239,0,17,247,23,10,12,10,129,129,0.0,14,14
336019,2008-05-28,Kings XI Punjab,Rajasthan Royals,SE Marsh,Rajasthan Royals,field,"Punjab Cricket Association Stadium, Mohali",Chandigarh,0.0,2008,5,2,2,0,0,1,190,0,240,0,19,401,9,10,13,13,70,122,0.0,14,14
336019,2008-05-28,Rajasthan Royals,Kings XI Punjab,SE Marsh,Rajasthan Royals,field,"Punjab Cricket Association Stadium, Mohali",Chandigarh,0.0,2008,5,2,2,1,0,1,239,0,190,0,19,401,9,10,13,13,70,122,0.0,14,14
336038,2008-05-30,Rajasthan Royals,Delhi Daredevils,SR Watson,Delhi Daredevils,field,Wankhede Stadium,Mumbai,0.0,2008,5,4,2,0,0,1,239,0,160,0,19,279,11,19,21,11,146,366,0.0,15,14
336038,2008-05-30,Delhi Daredevils,Rajasthan Royals,SR Watson,Delhi Daredevils,field,Wankhede Stadium,Mumbai,0.0,2008,5,4,2,1,0,1,161,0,240,0,19,279,11,19,21,11,146,366,0.0,14,15
336039,2008-05-31,Kings XI Punjab,Chennai Super Kings,M Ntini,Kings XI Punjab,bat,Wankhede Stadium,Mumbai,0.0,2008,5,5,2,1,1,0,190,0,257,0,19,228,8,9,13,11,146,366,0.0,15,15
336039,2008-05-31,Chennai Super Kings,Kings XI Punjab,M Ntini,Kings XI Punjab,bat,Wankhede Stadium,Mumbai,0.0,2008,5,5,2,0,1,0,256,0,190,0,19,228,8,9,13,11,146,366,0.0,15,15
336040,2008-06-01,Chennai Super Kings,Rajasthan Royals,YK Pathan,Rajasthan Royals,field,Dr DY Patil Sports Academy,Mumbai,0.0,2008,6,6,2,0,0,1,256,0,240,0,19,325,19,12,16,11,34,366,0.0,16,16
336040,2008-06-01,Rajasthan Royals,Chennai Super Kings,YK Pathan,Rajasthan Royals,field,Dr DY Patil Sports Academy,Mumbai,0.0,2008,6,6,2,1,0,1,239,0,257,0,19,325,19,12,16,11,34,366,0.0,16,16
392181,2009-04-18,Mumbai Indians,Chennai Super Kings,SR Tendulkar,Chennai Super Kings,field,Newlands,Cape Town,2009.0,2009,4,5,2,0,0,1,282,0,257,0,19,311,12,14,17,11,14,14,114.0,15,17
392181,2009-04-18,Chennai Super Kings,Mumbai Indians,SR Tendulkar,Chennai Super Kings,field,Newlands,Cape Town,2009.0,2009,4,5,2,1,0,1,256,0,282,0,19,311,12,14,17,11,14,14,114.0,17,15
392182,2009-04-18,Royal Challengers Bangalore,Rajasthan Royals,R Dravid,Royal Challengers Bangalore,bat,Newlands,Cape Town,2009.0,2009,4,5,2,1,1,0,240,0,240,0,19,191,13,18,20,11,14,14,114.0,15,17
392182,2009-04-18,Rajasthan Royals,Royal Challengers Bangalore,R Dravid,Royal Challengers Bangalore,bat,Newlands,Cape Town,2009.0,2009,4,5,2,0,1,0,239,0,239,0,19,191,13,18,20,11,14,14,114.0,17,15
392183,2009-04-19,Kings XI Punjab,Delhi Daredevils,DL Vettori,Delhi Daredevils,field,Newlands,Cape Town,2009.0,2009,4,6,2,0,0,1,190,0,160,0,11,161,12,7,8,10,14,14,114.0,16,15
392183,2009-04-19,Delhi Daredevils,Kings XI Punjab,DL Vettori,Delhi Daredevils,field,Newlands,Cape Town,2009.0,2009,4,6,2,1,0,1,161,0,190,0,11,161,12,7,8,10,14,14,114.0,15,16
392184,2009-04-19,Kolkata Knight Riders,Deccan Chargers,RP Singh,Kolkata Knight Riders,bat,Newlands,Cape Town,2009.0,2009,4,6,2,1,1,0,269,0,75,0,19,205,7,12,15,12,14,14,114.0,14,15
392184,2009-04-19,Deccan Chargers,Kolkata Knight Riders,RP Singh,Kolkata Knight Riders,bat,Newlands,Cape Town,2009.0,2009,4,6,2,0,1,0,75,0,268,0,19,205,7,12,15,12,14,14,114.0,15,14
392185,2009-04-20,Chennai Super Kings,Royal Challengers Bangalore,M Muralitharan,Chennai Super Kings,bat,St George's Park,Port Elizabeth,2009.0,2009,4,0,2,1,1,0,256,0,239,0,19,266,18,15,17,14,14,14,114.0,18,16
392185,2009-04-20,Royal Challengers Bangalore,Chennai Super Kings,M Muralitharan,Chennai Super Kings,bat,St George's Park,Port Elizabeth,2009.0,2009,4,0,2,0,1,0,240,0,257,0,19,266,18,15,17,14,14,14,114.0,16,18
392186,2009-04-21,Kings XI Punjab,Kolkata Knight Riders,CH Gayle,Kolkata Knight Riders,field,Kingsmead,Durban,2009.0,2009,4,1,2,0,0,1,190,0,268,0,19,237,16,7,11,12,30,30,114.0,17,15
392186,2009-04-21,Kolkata Knight Riders,Kings XI Punjab,CH Gayle,Kolkata Knight Riders,field,Kingsmead,Durban,2009.0,2009,4,1,2,1,0,1,269,0,190,0,19,237,16,7,11,12,30,30,114.0,15,17
392188,2009-04-22,Deccan Chargers,Royal Challengers Bangalore,AC Gilchrist,Deccan Chargers,bat,Newlands,Cape Town,2009.0,2009,4,2,2,1,1,0,75,0,239,0,19,344,16,14,18,11,14,14,114.0,16,17
392188,2009-04-22,Royal Challengers Bangalore,Deccan Chargers,AC Gilchrist,Deccan Chargers,bat,Newlands,Cape Town,2009.0,2009,4,2,2,0,1,0,240,0,75,0,19,344,16,14,18,11,14,14,114.0,17,16
392189,2009-04-23,Delhi Daredevils,Chennai Super Kings,AB de Villiers,Delhi Daredevils,bat,Kingsmead,Durban,2009.0,2009,4,3,2,1,1,0,161,0,257,0,19,369,16,14,16,12,30,30,114.0,16,19
392189,2009-04-23,Chennai Super Kings,Delhi Daredevils,AB de Villiers,Delhi Daredevils,bat,Kingsmead,Durban,2009.0,2009,4,3,2,0,1,0,256,0,160,0,19,369,16,14,16,12,30,30,114.0,19,16
392190,2009-04-23,Rajasthan Royals,Kolkata Knight Riders,YK Pathan,Kolkata Knight Riders,field,Newlands,Cape Town,2009.0,2009,4,3,2,0,0,1,239,0,268,0,19,333,29,15,17,12,14,14,114.0,18,16
392190,2009-04-23,Kolkata Knight Riders,Rajasthan Royals,YK Pathan,Kolkata Knight Riders,field,Newlands,Cape Town,2009.0,2009,4,3,2,1,0,1,269,0,240,0,19,333,29,15,17,12,14,14,114.0,16,18
392191,2009-04-24,Royal Challengers Bangalore,Kings XI Punjab,RS Bopara,Royal Challengers Bangalore,bat,Kingsmead,Durban,2009.0,2009,4,4,2,1,1,0,240,0,190,0,19,341,21,12,16,14,30,30,114.0,18,18
392191,2009-04-24,Kings XI Punjab,Royal Challengers Bangalore,RS Bopara,Royal Challengers Bangalore,bat,Kingsmead,Durban,2009.0,2009,4,4,2,0,1,0,190,0,239,0,19,341,21,12,16,14,30,30,114.0,18,18
392192,2009-04-25,Deccan Chargers,Mumbai Indians,PP Ojha,Deccan Chargers,bat,Kingsmead,Durban,2009.0,2009,4,5,2,1,1,0,75,0,282,0,19,322,25,16,19,13,30,30,114.0,17,16
392192,2009-04-25,Mumbai Indians,Deccan Chargers,PP Ojha,Deccan Chargers,bat,Kingsmead,Durban,2009.0,2009,4,5,2,0,1,0,282,0,75,0,19,322,25,16,19,13,30,30,114.0,16,17
392194,2009-04-26,Royal Challengers Bangalore,Delhi Daredevils,TM Dilshan,Royal Challengers Bangalore,bat,St George's Park,Port Elizabeth,2009.0,2009,4,6,2,1,1,0,240,0,160,0,19,299,15,11,14,11,14,14,114.0,19,17
392194,2009-04-26,Delhi Daredevils,Royal Challengers Bangalore,TM Dilshan,Royal Challengers Bangalore,bat,St George's Park,Port Elizabeth,2009.0,2009,4,6,2,0,1,0,161,0,239,0,19,299,15,11,14,11,14,14,114.0,17,19
392195,2009-04-26,Kings XI Punjab,Rajasthan Royals,KC Sangakkara,Kings XI Punjab,bat,Newlands,Cape Town,2009.0,2009,4,6,2,1,1,0,190,0,240,0,19,250,22,13,16,11,14,14,114.0,19,19
392195,2009-04-26,Rajasthan Royals,Kings XI Punjab,KC Sangakkara,Kings XI Punjab,bat,Newlands,Cape Town,2009.0,2009,4,6,2,0,1,0,239,0,190,0,19,250,22,13,16,11,14,14,114.0,19,19
392196,2009-04-27,Chennai Super Kings,Deccan Chargers,HH Gibbs,Deccan Chargers,field,Kingsmead,Durban,2009.0,2009,4,0,2,0,0,1,256,0,75,0,19,333,16,10,13,14,30,30,114.0,20,18
392196,2009-04-27,Deccan Chargers,Chennai Super Kings,HH Gibbs,Deccan Chargers,field,Kingsmead,Durban,2009.0,2009,4,0,2,1,0,1,75,0,257,0,19,333,16,10,13,14,30,30,114.0,18,20
392197,2009-04-27,Mumbai Indians,Kolkata Knight Riders,SR Tendulkar,Mumbai Indians,bat,St George's Park,Port Elizabeth,2009.0,2009,4,0,2,1,1,0,282,0,268,0,19,282,13,15,18,13,14,14,114.0,17,17
392197,2009-04-27,Kolkata Knight Riders,Mumbai Indians,SR Tendulkar,Mumbai Indians,bat,St George's Park,Port Elizabeth,2009.0,2009,4,0,2,0,1,0,269,0,282,0,19,282,13,15,18,13,14,14,114.0,17,17
392198,2009-04-28,Delhi Daredevils,Rajasthan Royals,YK Pathan,Delhi Daredevils,bat,SuperSport Park,Centurion,2009.0,2009,4,1,2,1,1,0,161,0,240,0,19,290,14,12,16,12,24,24,114.0,18,20
392198,2009-04-28,Rajasthan Royals,Delhi Daredevils,YK Pathan,Delhi Daredevils,bat,SuperSport Park,Centurion,2009.0,2009,4,1,2,0,1,0,239,0,160,0,19,290,14,12,16,12,24,24,114.0,20,18
392199,2009-04-29,Kolkata Knight Riders,Royal Challengers Bangalore,MV Boucher,Kolkata Knight Riders,bat,Kingsmead,Durban,2009.0,2009,4,2,2,1,1,0,269,0,239,0,19,282,18,11,15,12,30,30,114.0,18,20
392199,2009-04-29,Royal Challengers Bangalore,Kolkata Knight Riders,MV Boucher,Kolkata Knight Riders,bat,Kingsmead,Durban,2009.0,2009,4,2,2,0,1,0,240,0,268,0,19,282,18,11,15,12,30,30,114.0,20,18
392200,2009-04-29,Kings XI Punjab,Mumbai Indians,KC Sangakkara,Kings XI Punjab,bat,Kingsmead,Durban,2009.0,2009,4,2,2,1,1,0,190,0,282,0,19,234,27,15,17,14,30,30,114.0,20,18
392200,2009-04-29,Mumbai Indians,Kings XI Punjab,KC Sangakkara,Kings XI Punjab,bat,Kingsmead,Durban,2009.0,2009,4,2,2,0,1,0,282,0,190,0,19,234,27,15,17,14,30,30,114.0,18,20
392201,2009-04-30,Deccan Chargers,Delhi Daredevils,DP Nannes,Delhi Daredevils,field,SuperSport Park,Centurion,2009.0,2009,4,3,2,0,0,1,75,0,160,0,19,298,23,13,16,13,24,24,114.0,19,19
392201,2009-04-30,Delhi Daredevils,Deccan Chargers,DP Nannes,Delhi Daredevils,field,SuperSport Park,Centurion,2009.0,2009,4,3,2,1,0,1,161,0,75,0,19,298,23,13,16,13,24,24,114.0,19,19
392202,2009-04-30,Chennai Super Kings,Rajasthan Royals,SK Raina,Rajasthan Royals,field,SuperSport Park,Centurion,2009.0,2009,4,3,2,0,0,1,256,0,240,0,19,290,13,14,17,12,24,24,114.0,21,21
392202,2009-04-30,Rajasthan Royals,Chennai Super Kings,SK Raina,Rajasthan Royals,field,SuperSport Park,Centurion,2009.0,2009,4,3,2,1,0,1,239,0,257,0,19,290,13,14,17,12,24,24,114.0,21,21
392203,2009-05-01,Mumbai Indians,Kolkata Knight Riders,JP Duminy,Mumbai Indians,bat,Buffalo Park,East London,2009.0,2009,5,4,2,1,1,0,282,0,268,0,19,286,20,12,15,13,6,6,114.0,19,19
392203,2009-05-01,Kolkata Knight Riders,Mumbai Indians,JP Duminy,Mumbai Indians,bat,Buffalo Park,East London,2009.0,2009,5,4,2,0,1,0,269,0,282,0,19,286,20,12,15,13,6,6,114.0,19,19
392204,2009-05-01,Royal Challengers Bangalore,Kings XI Punjab,Yuvraj Singh,Royal Challengers Bangalore,bat,Kingsmead,Durban,2009.0,2009,5,4,2,1,1,0,240,0,190,0,19,281,18,16,19,12,30,30,114.0,21,21
392204,2009-05-01,Kings XI Punjab,Royal Challengers Bangalore,Yuvraj Singh,Royal Challengers Bangalore,bat,Kingsmead,Durban,2009.0,2009,5,4,2,0,1,0,190,0,239,0,19,281,18,16,19,12,30,30,114.0,21,21
392205,2009-05-02,Deccan Chargers,Rajasthan Royals,YK Pathan,Deccan Chargers,bat,St George's Park,Port Elizabeth,2009.0,2009,5,5,2,1,1,0,75,0,240,0,19,283,14,12,15,14,14,14,114.0,20,22
392205,2009-05-02,Rajasthan Royals,Deccan Chargers,YK Pathan,Deccan Chargers,bat,St George's Park,Port Elizabeth,2009.0,2009,5,5,2,0,1,0,239,0,75,0,19,283,14,12,15,14,14,14,114.0,22,20
392206,2009-05-02,Chennai Super Kings,Delhi Daredevils,SB Jakati,Delhi Daredevils,field,New Wanderers Stadium,Johannesburg,2009.0,2009,5,5,2,0,0,1,256,0,160,0,19,308,12,18,19,13,16,16,114.0,22,20
392206,2009-05-02,Delhi Daredevils,Chennai Super Kings,SB Jakati,Delhi Daredevils,field,New Wanderers Stadium,Johannesburg,2009.0,2009,5,5,2,1,0,1,161,0,257,0,19,308,12,18,19,13,16,16,114.0,20,22
392207,2009-05-03,Kolkata Knight Riders,Kings XI Punjab,DPMD Jayawardene,Kolkata Knight Riders,bat,St George's Park,Port Elizabeth,2009.0,2009,5,6,2,1,1,0,269,0,190,0,19,307,17,7,11,14,14,14,114.0,20,22
392207,2009-05-03,Kings XI Punjab,Kolkata Knight Riders,DPMD Jayawardene,Kolkata Knight Riders,bat,St George's Park,Port Elizabeth,2009.0,2009,5,6,2,0,1,0,190,0,268,0,19,307,17,7,11,14,14,14,114.0,22,20
392208,2009-05-03,Mumbai Indians,Royal Challengers Bangalore,JH Kallis,Mumbai Indians,bat,New Wanderers Stadium,Johannesburg,2009.0,2009,5,6,2,1,1,0,282,0,239,0,19,298,13,5,9,13,16,16,114.0,20,22
392208,2009-05-03,Royal Challengers Bangalore,Mumbai Indians,JH Kallis,Mumbai Indians,bat,New Wanderers Stadium,Johannesburg,2009.0,2009,5,6,2,0,1,0,240,0,282,0,19,298,13,5,9,13,16,16,114.0,22,20
392209,2009-05-04,Chennai Super Kings,Deccan Chargers,MS Dhoni,Chennai Super Kings,bat,Buffalo Park,East London,2009.0,2009,5,0,2,1,1,0,256,0,75,0,19,278,17,13,16,13,6,6,114.0,23,21
392209,2009-05-04,Deccan Chargers,Chennai Super Kings,MS Dhoni,Chennai Super Kings,bat,Buffalo Park,East London,2009.0,2009,5,0,2,0,1,0,75,0,257,0,19,278,17,13,16,13,6,6,114.0,21,23
392210,2009-05-05,Rajasthan Royals,Kings XI Punjab,GC Smith,Kings XI Punjab,field,Kingsmead,Durban,2009.0,2009,5,1,2,0,0,1,239,0,190,0,19,343,22,12,16,13,30,30,114.0,23,23
392210,2009-05-05,Kings XI Punjab,Rajasthan Royals,GC Smith,Kings XI Punjab,field,Kingsmead,Durban,2009.0,2009,5,1,2,1,0,1,190,0,240,0,19,343,22,12,16,13,30,30,114.0,23,23
392211,2009-05-05,Kolkata Knight Riders,Delhi Daredevils,G Gambhir,Kolkata Knight Riders,bat,Kingsmead,Durban,2009.0,2009,5,1,2,1,1,0,269,0,160,0,19,311,12,4,8,11,30,30,114.0,21,21
392211,2009-05-05,Delhi Daredevils,Kolkata Knight Riders,G Gambhir,Kolkata Knight Riders,bat,Kingsmead,Durban,2009.0,2009,5,1,2,0,1,0,161,0,268,0,19,311,12,4,8,11,30,30,114.0,21,21
392212,2009-05-06,Deccan Chargers,Mumbai Indians,RG Sharma,Deccan Chargers,bat,SuperSport Park,Centurion,2009.0,2009,5,2,2,1,1,0,75,0,282,0,19,271,12,14,18,13,24,24,114.0,22,21
392212,2009-05-06,Mumbai Indians,Deccan Chargers,RG Sharma,Deccan Chargers,bat,SuperSport Park,Centurion,2009.0,2009,5,2,2,0,1,0,282,0,75,0,19,271,12,14,18,13,24,24,114.0,21,22
392213,2009-05-07,Royal Challengers Bangalore,Rajasthan Royals,A Singh,Rajasthan Royals,field,SuperSport Park,Centurion,2009.0,2009,5,3,2,0,0,1,240,0,240,0,19,212,8,13,15,13,24,24,114.0,23,24
392213,2009-05-07,Rajasthan Royals,Royal Challengers Bangalore,A Singh,Rajasthan Royals,field,SuperSport Park,Centurion,2009.0,2009,5,3,2,1,0,1,239,0,239,0,19,212,8,13,15,13,24,24,114.0,24,23
392214,2009-05-07,Chennai Super Kings,Kings XI Punjab,ML Hayden,Chennai Super Kings,bat,SuperSport Park,Centurion,2009.0,2009,5,3,2,1,1,0,256,0,190,0,17,359,12,6,10,13,24,24,114.0,24,24
392214,2009-05-07,Kings XI Punjab,Chennai Super Kings,ML Hayden,Chennai Super Kings,bat,SuperSport Park,Centurion,2009.0,2009,5,3,2,0,1,0,190,0,257,0,17,359,12,6,10,13,24,24,114.0,24,24
392215,2009-05-08,Mumbai Indians,Delhi Daredevils,A Nehra,Mumbai Indians,bat,Buffalo Park,East London,2009.0,2009,5,4,2,1,1,0,282,0,160,0,19,234,19,13,15,12,6,6,114.0,22,22
392215,2009-05-08,Delhi Daredevils,Mumbai Indians,A Nehra,Mumbai Indians,bat,Buffalo Park,East London,2009.0,2009,5,4,2,0,1,0,161,0,282,0,19,234,19,13,15,12,6,6,114.0,22,22
392216,2009-05-09,Deccan Chargers,Kings XI Punjab,DPMD Jayawardene,Kings XI Punjab,field,De Beers Diamond Oval,Kimberley,2009.0,2009,5,5,2,0,0,1,75,0,190,0,19,337,16,12,15,14,6,6,114.0,23,25
392216,2009-05-09,Kings XI Punjab,Deccan Chargers,DPMD Jayawardene,Kings XI Punjab,field,De Beers Diamond Oval,Kimberley,2009.0,2009,5,5,2,1,0,1,190,0,75,0,19,337,16,12,15,14,6,6,114.0,25,23
392217,2009-05-09,Rajasthan Royals,Chennai Super Kings,S Badrinath,Rajasthan Royals,bat,De Beers Diamond Oval,Kimberley,2009.0,2009,5,5,2,1,1,0,239,0,257,0,19,281,17,10,14,13,6,6,114.0,25,25
392217,2009-05-09,Chennai Super Kings,Rajasthan Royals,S Badrinath,Rajasthan Royals,bat,De Beers Diamond Oval,Kimberley,2009.0,2009,5,5,2,0,1,0,256,0,240,0,19,281,17,10,14,13,6,6,114.0,25,25
392218,2009-05-10,Mumbai Indians,Royal Challengers Bangalore,JP Duminy,Mumbai Indians,bat,St George's Park,Port Elizabeth,2009.0,2009,5,6,2,1,1,0,282,0,239,0,19,296,19,9,13,11,14,14,114.0,23,24
392218,2009-05-10,Royal Challengers Bangalore,Mumbai Indians,JP Duminy,Mumbai Indians,bat,St George's Park,Port Elizabeth,2009.0,2009,5,6,2,0,1,0,240,0,282,0,19,296,19,9,13,11,14,14,114.0,24,23
392219,2009-05-10,Kolkata Knight Riders,Delhi Daredevils,A Mishra,Delhi Daredevils,field,New Wanderers Stadium,Johannesburg,2009.0,2009,5,6,2,0,0,1,269,0,160,0,19,248,21,11,14,12,16,16,114.0,22,23
392219,2009-05-10,Delhi Daredevils,Kolkata Knight Riders,A Mishra,Delhi Daredevils,field,New Wanderers Stadium,Johannesburg,2009.0,2009,5,6,2,1,0,1,161,0,268,0,19,248,21,11,14,12,16,16,114.0,23,22
392220,2009-05-11,Deccan Chargers,Rajasthan Royals,DR Smith,Deccan Chargers,bat,De Beers Diamond Oval,Kimberley,2009.0,2009,5,0,2,1,1,0,75,0,240,0,19,279,6,17,19,13,6,6,114.0,24,26
392220,2009-05-11,Rajasthan Royals,Deccan Chargers,DR Smith,Deccan Chargers,bat,De Beers Diamond Oval,Kimberley,2009.0,2009,5,0,2,0,1,0,239,0,75,0,19,279,6,17,19,13,6,6,114.0,26,24
392221,2009-05-12,Kolkata Knight Riders,Royal Challengers Bangalore,LRPL Taylor,Royal Challengers Bangalore,field,SuperSport Park,Centurion,2009.0,2009,5,1,2,0,0,1,269,0,239,0,19,349,18,8,12,12,24,24,114.0,23,25
392221,2009-05-12,Royal Challengers Bangalore,Kolkata Knight Riders,LRPL Taylor,Royal Challengers Bangalore,field,SuperSport Park,Centurion,2009.0,2009,5,1,2,1,0,1,240,0,268,0,19,349,18,8,12,12,24,24,114.0,25,23
392222,2009-05-12,Kings XI Punjab,Mumbai Indians,Harbhajan Singh,Kings XI Punjab,bat,SuperSport Park,Centurion,2009.0,2009,5,1,2,1,1,0,190,0,282,0,19,239,22,11,14,14,24,24,114.0,26,24
392222,2009-05-12,Mumbai Indians,Kings XI Punjab,Harbhajan Singh,Kings XI Punjab,bat,SuperSport Park,Centurion,2009.0,2009,5,1,2,0,1,0,282,0,190,0,19,239,22,11,14,14,24,24,114.0,24,26
392223,2009-05-13,Delhi Daredevils,Deccan Chargers,R Bhatia,Deccan Chargers,field,Kingsmead,Durban,2009.0,2009,5,2,2,0,0,1,161,0,75,0,19,334,20,17,19,12,30,30,114.0,24,25
392223,2009-05-13,Deccan Chargers,Delhi Daredevils,R Bhatia,Deccan Chargers,field,Kingsmead,Durban,2009.0,2009,5,2,2,1,0,1,75,0,160,0,19,334,20,17,19,12,30,30,114.0,25,24
392224,2009-05-14,Chennai Super Kings,Royal Challengers Bangalore,LRPL Taylor,Chennai Super Kings,bat,Kingsmead,Durban,2009.0,2009,5,3,2,1,1,0,256,0,239,0,19,261,12,18,20,12,30,30,114.0,26,26
392224,2009-05-14,Royal Challengers Bangalore,Chennai Super Kings,LRPL Taylor,Chennai Super Kings,bat,Kingsmead,Durban,2009.0,2009,5,3,2,0,1,0,240,0,257,0,19,261,12,18,20,12,30,30,114.0,26,26
392225,2009-05-14,Rajasthan Royals,Mumbai Indians,SK Warne,Rajasthan Royals,bat,Kingsmead,Durban,2009.0,2009,5,3,2,1,1,0,239,0,282,0,19,287,24,17,18,13,30,30,114.0,27,25
392225,2009-05-14,Mumbai Indians,Rajasthan Royals,SK Warne,Rajasthan Royals,bat,Kingsmead,Durban,2009.0,2009,5,3,2,0,1,0,282,0,240,0,19,287,24,17,18,13,30,30,114.0,25,27
392226,2009-05-15,Delhi Daredevils,Kings XI Punjab,B Lee,Kings XI Punjab,field,OUTsurance Oval,Bloemfontein,2009.0,2009,5,4,2,0,0,1,161,0,190,0,19,241,21,13,17,13,4,4,114.0,25,27
392226,2009-05-15,Kings XI Punjab,Delhi Daredevils,B Lee,Kings XI Punjab,field,OUTsurance Oval,Bloemfontein,2009.0,2009,5,4,2,1,0,1,190,0,160,0,19,241,21,13,17,13,4,4,114.0,27,25
392227,2009-05-16,Mumbai Indians,Chennai Super Kings,ML Hayden,Mumbai Indians,bat,St George's Park,Port Elizabeth,2009.0,2009,5,5,2,1,1,0,282,0,257,0,19,298,31,8,11,12,14,14,114.0,26,27
392227,2009-05-16,Chennai Super Kings,Mumbai Indians,ML Hayden,Mumbai Indians,bat,St George's Park,Port Elizabeth,2009.0,2009,5,5,2,0,1,0,256,0,282,0,19,298,31,8,11,12,14,14,114.0,27,26
392228,2009-05-16,Kolkata Knight Riders,Deccan Chargers,RG Sharma,Deccan Chargers,field,New Wanderers Stadium,Johannesburg,2009.0,2009,5,5,2,0,0,1,269,0,75,0,19,326,14,9,12,12,16,16,114.0,24,26
392228,2009-05-16,Deccan Chargers,Kolkata Knight Riders,RG Sharma,Deccan Chargers,field,New Wanderers Stadium,Johannesburg,2009.0,2009,5,5,2,1,0,1,75,0,268,0,19,326,14,9,12,12,16,16,114.0,26,24
392229,2009-05-17,Kings XI Punjab,Deccan Chargers,Yuvraj Singh,Deccan Chargers,field,New Wanderers Stadium,Johannesburg,2009.0,2009,5,6,2,0,0,1,190,0,75,0,19,266,11,15,18,14,16,16,114.0,28,27
392229,2009-05-17,Deccan Chargers,Kings XI Punjab,Yuvraj Singh,Deccan Chargers,field,New Wanderers Stadium,Johannesburg,2009.0,2009,5,6,2,1,0,1,75,0,190,0,19,266,11,15,18,14,16,16,114.0,27,28
392230,2009-05-17,Delhi Daredevils,Rajasthan Royals,AB de Villiers,Delhi Daredevils,bat,OUTsurance Oval,Bloemfontein,2009.0,2009,5,6,2,1,1,0,161,0,240,0,19,284,16,12,16,14,4,4,114.0,26,28
392230,2009-05-17,Rajasthan Royals,Delhi Daredevils,AB de Villiers,Delhi Daredevils,bat,OUTsurance Oval,Bloemfontein,2009.0,2009,5,6,2,0,1,0,239,0,160,0,19,284,16,12,16,14,4,4,114.0,28,26
392231,2009-05-18,Chennai Super Kings,Kolkata Knight Riders,BJ Hodge,Chennai Super Kings,bat,SuperSport Park,Centurion,2009.0,2009,5,0,2,1,1,0,256,0,268,0,19,376,24,6,10,13,24,24,114.0,28,25
392231,2009-05-18,Kolkata Knight Riders,Chennai Super Kings,BJ Hodge,Chennai Super Kings,bat,SuperSport Park,Centurion,2009.0,2009,5,0,2,0,1,0,269,0,257,0,19,376,24,6,10,13,24,24,114.0,25,28
392232,2009-05-19,Delhi Daredevils,Royal Challengers Bangalore,JH Kallis,Delhi Daredevils,bat,New Wanderers Stadium,Johannesburg,2009.0,2009,5,1,2,1,1,0,161,0,239,0,19,269,6,10,14,12,16,16,114.0,27,27
392232,2009-05-19,Royal Challengers Bangalore,Delhi Daredevils,JH Kallis,Delhi Daredevils,bat,New Wanderers Stadium,Johannesburg,2009.0,2009,5,1,2,0,1,0,240,0,160,0,19,269,6,10,14,12,16,16,114.0,27,27
392233,2009-05-20,Rajasthan Royals,Kolkata Knight Riders,LR Shukla,Kolkata Knight Riders,field,Kingsmead,Durban,2009.0,2009,5,2,2,0,0,1,239,0,268,0,19,203,10,15,19,12,30,30,114.0,29,26
392233,2009-05-20,Kolkata Knight Riders,Rajasthan Royals,LR Shukla,Kolkata Knight Riders,field,Kingsmead,Durban,2009.0,2009,5,2,2,1,0,1,269,0,240,0,19,203,10,15,19,12,30,30,114.0,26,29
392234,2009-05-20,Chennai Super Kings,Kings XI Punjab,M Muralitharan,Chennai Super Kings,bat,Kingsmead,Durban,2009.0,2009,5,2,2,1,1,0,256,0,190,0,19,208,13,17,21,12,30,30,114.0,29,29
392234,2009-05-20,Kings XI Punjab,Chennai Super Kings,M Muralitharan,Chennai Super Kings,bat,Kingsmead,Durban,2009.0,2009,5,2,2,0,1,0,190,0,257,0,19,208,13,17,21,12,30,30,114.0,29,29
392235,2009-05-21,Mumbai Indians,Delhi Daredevils,V Sehwag,Delhi Daredevils,field,SuperSport Park,Centurion,2009.0,2009,5,3,2,0,0,1,282,0,160,0,19,329,31,14,16,12,24,24,114.0,27,28
392235,2009-05-21,Delhi Daredevils,Mumbai Indians,V Sehwag,Delhi Daredevils,field,SuperSport Park,Centurion,2009.0,2009,5,3,2,1,0,1,161,0,282,0,19,329,31,14,16,12,24,24,114.0,28,27
392236,2009-05-21,Royal Challengers Bangalore,Deccan Chargers,MK Pandey,Royal Challengers Bangalore,bat,SuperSport Park,Centurion,2009.0,2009,5,3,2,1,1,0,240,0,75,0,19,328,15,10,14,12,24,24,114.0,28,28
392236,2009-05-21,Deccan Chargers,Royal Challengers Bangalore,MK Pandey,Royal Challengers Bangalore,bat,SuperSport Park,Centurion,2009.0,2009,5,3,2,0,1,0,75,0,239,0,19,328,15,10,14,12,24,24,114.0,28,28
392237,2009-05-22,Delhi Daredevils,Deccan Chargers,AC Gilchrist,Deccan Chargers,field,SuperSport Park,Centurion,2009.0,2009,5,4,2,0,0,1,161,0,75,0,19,307,16,12,15,12,24,24,114.0,29,29
392237,2009-05-22,Deccan Chargers,Delhi Daredevils,AC Gilchrist,Deccan Chargers,field,SuperSport Park,Centurion,2009.0,2009,5,4,2,1,0,1,75,0,160,0,19,307,16,12,15,12,24,24,114.0,29,29
392238,2009-05-23,Chennai Super Kings,Royal Challengers Bangalore,MK Pandey,Royal Challengers Bangalore,field,New Wanderers Stadium,Johannesburg,2009.0,2009,5,5,2,0,0,1,256,0,239,0,19,294,10,9,13,12,16,16,114.0,30,29
392238,2009-05-23,Royal Challengers Bangalore,Chennai Super Kings,MK Pandey,Royal Challengers Bangalore,field,New Wanderers Stadium,Johannesburg,2009.0,2009,5,5,2,1,0,1,240,0,257,0,19,294,10,9,13,12,16,16,114.0,29,30
392239,2009-05-24,Deccan Chargers,Royal Challengers Bangalore,A Kumble,Royal Challengers Bangalore,field,New Wanderers Stadium,Johannesburg,2009.0,2009,5,6,2,0,0,1,75,0,239,0,19,279,17,15,19,11,16,16,114.0,30,30
392239,2009-05-24,Royal Challengers Bangalore,Deccan Chargers,A Kumble,Royal Challengers Bangalore,field,New Wanderers Stadium,Johannesburg,2009.0,2009,5,6,2,1,0,1,240,0,75,0,19,279,17,15,19,11,16,16,114.0,30,30
419106,2010-03-12,Kolkata Knight Riders,Deccan Chargers,AD Mathews,Deccan Chargers,field,Dr DY Patil Sports Academy,Mumbai,0.0,2010,3,4,1,0,0,1,269,0,75,0,19,310,26,11,15,12,34,366,0.0,27,31
419106,2010-03-12,Deccan Chargers,Kolkata Knight Riders,AD Mathews,Deccan Chargers,field,Dr DY Patil Sports Academy,Mumbai,0.0,2010,3,4,1,1,0,1,75,0,268,0,19,310,26,11,15,12,34,366,0.0,31,27
419107,2010-03-13,Mumbai Indians,Rajasthan Royals,YK Pathan,Mumbai Indians,bat,Brabourne Stadium,Mumbai,0.0,2010,3,5,1,1,1,0,282,0,240,0,19,419,20,14,16,13,20,366,0.0,28,30
419107,2010-03-13,Rajasthan Royals,Mumbai Indians,YK Pathan,Mumbai Indians,bat,Brabourne Stadium,Mumbai,0.0,2010,3,5,1,0,1,0,239,0,282,0,19,419,20,14,16,13,20,366,0.0,30,28
419108,2010-03-13,Kings XI Punjab,Delhi Daredevils,G Gambhir,Delhi Daredevils,field,"Punjab Cricket Association Stadium, Mohali",Chandigarh,0.0,2010,3,5,1,0,0,1,190,0,160,0,19,288,20,14,18,12,70,122,0.0,30,30
419108,2010-03-13,Delhi Daredevils,Kings XI Punjab,G Gambhir,Delhi Daredevils,field,"Punjab Cricket Association Stadium, Mohali",Chandigarh,0.0,2010,3,5,1,1,0,1,161,0,190,0,19,288,20,14,18,12,70,122,0.0,30,30
419109,2010-03-14,Royal Challengers Bangalore,Kolkata Knight Riders,MK Tiwary,Kolkata Knight Riders,field,Eden Gardens,Kolkata,0.0,2010,3,6,1,0,0,1,240,0,268,0,19,270,10,10,14,13,154,205,0.0,31,28
419109,2010-03-14,Kolkata Knight Riders,Royal Challengers Bangalore,MK Tiwary,Kolkata Knight Riders,field,Eden Gardens,Kolkata,0.0,2010,3,6,1,1,0,1,269,0,239,0,19,270,10,10,14,13,154,205,0.0,28,31
419110,2010-03-14,Deccan Chargers,Chennai Super Kings,WPUJC Vaas,Deccan Chargers,bat,"MA Chidambaram Stadium, Chepauk",Chennai,0.0,2010,3,6,1,1,1,0,75,0,257,0,19,346,16,13,17,13,96,188,0.0,32,31
419110,2010-03-14,Chennai Super Kings,Deccan Chargers,WPUJC Vaas,Deccan Chargers,bat,"MA Chidambaram Stadium, Chepauk",Chennai,0.0,2010,3,6,1,0,1,0,256,0,75,0,19,346,16,13,17,13,96,188,0.0,31,32
419111,2010-03-15,Rajasthan Royals,Delhi Daredevils,V Sehwag,Delhi Daredevils,field,"Sardar Patel Stadium, Motera",Ahmedabad,0.0,2010,3,0,1,0,0,1,239,0,160,0,19,282,13,10,14,11,24,92,0.0,31,31
419111,2010-03-15,Delhi Daredevils,Rajasthan Royals,V Sehwag,Delhi Daredevils,field,"Sardar Patel Stadium, Motera",Ahmedabad,0.0,2010,3,0,1,1,0,1,161,0,240,0,19,282,13,10,14,11,24,92,0.0,31,31
419112,2010-03-16,Kings XI Punjab,Royal Challengers Bangalore,JH Kallis,Kings XI Punjab,bat,M Chinnaswamy Stadium,Bangalore,0.0,2010,3,1,1,1,1,0,190,0,239,0,19,406,22,5,9,13,129,129,0.0,31,32
419112,2010-03-16,Royal Challengers Bangalore,Kings XI Punjab,JH Kallis,Kings XI Punjab,bat,M Chinnaswamy Stadium,Bangalore,0.0,2010,3,1,1,0,1,0,240,0,190,0,19,406,22,5,9,13,129,129,0.0,32,31
419113,2010-03-16,Chennai Super Kings,Kolkata Knight Riders,MS Dhoni,Chennai Super Kings,bat,Eden Gardens,Kolkata,0.0,2010,3,1,1,1,1,0,256,0,268,0,19,273,11,13,16,13,154,205,0.0,32,29
419113,2010-03-16,Kolkata Knight Riders,Chennai Super Kings,MS Dhoni,Chennai Super Kings,bat,Eden Gardens,Kolkata,0.0,2010,3,1,1,0,1,0,269,0,257,0,19,273,11,13,16,13,154,205,0.0,29,32
419114,2010-03-17,Mumbai Indians,Delhi Daredevils,SR Tendulkar,Delhi Daredevils,field,Feroz Shah Kotla,Delhi,0.0,2010,3,2,1,0,0,1,282,0,160,0,19,338,28,16,17,11,119,197,0.0,29,32
419114,2010-03-17,Delhi Daredevils,Mumbai Indians,SR Tendulkar,Delhi Daredevils,field,Feroz Shah Kotla,Delhi,0.0,2010,3,2,1,1,0,1,161,0,282,0,19,338,28,16,17,11,119,197,0.0,32,29
419115,2010-03-18,Rajasthan Royals,Royal Challengers Bangalore,JH Kallis,Royal Challengers Bangalore,field,M Chinnaswamy Stadium,Bangalore,0.0,2010,3,3,1,0,0,1,239,0,239,0,19,184,13,10,13,9,129,129,0.0,32,33
419115,2010-03-18,Royal Challengers Bangalore,Rajasthan Royals,JH Kallis,Royal Challengers Bangalore,field,M Chinnaswamy Stadium,Bangalore,0.0,2010,3,3,1,1,0,1,240,0,240,0,19,184,13,10,13,9,129,129,0.0,33,32
419116,2010-03-19,Delhi Daredevils,Chennai Super Kings,ML Hayden,Delhi Daredevils,bat,Feroz Shah Kotla,Delhi,0.0,2010,3,4,1,1,1,0,161,0,257,0,19,374,19,11,15,13,119,197,0.0,33,33
419116,2010-03-19,Chennai Super Kings,Delhi Daredevils,ML Hayden,Delhi Daredevils,bat,Feroz Shah Kotla,Delhi,0.0,2010,3,4,1,0,1,0,256,0,160,0,19,374,19,11,15,13,119,197,0.0,33,33
419117,2010-03-19,Deccan Chargers,Kings XI Punjab,A Symonds,Kings XI Punjab,field,Barabati Stadium,Cuttack,0.0,2010,3,4,1,0,0,1,75,0,190,0,19,334,13,16,20,12,14,14,0.0,33,32
419117,2010-03-19,Kings XI Punjab,Deccan Chargers,A Symonds,Kings XI Punjab,field,Barabati Stadium,Cuttack,0.0,2010,3,4,1,1,0,1,190,0,75,0,19,334,13,16,20,12,14,14,0.0,32,33
419118,2010-03-20,Rajasthan Royals,Kolkata Knight Riders,AA Jhunjhunwala,Rajasthan Royals,bat,"Sardar Patel Stadium, Motera",Ahmedabad,0.0,2010,3,5,1,1,1,0,239,0,268,0,19,302,13,12,15,12,24,92,0.0,33,30
419118,2010-03-20,Kolkata Knight Riders,Rajasthan Royals,AA Jhunjhunwala,Rajasthan Royals,bat,"Sardar Patel Stadium, Motera",Ahmedabad,0.0,2010,3,5,1,0,1,0,269,0,240,0,19,302,13,12,15,12,24,92,0.0,30,33
419119,2010-03-20,Mumbai Indians,Royal Challengers Bangalore,JH Kallis,Mumbai Indians,bat,Brabourne Stadium,Mumbai,0.0,2010,3,5,1,1,1,0,282,0,239,0,19,306,16,12,15,11,20,366,0.0,30,34
419119,2010-03-20,Royal Challengers Bangalore,Mumbai Indians,JH Kallis,Mumbai Indians,bat,Brabourne Stadium,Mumbai,0.0,2010,3,5,1,0,1,0,240,0,282,0,19,306,16,12,15,11,20,366,0.0,34,30
419120,2010-03-21,Deccan Chargers,Delhi Daredevils,A Symonds,Deccan Chargers,bat,Barabati Stadium,Cuttack,0.0,2010,3,6,1,1,1,0,75,0,160,0,19,332,6,15,19,12,14,14,0.0,34,34
419120,2010-03-21,Delhi Daredevils,Deccan Chargers,A Symonds,Deccan Chargers,bat,Barabati Stadium,Cuttack,0.0,2010,3,6,1,0,1,0,161,0,75,0,19,332,6,15,19,12,14,14,0.0,34,34
419121,2010-03-21,Kings XI Punjab,Chennai Super Kings,J Theron,Chennai Super Kings,field,"MA Chidambaram Stadium, Chepauk",Chennai,0.0,2010,3,6,1,0,0,1,190,0,257,0,19,291,17,18,18,13,96,188,0.0,33,34
419121,2010-03-21,Chennai Super Kings,Kings XI Punjab,J Theron,Chennai Super Kings,field,"MA Chidambaram Stadium, Chepauk",Chennai,0.0,2010,3,6,1,1,0,1,256,0,190,0,19,291,17,18,18,13,96,188,0.0,34,33
419122,2010-03-22,Kolkata Knight Riders,Mumbai Indians,SR Tendulkar,Kolkata Knight Riders,bat,Brabourne Stadium,Mumbai,0.0,2010,3,0,1,1,1,0,269,0,282,0,19,310,18,6,9,10,20,366,0.0,31,31
419122,2010-03-22,Mumbai Indians,Kolkata Knight Riders,SR Tendulkar,Kolkata Knight Riders,bat,Brabourne Stadium,Mumbai,0.0,2010,3,0,1,0,1,0,282,0,268,0,19,310,18,6,9,10,20,366,0.0,31,31
419123,2010-03-23,Royal Challengers Bangalore,Chennai Super Kings,RV Uthappa,Chennai Super Kings,field,M Chinnaswamy Stadium,Bangalore,0.0,2010,3,1,1,0,0,1,240,0,257,0,19,306,25,12,16,10,129,129,0.0,35,35
419123,2010-03-23,Chennai Super Kings,Royal Challengers Bangalore,RV Uthappa,Chennai Super Kings,field,M Chinnaswamy Stadium,Bangalore,0.0,2010,3,1,1,1,0,1,256,0,239,0,19,306,25,12,16,10,129,129,0.0,35,35
419124,2010-03-24,Rajasthan Royals,Kings XI Punjab,AC Voges,Kings XI Punjab,field,"Punjab Cricket Association Stadium, Mohali",Chandigarh,0.0,2010,3,2,1,0,0,1,239,0,190,0,19,334,15,15,17,12,70,122,0.0,34,34
419124,2010-03-24,Kings XI Punjab,Rajasthan Royals,AC Voges,Kings XI Punjab,field,"Punjab Cricket Association Stadium, Mohali",Chandigarh,0.0,2010,3,2,1,1,0,1,190,0,240,0,19,334,15,15,17,12,70,122,0.0,34,34
419125,2010-03-25,Chennai Super Kings,Mumbai Indians,SR Tendulkar,Mumbai Indians,field,"Brabourne Stadium, Mumbai",Mumbai,0.0,2010,3,3,1,0,0,1,256,0,282,0,19,361,28,7,11,11,34,366,0.0,36,32
419125,2010-03-25,Mumbai Indians,Chennai Super Kings,SR Tendulkar,Mumbai Indians,field,"Brabourne Stadium, Mumbai",Mumbai,0.0,2010,3,3,1,1,0,1,282,0,257,0,19,361,28,7,11,11,34,366,0.0,32,36
419128,2010-03-25,Delhi Daredevils,Royal Challengers Bangalore,KM Jadhav,Royal Challengers Bangalore,field,M Chinnaswamy Stadium,Bangalore,0.0,2010,3,3,1,0,0,1,161,0,239,0,19,349,24,13,17,10,129,129,0.0,35,36
419128,2010-03-25,Royal Challengers Bangalore,Delhi Daredevils,KM Jadhav,Royal Challengers Bangalore,field,M Chinnaswamy Stadium,Bangalore,0.0,2010,3,3,1,1,0,1,240,0,160,0,19,349,24,13,17,10,129,129,0.0,36,35
419126,2010-03-26,Deccan Chargers,Rajasthan Royals,YK Pathan,Deccan Chargers,bat,"Sardar Patel Stadium, Motera",Ahmedabad,0.0,2010,3,4,1,1,1,0,75,0,240,0,19,299,22,11,14,13,24,92,0.0,35,35
419126,2010-03-26,Rajasthan Royals,Deccan Chargers,YK Pathan,Deccan Chargers,bat,"Sardar Patel Stadium, Motera",Ahmedabad,0.0,2010,3,4,1,0,1,0,239,0,75,0,19,299,22,11,14,13,24,92,0.0,35,35
419127,2010-03-27,Kolkata Knight Riders,Kings XI Punjab,MK Tiwary,Kolkata Knight Riders,bat,"Punjab Cricket Association Stadium, Mohali",Chandigarh,0.0,2010,3,5,1,1,1,0,269,0,190,0,19,326,23,11,14,13,70,122,0.0,32,35
419127,2010-03-27,Kings XI Punjab,Kolkata Knight Riders,MK Tiwary,Kolkata Knight Riders,bat,"Punjab Cricket Association Stadium, Mohali",Chandigarh,0.0,2010,3,5,1,0,1,0,190,0,268,0,19,326,23,11,14,13,70,122,0.0,35,32
419129,2010-03-28,Rajasthan Royals,Chennai Super Kings,NV Ojha,Rajasthan Royals,bat,"Sardar Patel Stadium, Motera",Ahmedabad,0.0,2010,3,6,1,1,1,0,239,0,257,0,19,336,8,14,17,12,24,92,0.0,36,37
419129,2010-03-28,Chennai Super Kings,Rajasthan Royals,NV Ojha,Rajasthan Royals,bat,"Sardar Patel Stadium, Motera",Ahmedabad,0.0,2010,3,6,1,0,1,0,256,0,240,0,19,336,8,14,17,12,24,92,0.0,37,36
419130,2010-03-28,Mumbai Indians,Deccan Chargers,Harbhajan Singh,Deccan Chargers,field,Dr DY Patil Sports Academy,Mumbai,0.0,2010,3,6,1,0,0,1,282,0,75,0,19,302,20,17,19,12,34,366,0.0,33,36
419130,2010-03-28,Deccan Chargers,Mumbai Indians,Harbhajan Singh,Deccan Chargers,field,Dr DY Patil Sports Academy,Mumbai,0.0,2010,3,6,1,1,0,1,75,0,282,0,19,302,20,17,19,12,34,366,0.0,36,33
419131,2010-03-29,Delhi Daredevils,Kolkata Knight Riders,DA Warner,Delhi Daredevils,bat,Feroz Shah Kotla,Delhi,0.0,2010,3,0,1,1,1,0,161,0,268,0,19,314,15,13,16,13,119,197,0.0,36,33
419131,2010-03-29,Kolkata Knight Riders,Delhi Daredevils,DA Warner,Delhi Daredevils,bat,Feroz Shah Kotla,Delhi,0.0,2010,3,0,1,0,1,0,269,0,160,0,19,314,15,13,16,13,119,197,0.0,33,36
419132,2010-03-30,Kings XI Punjab,Mumbai Indians,SL Malinga,Mumbai Indians,field,Brabourne Stadium,Mumbai,0.0,2010,3,1,1,0,0,1,190,0,282,0,19,325,36,16,19,13,20,366,0.0,36,34
419132,2010-03-30,Mumbai Indians,Kings XI Punjab,SL Malinga,Mumbai Indians,field,Brabourne Stadium,Mumbai,0.0,2010,3,1,1,1,0,1,282,0,190,0,19,325,36,16,19,13,20,366,0.0,34,36
419133,2010-03-31,Royal Challengers Bangalore,Chennai Super Kings,M Vijay,Royal Challengers Bangalore,bat,"MA Chidambaram Stadium, Chepauk",Chennai,0.0,2010,3,2,1,1,1,0,240,0,257,0,19,322,14,9,12,12,96,188,0.0,37,38
419133,2010-03-31,Chennai Super Kings,Royal Challengers Bangalore,M Vijay,Royal Challengers Bangalore,bat,"MA Chidambaram Stadium, Chepauk",Chennai,0.0,2010,3,2,1,0,1,0,256,0,239,0,19,322,14,9,12,12,96,188,0.0,38,37
419134,2010-03-31,Delhi Daredevils,Rajasthan Royals,KD Karthik,Delhi Daredevils,bat,Feroz Shah Kotla,Delhi,0.0,2010,3,2,1,1,1,0,161,0,240,0,19,309,16,16,18,13,119,197,0.0,37,37
419134,2010-03-31,Rajasthan Royals,Delhi Daredevils,KD Karthik,Delhi Daredevils,bat,Feroz Shah Kotla,Delhi,0.0,2010,3,2,1,0,1,0,239,0,160,0,19,309,16,16,18,13,119,197,0.0,37,37
419135,2010-04-01,Kolkata Knight Riders,Deccan Chargers,SC Ganguly,Kolkata Knight Riders,bat,Eden Gardens,Kolkata,0.0,2010,4,3,2,1,1,0,269,0,75,0,19,338,21,11,14,13,154,205,0.0,34,37
419135,2010-04-01,Deccan Chargers,Kolkata Knight Riders,SC Ganguly,Kolkata Knight Riders,bat,Eden Gardens,Kolkata,0.0,2010,4,3,2,0,1,0,75,0,268,0,19,338,21,11,14,13,154,205,0.0,37,34
419136,2010-04-02,Kings XI Punjab,Royal Challengers Bangalore,KP Pietersen,Kings XI Punjab,bat,"Punjab Cricket Association Stadium, Mohali",Chandigarh,0.0,2010,4,4,2,1,1,0,190,0,239,0,19,365,21,9,13,13,70,122,0.0,37,38
419136,2010-04-02,Royal Challengers Bangalore,Kings XI Punjab,KP Pietersen,Kings XI Punjab,bat,"Punjab Cricket Association Stadium, Mohali",Chandigarh,0.0,2010,4,4,2,0,1,0,240,0,190,0,19,365,21,9,13,13,70,122,0.0,38,37
419137,2010-04-03,Chennai Super Kings,Rajasthan Royals,M Vijay,Chennai Super Kings,bat,"MA Chidambaram Stadium, Chepauk",Chennai,0.0,2010,4,5,2,1,1,0,256,0,240,0,19,468,20,10,13,13,96,188,0.0,39,38
419137,2010-04-03,Rajasthan Royals,Chennai Super Kings,M Vijay,Chennai Super Kings,bat,"MA Chidambaram Stadium, Chepauk",Chennai,0.0,2010,4,5,2,0,1,0,239,0,257,0,19,468,20,10,13,13,96,188,0.0,38,39
419138,2010-04-03,Mumbai Indians,Deccan Chargers,AT Rayudu,Mumbai Indians,bat,Brabourne Stadium,Mumbai,0.0,2010,4,5,2,1,1,0,282,0,75,0,19,293,14,15,17,12,20,366,0.0,35,38
419138,2010-04-03,Deccan Chargers,Mumbai Indians,AT Rayudu,Mumbai Indians,bat,Brabourne Stadium,Mumbai,0.0,2010,4,5,2,0,1,0,75,0,282,0,19,293,14,15,17,12,20,366,0.0,38,35
419139,2010-04-04,Kolkata Knight Riders,Kings XI Punjab,DPMD Jayawardene,Kolkata Knight Riders,bat,Eden Gardens,Kolkata,0.0,2010,4,6,2,1,1,0,269,0,190,0,19,403,17,5,9,13,154,205,0.0,35,38
419139,2010-04-04,Kings XI Punjab,Kolkata Knight Riders,DPMD Jayawardene,Kolkata Knight Riders,bat,Eden Gardens,Kolkata,0.0,2010,4,6,2,0,1,0,190,0,268,0,19,403,17,5,9,13,154,205,0.0,38,35
419140,2010-04-04,Delhi Daredevils,Royal Challengers Bangalore,PD Collingwood,Delhi Daredevils,bat,Feroz Shah Kotla,Delhi,0.0,2010,4,6,2,1,1,0,161,0,239,0,19,331,10,14,18,12,119,197,0.0,38,39
419140,2010-04-04,Royal Challengers Bangalore,Delhi Daredevils,PD Collingwood,Delhi Daredevils,bat,Feroz Shah Kotla,Delhi,0.0,2010,4,6,2,0,1,0,240,0,160,0,19,331,10,14,18,12,119,197,0.0,39,38
419141,2010-04-05,Rajasthan Royals,Deccan Chargers,SK Warne,Rajasthan Royals,bat,"Vidarbha Cricket Association Stadium, Jamtha",Nagpur,0.0,2010,4,0,2,1,1,0,239,0,75,0,19,314,20,20,20,12,6,6,0.0,39,39
419141,2010-04-05,Deccan Chargers,Rajasthan Royals,SK Warne,Rajasthan Royals,bat,"Vidarbha Cricket Association Stadium, Jamtha",Nagpur,0.0,2010,4,0,2,0,1,0,75,0,240,0,19,314,20,20,20,12,6,6,0.0,39,39
419142,2010-04-06,Chennai Super Kings,Mumbai Indians,SK Raina,Chennai Super Kings,bat,"MA Chidambaram Stadium, Chepauk",Chennai,0.0,2010,4,1,2,1,1,0,256,0,282,0,19,305,31,13,16,13,96,188,0.0,40,36
419142,2010-04-06,Mumbai Indians,Chennai Super Kings,SK Raina,Chennai Super Kings,bat,"MA Chidambaram Stadium, Chepauk",Chennai,0.0,2010,4,1,2,0,1,0,282,0,257,0,19,305,31,13,16,13,96,188,0.0,36,40
419143,2010-04-07,Kings XI Punjab,Rajasthan Royals,MJ Lumb,Kings XI Punjab,bat,Sawai Mansingh Stadium,Jaipur,0.0,2010,4,2,2,1,1,0,190,0,240,0,19,309,17,7,11,13,94,128,0.0,39,40
419143,2010-04-07,Rajasthan Royals,Kings XI Punjab,MJ Lumb,Kings XI Punjab,bat,Sawai Mansingh Stadium,Jaipur,0.0,2010,4,2,2,0,1,0,239,0,190,0,19,309,17,7,11,13,94,128,0.0,40,39
419144,2010-04-07,Kolkata Knight Riders,Delhi Daredevils,SC Ganguly,Kolkata Knight Riders,bat,Eden Gardens,Kolkata,0.0,2010,4,2,2,1,1,0,269,0,160,0,19,348,16,11,15,12,154,205,0.0,36,39
419144,2010-04-07,Delhi Daredevils,Kolkata Knight Riders,SC Ganguly,Kolkata Knight Riders,bat,Eden Gardens,Kolkata,0.0,2010,4,2,2,0,1,0,161,0,268,0,19,348,16,11,15,12,154,205,0.0,39,36
419145,2010-04-08,Royal Challengers Bangalore,Deccan Chargers,TL Suman,Deccan Chargers,field,M Chinnaswamy Stadium,Bangalore,0.0,2010,4,3,2,0,0,1,240,0,75,0,19,370,23,9,12,11,129,129,0.0,40,40
419145,2010-04-08,Deccan Chargers,Royal Challengers Bangalore,TL Suman,Deccan Chargers,field,M Chinnaswamy Stadium,Bangalore,0.0,2010,4,3,2,1,0,1,75,0,239,0,19,370,23,9,12,11,129,129,0.0,40,40
419146,2010-04-09,Mumbai Indians,Kings XI Punjab,KC Sangakkara,Mumbai Indians,bat,"Punjab Cricket Association Stadium, Mohali",Chandigarh,0.0,2010,4,4,2,1,1,0,282,0,190,0,19,312,8,13,16,13,70,122,0.0,37,40
419146,2010-04-09,Kings XI Punjab,Mumbai Indians,KC Sangakkara,Mumbai Indians,bat,"Punjab Cricket Association Stadium, Mohali",Chandigarh,0.0,2010,4,4,2,0,1,0,190,0,282,0,19,312,8,13,16,13,70,122,0.0,40,37
419147,2010-04-10,Chennai Super Kings,Deccan Chargers,RJ Harris,Chennai Super Kings,bat,"Vidarbha Cricket Association Stadium, Jamtha",Nagpur,0.0,2010,4,5,2,1,1,0,256,0,75,0,19,277,16,12,15,13,6,6,0.0,41,41
419147,2010-04-10,Deccan Chargers,Chennai Super Kings,RJ Harris,Chennai Super Kings,bat,"Vidarbha Cricket Association Stadium, Jamtha",Nagpur,0.0,2010,4,5,2,0,1,0,75,0,257,0,19,277,16,12,15,13,6,6,0.0,41,41
419148,2010-04-10,Kolkata Knight Riders,Royal Challengers Bangalore,R Vinay Kumar,Royal Challengers Bangalore,field,M Chinnaswamy Stadium,Bangalore,0.0,2010,4,5,2,0,0,1,269,0,239,0,19,322,22,12,16,11,129,129,0.0,37,41
419148,2010-04-10,Royal Challengers Bangalore,Kolkata Knight Riders,R Vinay Kumar,Royal Challengers Bangalore,field,M Chinnaswamy Stadium,Bangalore,0.0,2010,4,5,2,1,0,1,240,0,268,0,19,322,22,12,16,11,129,129,0.0,41,37
419149,2010-04-11,Delhi Daredevils,Kings XI Punjab,PP Chawla,Delhi Daredevils,bat,Feroz Shah Kotla,Delhi,0.0,2010,4,6,2,1,1,0,161,0,190,0,19,223,24,13,16,13,119,197,0.0,40,41
419149,2010-04-11,Kings XI Punjab,Delhi Daredevils,PP Chawla,Delhi Daredevils,bat,Feroz Shah Kotla,Delhi,0.0,2010,4,6,2,0,1,0,190,0,160,0,19,223,24,13,16,13,119,197,0.0,41,40
419150,2010-04-11,Mumbai Indians,Rajasthan Royals,SR Tendulkar,Rajasthan Royals,field,Sawai Mansingh Stadium,Jaipur,0.0,2010,4,6,2,0,0,1,282,0,240,0,19,310,19,13,16,12,94,128,0.0,38,41
419150,2010-04-11,Rajasthan Royals,Mumbai Indians,SR Tendulkar,Rajasthan Royals,field,Sawai Mansingh Stadium,Jaipur,0.0,2010,4,6,2,1,0,1,239,0,282,0,19,310,19,13,16,12,94,128,0.0,41,38
419151,2010-04-12,Deccan Chargers,Royal Challengers Bangalore,Harmeet Singh,Royal Challengers Bangalore,field,"Vidarbha Cricket Association Stadium, Jamtha",Nagpur,0.0,2010,4,0,2,0,0,1,75,0,239,0,19,288,21,16,19,11,6,6,0.0,42,42
419151,2010-04-12,Royal Challengers Bangalore,Deccan Chargers,Harmeet Singh,Royal Challengers Bangalore,field,"Vidarbha Cricket Association Stadium, Jamtha",Nagpur,0.0,2010,4,0,2,1,0,1,240,0,75,0,19,288,21,16,19,11,6,6,0.0,42,42
419152,2010-04-13,Mumbai Indians,Delhi Daredevils,KA Pollard,Mumbai Indians,bat,Brabourne Stadium,Mumbai,0.0,2010,4,1,2,1,1,0,282,0,160,0,19,327,18,11,15,12,20,366,0.0,39,41
419152,2010-04-13,Delhi Daredevils,Mumbai Indians,KA Pollard,Mumbai Indians,bat,Brabourne Stadium,Mumbai,0.0,2010,4,1,2,0,1,0,161,0,282,0,19,327,18,11,15,12,20,366,0.0,41,39
419153,2010-04-13,Kolkata Knight Riders,Chennai Super Kings,R Ashwin,Kolkata Knight Riders,bat,"MA Chidambaram Stadium, Chepauk",Chennai,0.0,2010,4,1,2,1,1,0,269,0,257,0,19,282,35,9,13,13,96,188,0.0,38,42
419153,2010-04-13,Chennai Super Kings,Kolkata Knight Riders,R Ashwin,Kolkata Knight Riders,bat,"MA Chidambaram Stadium, Chepauk",Chennai,0.0,2010,4,1,2,0,1,0,256,0,268,0,19,282,35,9,13,13,96,188,0.0,42,38
419154,2010-04-14,Rajasthan Royals,Royal Challengers Bangalore,KP Pietersen,Rajasthan Royals,bat,Sawai Mansingh Stadium,Jaipur,0.0,2010,4,2,2,1,1,0,239,0,239,0,19,262,9,11,15,10,94,128,0.0,42,43
419154,2010-04-14,Royal Challengers Bangalore,Rajasthan Royals,KP Pietersen,Rajasthan Royals,bat,Sawai Mansingh Stadium,Jaipur,0.0,2010,4,2,2,0,1,0,240,0,240,0,19,262,9,11,15,10,94,128,0.0,43,42
419155,2010-04-15,Chennai Super Kings,Delhi Daredevils,G Gambhir,Chennai Super Kings,bat,"MA Chidambaram Stadium, Chepauk",Chennai,0.0,2010,4,3,2,1,1,0,256,0,160,0,19,225,21,13,16,12,96,188,0.0,43,42
419155,2010-04-15,Delhi Daredevils,Chennai Super Kings,G Gambhir,Chennai Super Kings,bat,"MA Chidambaram Stadium, Chepauk",Chennai,0.0,2010,4,3,2,0,1,0,161,0,257,0,19,225,21,13,16,12,96,188,0.0,42,43
419156,2010-04-16,Kings XI Punjab,Deccan Chargers,RG Sharma,Deccan Chargers,field,Himachal Pradesh Cricket Association Stadium,Dharamsala,0.0,2010,4,4,2,0,0,1,190,0,75,0,19,351,20,8,12,13,18,29,0.0,42,43
419156,2010-04-16,Deccan Chargers,Kings XI Punjab,RG Sharma,Deccan Chargers,field,Himachal Pradesh Cricket Association Stadium,Dharamsala,0.0,2010,4,4,2,1,0,1,75,0,190,0,19,351,20,8,12,13,18,29,0.0,43,42
419157,2010-04-17,Mumbai Indians,Royal Challengers Bangalore,R McLaren,Royal Challengers Bangalore,field,M Chinnaswamy Stadium,Bangalore,0.0,2010,4,5,2,0,0,1,282,0,239,0,19,325,20,13,17,11,129,129,0.0,40,44
419157,2010-04-17,Royal Challengers Bangalore,Mumbai Indians,R McLaren,Royal Challengers Bangalore,field,M Chinnaswamy Stadium,Bangalore,0.0,2010,4,5,2,1,0,1,240,0,282,0,19,325,20,13,17,11,129,129,0.0,44,40
419158,2010-04-17,Rajasthan Royals,Kolkata Knight Riders,JD Unadkat,Rajasthan Royals,bat,Eden Gardens,Kolkata,0.0,2010,4,5,2,1,1,0,239,0,268,0,19,264,9,11,14,13,154,205,0.0,43,39
419158,2010-04-17,Kolkata Knight Riders,Rajasthan Royals,JD Unadkat,Rajasthan Royals,bat,Eden Gardens,Kolkata,0.0,2010,4,5,2,0,1,0,269,0,240,0,19,264,9,11,14,13,154,205,0.0,39,43
419159,2010-04-18,Kings XI Punjab,Chennai Super Kings,MS Dhoni,Chennai Super Kings,field,Himachal Pradesh Cricket Association Stadium,Dharamsala,0.0,2010,4,6,2,0,0,1,190,0,257,0,19,387,15,7,11,13,18,29,0.0,43,44
419159,2010-04-18,Chennai Super Kings,Kings XI Punjab,MS Dhoni,Chennai Super Kings,field,Himachal Pradesh Cricket Association Stadium,Dharamsala,0.0,2010,4,6,2,1,0,1,256,0,190,0,19,387,15,7,11,13,18,29,0.0,44,43
419160,2010-04-18,Deccan Chargers,Delhi Daredevils,A Symonds,Deccan Chargers,bat,Feroz Shah Kotla,Delhi,0.0,2010,4,6,2,1,1,0,75,0,160,0,19,279,8,14,18,12,119,197,0.0,44,43
419160,2010-04-18,Delhi Daredevils,Deccan Chargers,A Symonds,Deccan Chargers,bat,Feroz Shah Kotla,Delhi,0.0,2010,4,6,2,0,1,0,161,0,75,0,19,279,8,14,18,12,119,197,0.0,43,44
419161,2010-04-19,Mumbai Indians,Kolkata Knight Riders,M Kartik,Mumbai Indians,bat,Eden Gardens,Kolkata,0.0,2010,4,0,2,1,1,0,282,0,268,0,19,268,22,9,12,14,154,205,0.0,41,40
419161,2010-04-19,Kolkata Knight Riders,Mumbai Indians,M Kartik,Mumbai Indians,bat,Eden Gardens,Kolkata,0.0,2010,4,0,2,0,1,0,269,0,282,0,19,268,22,9,12,14,154,205,0.0,40,41
419162,2010-04-21,Mumbai Indians,Royal Challengers Bangalore,KA Pollard,Mumbai Indians,bat,Dr DY Patil Sports Academy,Mumbai,0.0,2010,4,2,2,1,1,0,282,0,239,0,19,332,22,14,18,12,34,366,0.0,42,45
419162,2010-04-21,Royal Challengers Bangalore,Mumbai Indians,KA Pollard,Mumbai Indians,bat,Dr DY Patil Sports Academy,Mumbai,0.0,2010,4,2,2,0,1,0,240,0,282,0,19,332,22,14,18,12,34,366,0.0,45,42
419163,2010-04-22,Chennai Super Kings,Deccan Chargers,DE Bollinger,Chennai Super Kings,bat,Dr DY Patil Sports Academy,Mumbai,0.0,2010,4,3,2,1,1,0,256,0,75,0,19,246,24,17,19,11,34,366,0.0,45,45
419163,2010-04-22,Deccan Chargers,Chennai Super Kings,DE Bollinger,Chennai Super Kings,bat,Dr DY Patil Sports Academy,Mumbai,0.0,2010,4,3,2,0,1,0,75,0,257,0,19,246,24,17,19,11,34,366,0.0,45,45
419164,2010-04-24,Deccan Chargers,Royal Challengers Bangalore,A Kumble,Deccan Chargers,bat,Dr DY Patil Sports Academy,Mumbai,0.0,2010,4,5,2,1,1,0,75,0,239,0,18,168,7,11,13,12,34,366,0.0,46,46
419164,2010-04-24,Royal Challengers Bangalore,Deccan Chargers,A Kumble,Deccan Chargers,bat,Dr DY Patil Sports Academy,Mumbai,0.0,2010,4,5,2,0,1,0,240,0,75,0,18,168,7,11,13,12,34,366,0.0,46,46
419165,2010-04-25,Chennai Super Kings,Mumbai Indians,SK Raina,Chennai Super Kings,bat,Dr DY Patil Sports Academy,Mumbai,0.0,2010,4,6,2,1,1,0,256,0,282,0,19,312,21,14,18,11,34,366,0.0,46,43
419165,2010-04-25,Mumbai Indians,Chennai Super Kings,SK Raina,Chennai Super Kings,bat,Dr DY Patil Sports Academy,Mumbai,0.0,2010,4,6,2,0,1,0,282,0,257,0,19,312,21,14,18,11,34,366,0.0,43,46
501198,2011-04-08,Chennai Super Kings,Kolkata Knight Riders,S Anirudha,Chennai Super Kings,bat,"MA Chidambaram Stadium, Chepauk",Chennai,2011.0,2011,4,4,2,1,1,0,256,0,268,0,19,304,11,11,15,12,96,188,145.0,47,41
501198,2011-04-08,Kolkata Knight Riders,Chennai Super Kings,S Anirudha,Chennai Super Kings,bat,"MA Chidambaram Stadium, Chepauk",Chennai,2011.0,2011,4,4,2,0,1,0,269,0,257,0,19,304,11,11,15,12,96,188,145.0,41,47
501199,2011-04-09,Deccan Chargers,Rajasthan Royals,SK Trivedi,Rajasthan Royals,field,"Rajiv Gandhi International Stadium, Uppal",Hyderabad,2011.0,2011,4,5,2,0,0,1,75,0,240,0,19,277,8,10,14,12,98,169,145.0,47,44
501199,2011-04-09,Rajasthan Royals,Deccan Chargers,SK Trivedi,Rajasthan Royals,field,"Rajiv Gandhi International Stadium, Uppal",Hyderabad,2011.0,2011,4,5,2,1,0,1,239,0,75,0,19,277,8,10,14,12,98,169,145.0,44,47
501200,2011-04-09,Kochi Tuskers Kerala,Royal Challengers Bangalore,AB de Villiers,Kochi Tuskers Kerala,bat,Nehru Stadium,Kochi,2011.0,2011,4,5,2,1,1,0,14,0,239,0,19,323,24,9,13,13,10,10,145.0,1,47
501200,2011-04-09,Royal Challengers Bangalore,Kochi Tuskers Kerala,AB de Villiers,Kochi Tuskers Kerala,bat,Nehru Stadium,Kochi,2011.0,2011,4,5,2,0,1,0,240,0,14,0,19,323,24,9,13,13,10,10,145.0,47,1
501201,2011-04-10,Delhi Daredevils,Mumbai Indians,SL Malinga,Delhi Daredevils,bat,Feroz Shah Kotla,Delhi,2011.0,2011,4,6,2,1,1,0,161,0,282,0,17,194,15,12,15,12,119,197,145.0,44,44
501201,2011-04-10,Mumbai Indians,Delhi Daredevils,SL Malinga,Delhi Daredevils,bat,Feroz Shah Kotla,Delhi,2011.0,2011,4,6,2,0,1,0,282,0,160,0,17,194,15,12,15,12,119,197,145.0,44,44
501202,2011-04-10,Kings XI Punjab,Pune Warriors,SB Wagh,Kings XI Punjab,bat,Dr DY Patil Sports Academy,Mumbai,2011.0,2011,4,6,2,1,1,0,190,0,46,0,19,225,14,11,15,12,34,366,145.0,44,1
501202,2011-04-10,Pune Warriors,Kings XI Punjab,SB Wagh,Kings XI Punjab,bat,Dr DY Patil Sports Academy,Mumbai,2011.0,2011,4,6,2,0,1,0,45,0,190,0,19,225,14,11,15,12,34,366,145.0,1,44
501203,2011-04-11,Kolkata Knight Riders,Deccan Chargers,JH Kallis,Kolkata Knight Riders,bat,Eden Gardens,Kolkata,2011.0,2011,4,0,2,1,1,0,269,0,75,0,19,317,19,12,15,13,154,205,145.0,42,48
501203,2011-04-11,Deccan Chargers,Kolkata Knight Riders,JH Kallis,Kolkata Knight Riders,bat,Eden Gardens,Kolkata,2011.0,2011,4,0,2,0,1,0,75,0,268,0,19,317,19,12,15,13,154,205,145.0,48,42
501204,2011-04-12,Delhi Daredevils,Rajasthan Royals,SK Warne,Delhi Daredevils,bat,Sawai Mansingh Stadium,Jaipur,2011.0,2011,4,1,2,1,1,0,161,0,240,0,19,302,20,10,14,10,94,128,145.0,45,45
501204,2011-04-12,Rajasthan Royals,Delhi Daredevils,SK Warne,Delhi Daredevils,bat,Sawai Mansingh Stadium,Jaipur,2011.0,2011,4,1,2,0,1,0,239,0,160,0,19,302,20,10,14,10,94,128,145.0,45,45
501205,2011-04-12,Royal Challengers Bangalore,Mumbai Indians,SR Tendulkar,Mumbai Indians,field,M Chinnaswamy Stadium,Bangalore,2011.0,2011,4,1,2,0,0,1,240,0,282,0,19,282,17,5,9,13,129,129,145.0,48,45
501205,2011-04-12,Mumbai Indians,Royal Challengers Bangalore,SR Tendulkar,Mumbai Indians,field,M Chinnaswamy Stadium,Bangalore,2011.0,2011,4,1,2,1,0,1,282,0,239,0,19,282,17,5,9,13,129,129,145.0,45,48
501206,2011-04-13,Chennai Super Kings,Kings XI Punjab,PC Valthaty,Kings XI Punjab,field,"Punjab Cricket Association Stadium, Mohali",Chandigarh,2011.0,2011,4,2,2,0,0,1,256,0,190,0,19,381,6,8,11,13,70,122,145.0,48,45
501206,2011-04-13,Kings XI Punjab,Chennai Super Kings,PC Valthaty,Kings XI Punjab,field,"Punjab Cricket Association Stadium, Mohali",Chandigarh,2011.0,2011,4,2,2,1,0,1,190,0,257,0,19,381,6,8,11,13,70,122,145.0,45,48
501207,2011-04-13,Kochi Tuskers Kerala,Pune Warriors,MD Mishra,Kochi Tuskers Kerala,bat,Dr DY Patil Sports Academy,Mumbai,2011.0,2011,4,2,2,1,1,0,14,0,46,0,19,298,21,14,18,13,34,366,145.0,2,2
501207,2011-04-13,Pune Warriors,Kochi Tuskers Kerala,MD Mishra,Kochi Tuskers Kerala,bat,Dr DY Patil Sports Academy,Mumbai,2011.0,2011,4,2,2,0,1,0,45,0,14,0,19,298,21,14,18,13,34,366,145.0,2,2
501208,2011-04-14,Deccan Chargers,Royal Challengers Bangalore,DW Steyn,Royal Challengers Bangalore,field,"Rajiv Gandhi International Stadium, Uppal",Hyderabad,2011.0,2011,4,3,2,0,0,1,75,0,239,0,19,315,13,14,17,11,98,169,145.0,49,49
501208,2011-04-14,Royal Challengers Bangalore,Deccan Chargers,DW Steyn,Royal Challengers Bangalore,field,"Rajiv Gandhi International Stadium, Uppal",Hyderabad,2011.0,2011,4,3,2,1,0,1,240,0,75,0,19,315,13,14,17,11,98,169,145.0,49,49
501209,2011-04-15,Rajasthan Royals,Kolkata Knight Riders,G Gambhir,Kolkata Knight Riders,field,Sawai Mansingh Stadium,Jaipur,2011.0,2011,4,4,2,0,0,1,239,0,268,0,19,317,21,5,9,14,94,128,145.0,46,43
501209,2011-04-15,Kolkata Knight Riders,Rajasthan Royals,G Gambhir,Kolkata Knight Riders,field,Sawai Mansingh Stadium,Jaipur,2011.0,2011,4,4,2,1,0,1,269,0,240,0,19,317,21,5,9,14,94,128,145.0,43,46
501210,2011-04-15,Mumbai Indians,Kochi Tuskers Kerala,BB McCullum,Kochi Tuskers Kerala,field,Wankhede Stadium,Mumbai,2011.0,2011,4,4,2,0,0,1,282,0,14,0,19,364,26,4,7,12,146,366,145.0,46,3
501210,2011-04-15,Kochi Tuskers Kerala,Mumbai Indians,BB McCullum,Kochi Tuskers Kerala,field,Wankhede Stadium,Mumbai,2011.0,2011,4,4,2,1,0,1,14,0,282,0,19,364,26,4,7,12,146,366,145.0,3,46
501211,2011-04-16,Chennai Super Kings,Royal Challengers Bangalore,MEK Hussey,Chennai Super Kings,bat,"MA Chidambaram Stadium, Chepauk",Chennai,2011.0,2011,4,5,2,1,1,0,256,0,239,0,19,345,13,12,15,12,96,188,145.0,49,50
501211,2011-04-16,Royal Challengers Bangalore,Chennai Super Kings,MEK Hussey,Chennai Super Kings,bat,"MA Chidambaram Stadium, Chepauk",Chennai,2011.0,2011,4,5,2,0,1,0,240,0,257,0,19,345,13,12,15,12,96,188,145.0,50,49
501212,2011-04-16,Deccan Chargers,Kings XI Punjab,PC Valthaty,Kings XI Punjab,field,"Rajiv Gandhi International Stadium, Uppal",Hyderabad,2011.0,2011,4,5,2,0,0,1,75,0,190,0,19,331,19,10,14,13,98,169,145.0,50,46
501212,2011-04-16,Kings XI Punjab,Deccan Chargers,PC Valthaty,Kings XI Punjab,field,"Rajiv Gandhi International Stadium, Uppal",Hyderabad,2011.0,2011,4,5,2,1,0,1,190,0,75,0,19,331,19,10,14,13,98,169,145.0,46,50
501213,2011-04-17,Pune Warriors,Delhi Daredevils,Yuvraj Singh,Delhi Daredevils,field,Dr DY Patil Sports Academy,Mumbai,2011.0,2011,4,6,2,0,0,1,45,0,160,0,19,377,18,12,15,13,34,366,145.0,3,46
501213,2011-04-17,Delhi Daredevils,Pune Warriors,Yuvraj Singh,Delhi Daredevils,field,Dr DY Patil Sports Academy,Mumbai,2011.0,2011,4,6,2,1,0,1,161,0,46,0,19,377,18,12,15,13,34,366,145.0,46,3
501214,2011-04-17,Rajasthan Royals,Kolkata Knight Riders,L Balaji,Kolkata Knight Riders,field,Eden Gardens,Kolkata,2011.0,2011,4,6,2,0,0,1,239,0,268,0,15,163,13,12,15,11,154,205,145.0,47,44
501214,2011-04-17,Kolkata Knight Riders,Rajasthan Royals,L Balaji,Kolkata Knight Riders,field,Eden Gardens,Kolkata,2011.0,2011,4,6,2,1,0,1,269,0,240,0,15,163,13,12,15,11,154,205,145.0,44,47
501215,2011-04-18,Chennai Super Kings,Kochi Tuskers Kerala,BB McCullum,Kochi Tuskers Kerala,field,Nehru Stadium,Kochi,2011.0,2011,4,0,2,0,0,1,256,0,14,0,16,266,6,7,11,11,10,10,145.0,50,4
501215,2011-04-18,Kochi Tuskers Kerala,Chennai Super Kings,BB McCullum,Kochi Tuskers Kerala,field,Nehru Stadium,Kochi,2011.0,2011,4,0,2,1,0,1,14,0,257,0,16,266,6,7,11,11,10,10,145.0,4,50
501216,2011-04-19,Deccan Chargers,Delhi Daredevils,S Sohal,Deccan Chargers,bat,Feroz Shah Kotla,Delhi,2011.0,2011,4,1,2,1,1,0,75,0,160,0,19,319,17,11,15,12,119,197,145.0,51,47
501216,2011-04-19,Delhi Daredevils,Deccan Chargers,S Sohal,Deccan Chargers,bat,Feroz Shah Kotla,Delhi,2011.0,2011,4,1,2,0,1,0,161,0,75,0,19,319,17,11,15,12,119,197,145.0,47,51
501218,2011-04-20,Pune Warriors,Mumbai Indians,MM Patel,Pune Warriors,bat,Wankhede Stadium,Mumbai,2011.0,2011,4,2,2,1,1,0,45,0,282,0,19,242,22,13,16,13,146,366,145.0,4,47
501218,2011-04-20,Mumbai Indians,Pune Warriors,MM Patel,Pune Warriors,bat,Wankhede Stadium,Mumbai,2011.0,2011,4,2,2,0,1,0,282,0,46,0,19,242,22,13,16,13,146,366,145.0,47,4
501219,2011-04-20,Kochi Tuskers Kerala,Kolkata Knight Riders,DPMD Jayawardene,Kolkata Knight Riders,field,Eden Gardens,Kolkata,2011.0,2011,4,2,2,0,0,1,14,0,268,0,19,258,19,16,20,10,154,205,145.0,5,45
501219,2011-04-20,Kolkata Knight Riders,Kochi Tuskers Kerala,DPMD Jayawardene,Kolkata Knight Riders,field,Eden Gardens,Kolkata,2011.0,2011,4,2,2,1,0,1,269,0,14,0,19,258,19,16,20,10,154,205,145.0,45,5
501220,2011-04-21,Kings XI Punjab,Rajasthan Royals,SE Marsh,Rajasthan Royals,field,"Punjab Cricket Association Stadium, Mohali",Chandigarh,2011.0,2011,4,3,2,0,0,1,190,0,240,0,19,342,19,14,17,14,70,122,145.0,47,48
501220,2011-04-21,Rajasthan Royals,Kings XI Punjab,SE Marsh,Rajasthan Royals,field,"Punjab Cricket Association Stadium, Mohali",Chandigarh,2011.0,2011,4,3,2,1,0,1,239,0,190,0,19,342,19,14,17,14,70,122,145.0,48,47
501221,2011-04-22,Mumbai Indians,Chennai Super Kings,Harbhajan Singh,Chennai Super Kings,field,Wankhede Stadium,Mumbai,2011.0,2011,4,4,2,0,0,1,282,0,257,0,19,320,24,13,17,13,146,366,145.0,48,51
501221,2011-04-22,Chennai Super Kings,Mumbai Indians,Harbhajan Singh,Chennai Super Kings,field,Wankhede Stadium,Mumbai,2011.0,2011,4,4,2,1,0,1,256,0,282,0,19,320,24,13,17,13,146,366,145.0,51,48
501222,2011-04-22,Kolkata Knight Riders,Royal Challengers Bangalore,CH Gayle,Royal Challengers Bangalore,field,Eden Gardens,Kolkata,2011.0,2011,4,4,2,0,0,1,269,0,239,0,19,345,17,6,8,14,154,205,145.0,46,51
501222,2011-04-22,Royal Challengers Bangalore,Kolkata Knight Riders,CH Gayle,Royal Challengers Bangalore,field,Eden Gardens,Kolkata,2011.0,2011,4,4,2,1,0,1,240,0,268,0,19,345,17,6,8,14,154,205,145.0,51,46
501223,2011-04-23,Delhi Daredevils,Kings XI Punjab,DA Warner,Kings XI Punjab,field,Feroz Shah Kotla,Delhi,2011.0,2011,4,5,2,0,0,1,161,0,190,0,19,433,21,10,14,13,119,197,145.0,48,48
501223,2011-04-23,Kings XI Punjab,Delhi Daredevils,DA Warner,Kings XI Punjab,field,Feroz Shah Kotla,Delhi,2011.0,2011,4,5,2,1,0,1,190,0,160,0,19,433,21,10,14,13,119,197,145.0,48,48
501224,2011-04-24,Mumbai Indians,Deccan Chargers,SL Malinga,Deccan Chargers,field,"Rajiv Gandhi International Stadium, Uppal",Hyderabad,2011.0,2011,4,6,2,0,0,1,282,0,75,0,19,307,17,12,16,11,98,169,145.0,49,52
501224,2011-04-24,Deccan Chargers,Mumbai Indians,SL Malinga,Deccan Chargers,field,"Rajiv Gandhi International Stadium, Uppal",Hyderabad,2011.0,2011,4,6,2,1,0,1,75,0,282,0,19,307,17,12,16,11,98,169,145.0,52,49
501225,2011-04-24,Kochi Tuskers Kerala,Rajasthan Royals,SK Warne,Rajasthan Royals,field,Sawai Mansingh Stadium,Jaipur,2011.0,2011,4,6,2,0,0,1,14,0,240,0,19,220,11,12,15,11,94,128,145.0,6,49
501225,2011-04-24,Rajasthan Royals,Kochi Tuskers Kerala,SK Warne,Rajasthan Royals,field,Sawai Mansingh Stadium,Jaipur,2011.0,2011,4,6,2,1,0,1,239,0,14,0,19,220,11,12,15,11,94,128,145.0,49,6
501226,2011-04-25,Chennai Super Kings,Pune Warriors,MEK Hussey,Pune Warriors,field,"MA Chidambaram Stadium, Chepauk",Chennai,2011.0,2011,4,0,2,0,0,1,256,0,46,0,19,259,11,15,18,12,96,188,145.0,52,5
501226,2011-04-25,Pune Warriors,Chennai Super Kings,MEK Hussey,Pune Warriors,field,"MA Chidambaram Stadium, Chepauk",Chennai,2011.0,2011,4,0,2,1,0,1,45,0,257,0,19,259,11,15,18,12,96,188,145.0,5,52
501227,2011-04-26,Delhi Daredevils,Royal Challengers Bangalore,V Kohli,Royal Challengers Bangalore,field,Feroz Shah Kotla,Delhi,2011.0,2011,4,1,2,0,0,1,161,0,239,0,19,320,30,13,17,12,119,197,145.0,49,52
501227,2011-04-26,Royal Challengers Bangalore,Delhi Daredevils,V Kohli,Royal Challengers Bangalore,field,Feroz Shah Kotla,Delhi,2011.0,2011,4,1,2,1,0,1,240,0,160,0,19,320,30,13,17,12,119,197,145.0,52,49
501228,2011-04-27,Pune Warriors,Chennai Super Kings,DE Bollinger,Pune Warriors,bat,Dr DY Patil Sports Academy,Mumbai,2011.0,2011,4,2,2,1,1,0,45,0,257,0,19,285,12,8,12,13,34,366,145.0,6,53
501228,2011-04-27,Chennai Super Kings,Pune Warriors,DE Bollinger,Pune Warriors,bat,Dr DY Patil Sports Academy,Mumbai,2011.0,2011,4,2,2,0,1,0,256,0,46,0,19,285,12,8,12,13,34,366,145.0,53,6
501229,2011-04-27,Deccan Chargers,Kochi Tuskers Kerala,I Sharma,Kochi Tuskers Kerala,field,Nehru Stadium,Kochi,2011.0,2011,4,2,2,0,0,1,75,0,14,0,19,202,13,17,20,11,10,10,145.0,53,7
501229,2011-04-27,Kochi Tuskers Kerala,Deccan Chargers,I Sharma,Kochi Tuskers Kerala,field,Nehru Stadium,Kochi,2011.0,2011,4,2,2,1,0,1,14,0,75,0,19,202,13,17,20,11,10,10,145.0,7,53
501230,2011-04-28,Kolkata Knight Riders,Delhi Daredevils,MK Tiwary,Delhi Daredevils,field,Feroz Shah Kotla,Delhi,2011.0,2011,4,3,2,0,0,1,269,0,160,0,19,278,14,16,19,11,119,197,145.0,47,50
501230,2011-04-28,Delhi Daredevils,Kolkata Knight Riders,MK Tiwary,Delhi Daredevils,field,Feroz Shah Kotla,Delhi,2011.0,2011,4,3,2,1,0,1,161,0,268,0,19,278,14,16,19,11,119,197,145.0,50,47
501231,2011-04-29,Mumbai Indians,Rajasthan Royals,J Botha,Rajasthan Royals,field,Sawai Mansingh Stadium,Jaipur,2011.0,2011,4,4,2,0,0,1,282,0,240,0,19,188,8,11,15,12,94,128,145.0,50,50
501231,2011-04-29,Rajasthan Royals,Mumbai Indians,J Botha,Rajasthan Royals,field,Sawai Mansingh Stadium,Jaipur,2011.0,2011,4,4,2,1,0,1,239,0,282,0,19,188,8,11,15,12,94,128,145.0,50,50
501232,2011-04-29,Royal Challengers Bangalore,Pune Warriors,V Kohli,Pune Warriors,field,M Chinnaswamy Stadium,Bangalore,2011.0,2011,4,4,2,0,0,1,240,0,46,0,19,335,10,10,13,13,129,129,145.0,53,7
501232,2011-04-29,Pune Warriors,Royal Challengers Bangalore,V Kohli,Pune Warriors,field,M Chinnaswamy Stadium,Bangalore,2011.0,2011,4,4,2,1,0,1,45,0,239,0,19,335,10,10,13,13,129,129,145.0,7,53
501233,2011-04-30,Delhi Daredevils,Kochi Tuskers Kerala,V Sehwag,Delhi Daredevils,bat,Nehru Stadium,Kochi,2011.0,2011,4,5,2,1,1,0,161,0,14,0,19,275,23,17,19,11,10,10,145.0,51,8
501233,2011-04-30,Kochi Tuskers Kerala,Delhi Daredevils,V Sehwag,Delhi Daredevils,bat,Nehru Stadium,Kochi,2011.0,2011,4,5,2,0,1,0,14,0,160,0,19,275,23,17,19,11,10,10,145.0,8,51
501234,2011-04-30,Kings XI Punjab,Kolkata Knight Riders,Iqbal Abdulla,Kolkata Knight Riders,field,Eden Gardens,Kolkata,2011.0,2011,4,5,2,0,0,1,190,0,268,0,19,239,18,8,12,13,154,205,145.0,49,48
501234,2011-04-30,Kolkata Knight Riders,Kings XI Punjab,Iqbal Abdulla,Kolkata Knight Riders,field,Eden Gardens,Kolkata,2011.0,2011,4,5,2,1,0,1,269,0,190,0,19,239,18,8,12,13,154,205,145.0,48,49
501235,2011-05-01,Pune Warriors,Rajasthan Royals,LRPL Taylor,Rajasthan Royals,field,Sawai Mansingh Stadium,Jaipur,2011.0,2011,5,6,2,0,0,1,45,0,240,0,19,287,16,11,14,12,94,128,145.0,8,51
501235,2011-05-01,Rajasthan Royals,Pune Warriors,LRPL Taylor,Rajasthan Royals,field,Sawai Mansingh Stadium,Jaipur,2011.0,2011,5,6,2,1,0,1,239,0,46,0,19,287,16,11,14,12,94,128,145.0,51,8
501236,2011-05-01,Chennai Super Kings,Deccan Chargers,JA Morkel,Chennai Super Kings,bat,"MA Chidambaram Stadium, Chepauk",Chennai,2011.0,2011,5,6,2,1,1,0,256,0,75,0,19,311,14,13,16,11,96,188,145.0,54,54
501236,2011-05-01,Deccan Chargers,Chennai Super Kings,JA Morkel,Chennai Super Kings,bat,"MA Chidambaram Stadium, Chepauk",Chennai,2011.0,2011,5,6,2,0,1,0,75,0,257,0,19,311,14,13,16,11,96,188,145.0,54,54
501237,2011-05-02,Mumbai Indians,Kings XI Punjab,KA Pollard,Kings XI Punjab,field,Wankhede Stadium,Mumbai,2011.0,2011,5,0,2,0,0,1,282,0,190,0,19,295,17,13,16,13,146,366,145.0,51,50
501237,2011-05-02,Kings XI Punjab,Mumbai Indians,KA Pollard,Kings XI Punjab,field,Wankhede Stadium,Mumbai,2011.0,2011,5,0,2,1,0,1,190,0,282,0,19,295,17,13,16,13,146,366,145.0,50,51
501238,2011-05-02,Delhi Daredevils,Kochi Tuskers Kerala,P Parameswaran,Kochi Tuskers Kerala,field,Feroz Shah Kotla,Delhi,2011.0,2011,5,0,2,0,0,1,161,0,14,0,19,281,25,9,13,12,119,197,145.0,52,9
501238,2011-05-02,Kochi Tuskers Kerala,Delhi Daredevils,P Parameswaran,Kochi Tuskers Kerala,field,Feroz Shah Kotla,Delhi,2011.0,2011,5,0,2,1,0,1,14,0,160,0,19,281,25,9,13,12,119,197,145.0,9,52
501239,2011-05-03,Kolkata Knight Riders,Deccan Chargers,YK Pathan,Deccan Chargers,field,"Rajiv Gandhi International Stadium, Uppal",Hyderabad,2011.0,2011,5,1,2,0,0,1,269,0,75,0,19,317,13,10,13,12,98,169,145.0,49,55
501239,2011-05-03,Deccan Chargers,Kolkata Knight Riders,YK Pathan,Deccan Chargers,field,"Rajiv Gandhi International Stadium, Uppal",Hyderabad,2011.0,2011,5,1,2,1,0,1,75,0,268,0,19,317,13,10,13,12,98,169,145.0,55,49
501240,2011-05-04,Rajasthan Royals,Chennai Super Kings,MEK Hussey,Rajasthan Royals,bat,"MA Chidambaram Stadium, Chepauk",Chennai,2011.0,2011,5,2,2,1,1,0,239,0,257,0,19,296,11,8,11,12,96,188,145.0,52,55
501240,2011-05-04,Chennai Super Kings,Rajasthan Royals,MEK Hussey,Rajasthan Royals,bat,"MA Chidambaram Stadium, Chepauk",Chennai,2011.0,2011,5,2,2,0,1,0,256,0,240,0,19,296,11,8,11,12,96,188,145.0,55,52
501241,2011-05-04,Mumbai Indians,Pune Warriors,R Sharma,Pune Warriors,field,Dr DY Patil Sports Academy,Mumbai,2011.0,2011,5,2,2,0,0,1,282,0,46,0,19,298,24,14,17,12,34,366,145.0,52,9
501241,2011-05-04,Pune Warriors,Mumbai Indians,R Sharma,Pune Warriors,field,Dr DY Patil Sports Academy,Mumbai,2011.0,2011,5,2,2,1,0,1,45,0,282,0,19,298,24,14,17,12,34,366,145.0,9,52
501242,2011-05-05,Kochi Tuskers Kerala,Kolkata Knight Riders,BJ Hodge,Kolkata Knight Riders,field,Nehru Stadium,Kochi,2011.0,2011,5,3,2,0,0,1,14,0,268,0,19,295,9,12,15,13,10,10,145.0,10,50
501242,2011-05-05,Kolkata Knight Riders,Kochi Tuskers Kerala,BJ Hodge,Kolkata Knight Riders,field,Nehru Stadium,Kochi,2011.0,2011,5,3,2,1,0,1,269,0,14,0,19,295,9,12,15,13,10,10,145.0,50,10
501243,2011-05-05,Deccan Chargers,Delhi Daredevils,V Sehwag,Delhi Daredevils,field,"Rajiv Gandhi International Stadium, Uppal",Hyderabad,2011.0,2011,5,3,2,0,0,1,75,0,160,0,19,354,20,11,15,14,98,169,145.0,56,53
501243,2011-05-05,Delhi Daredevils,Deccan Chargers,V Sehwag,Delhi Daredevils,field,"Rajiv Gandhi International Stadium, Uppal",Hyderabad,2011.0,2011,5,3,2,1,0,1,161,0,75,0,19,354,20,11,15,14,98,169,145.0,53,56
501244,2011-05-06,Royal Challengers Bangalore,Kings XI Punjab,CH Gayle,Kings XI Punjab,field,M Chinnaswamy Stadium,Bangalore,2011.0,2011,5,4,2,0,0,1,240,0,190,0,19,325,11,15,19,12,129,129,145.0,54,51
501244,2011-05-06,Kings XI Punjab,Royal Challengers Bangalore,CH Gayle,Kings XI Punjab,field,M Chinnaswamy Stadium,Bangalore,2011.0,2011,5,4,2,1,0,1,190,0,239,0,19,325,11,15,19,12,129,129,145.0,51,54
501245,2011-05-07,Chennai Super Kings,Kolkata Knight Riders,Iqbal Abdulla,Chennai Super Kings,bat,Eden Gardens,Kolkata,2011.0,2011,5,5,2,1,1,0,256,0,268,0,19,175,10,6,9,12,154,205,145.0,56,51
501245,2011-05-07,Kolkata Knight Riders,Chennai Super Kings,Iqbal Abdulla,Chennai Super Kings,bat,Eden Gardens,Kolkata,2011.0,2011,5,5,2,0,1,0,269,0,257,0,19,175,10,6,9,12,154,205,145.0,51,56
501246,2011-05-07,Mumbai Indians,Delhi Daredevils,AT Rayudu,Delhi Daredevils,field,Wankhede Stadium,Mumbai,2011.0,2011,5,5,2,0,0,1,282,0,160,0,19,324,15,14,17,11,146,366,145.0,53,54
501246,2011-05-07,Delhi Daredevils,Mumbai Indians,AT Rayudu,Delhi Daredevils,field,Wankhede Stadium,Mumbai,2011.0,2011,5,5,2,1,0,1,161,0,282,0,19,324,15,14,17,11,146,366,145.0,54,53
501247,2011-05-08,Kochi Tuskers Kerala,Royal Challengers Bangalore,CH Gayle,Kochi Tuskers Kerala,bat,M Chinnaswamy Stadium,Bangalore,2011.0,2011,5,6,2,1,1,0,14,0,239,0,19,251,13,10,13,11,129,129,145.0,11,55
501247,2011-05-08,Royal Challengers Bangalore,Kochi Tuskers Kerala,CH Gayle,Kochi Tuskers Kerala,bat,M Chinnaswamy Stadium,Bangalore,2011.0,2011,5,6,2,0,1,0,240,0,14,0,19,251,13,10,13,11,129,129,145.0,55,11
501248,2011-05-08,Kings XI Punjab,Pune Warriors,R Sharma,Kings XI Punjab,bat,"Punjab Cricket Association Stadium, Mohali",Chandigarh,2011.0,2011,5,6,2,1,1,0,190,0,46,0,19,238,15,13,17,12,70,122,145.0,52,10
501248,2011-05-08,Pune Warriors,Kings XI Punjab,R Sharma,Kings XI Punjab,bat,"Punjab Cricket Association Stadium, Mohali",Chandigarh,2011.0,2011,5,6,2,0,1,0,45,0,190,0,19,238,15,13,17,12,70,122,145.0,10,52
501249,2011-05-09,Chennai Super Kings,Rajasthan Royals,M Vijay,Rajasthan Royals,field,Sawai Mansingh Stadium,Jaipur,2011.0,2011,5,0,2,0,0,1,256,0,240,0,19,329,13,13,15,12,94,128,145.0,57,53
501249,2011-05-09,Rajasthan Royals,Chennai Super Kings,M Vijay,Rajasthan Royals,field,Sawai Mansingh Stadium,Jaipur,2011.0,2011,5,0,2,1,0,1,239,0,257,0,19,329,13,13,15,12,94,128,145.0,53,57
501250,2011-05-10,Deccan Chargers,Pune Warriors,MR Marsh,Deccan Chargers,bat,"Rajiv Gandhi International Stadium, Uppal",Hyderabad,2011.0,2011,5,1,2,1,1,0,75,0,46,0,19,273,4,12,15,12,98,169,145.0,57,11
501250,2011-05-10,Pune Warriors,Deccan Chargers,MR Marsh,Deccan Chargers,bat,"Rajiv Gandhi International Stadium, Uppal",Hyderabad,2011.0,2011,5,1,2,0,1,0,45,0,75,0,19,273,4,12,15,12,98,169,145.0,11,57
501251,2011-05-10,Kings XI Punjab,Mumbai Indians,BA Bhatt,Mumbai Indians,field,"Punjab Cricket Association Stadium, Mohali",Chandigarh,2011.0,2011,5,1,2,0,0,1,190,0,282,0,19,250,27,18,20,12,70,122,145.0,53,54
501251,2011-05-10,Mumbai Indians,Kings XI Punjab,BA Bhatt,Mumbai Indians,field,"Punjab Cricket Association Stadium, Mohali",Chandigarh,2011.0,2011,5,1,2,1,0,1,282,0,190,0,19,250,27,18,20,12,70,122,145.0,54,53
501252,2011-05-11,Rajasthan Royals,Royal Challengers Bangalore,S Aravind,Royal Challengers Bangalore,field,Sawai Mansingh Stadium,Jaipur,2011.0,2011,5,2,2,0,0,1,239,0,239,0,19,297,15,7,11,13,94,128,145.0,54,56
501252,2011-05-11,Royal Challengers Bangalore,Rajasthan Royals,S Aravind,Royal Challengers Bangalore,field,Sawai Mansingh Stadium,Jaipur,2011.0,2011,5,2,2,1,0,1,240,0,240,0,19,297,15,7,11,13,94,128,145.0,56,54
501253,2011-05-12,Chennai Super Kings,Delhi Daredevils,MS Dhoni,Chennai Super Kings,bat,"MA Chidambaram Stadium, Chepauk",Chennai,2011.0,2011,5,3,2,1,1,0,256,0,160,0,19,334,18,10,13,12,96,188,145.0,58,55
501253,2011-05-12,Delhi Daredevils,Chennai Super Kings,MS Dhoni,Chennai Super Kings,bat,"MA Chidambaram Stadium, Chepauk",Chennai,2011.0,2011,5,3,2,0,1,0,161,0,257,0,19,334,18,10,13,12,96,188,145.0,55,58
501254,2011-05-13,Kochi Tuskers Kerala,Kings XI Punjab,KD Karthik,Kings XI Punjab,field,Holkar Cricket Stadium,Indore,2011.0,2011,5,4,2,0,0,1,14,0,190,0,19,358,30,11,14,12,18,18,145.0,12,54
501254,2011-05-13,Kings XI Punjab,Kochi Tuskers Kerala,KD Karthik,Kings XI Punjab,field,Holkar Cricket Stadium,Indore,2011.0,2011,5,4,2,1,0,1,190,0,14,0,19,358,30,11,14,12,18,18,145.0,54,12
501255,2011-05-14,Kolkata Knight Riders,Royal Challengers Bangalore,CH Gayle,Royal Challengers Bangalore,field,M Chinnaswamy Stadium,Bangalore,2011.0,2011,5,5,2,0,0,1,269,0,239,0,12,194,13,10,13,11,129,129,145.0,52,57
501255,2011-05-14,Royal Challengers Bangalore,Kolkata Knight Riders,CH Gayle,Royal Challengers Bangalore,field,M Chinnaswamy Stadium,Bangalore,2011.0,2011,5,5,2,1,0,1,240,0,268,0,12,194,13,10,13,11,129,129,145.0,57,52
501256,2011-05-14,Deccan Chargers,Mumbai Indians,A Mishra,Deccan Chargers,bat,Wankhede Stadium,Mumbai,2011.0,2011,5,5,2,1,1,0,75,0,282,0,19,259,24,14,16,12,146,366,145.0,58,55
501256,2011-05-14,Mumbai Indians,Deccan Chargers,A Mishra,Deccan Chargers,bat,Wankhede Stadium,Mumbai,2011.0,2011,5,5,2,0,1,0,282,0,75,0,19,259,24,14,16,12,146,366,145.0,55,58
501257,2011-05-15,Kings XI Punjab,Delhi Daredevils,PP Chawla,Delhi Daredevils,field,Himachal Pradesh Cricket Association Stadium,Dharamsala,2011.0,2011,5,6,2,0,0,1,190,0,160,0,19,310,20,14,18,11,18,29,145.0,55,56
501257,2011-05-15,Delhi Daredevils,Kings XI Punjab,PP Chawla,Delhi Daredevils,field,Himachal Pradesh Cricket Association Stadium,Dharamsala,2011.0,2011,5,6,2,1,0,1,161,0,190,0,19,310,20,14,18,11,18,29,145.0,56,55
501258,2011-05-15,Rajasthan Royals,Kochi Tuskers Kerala,BJ Hodge,Kochi Tuskers Kerala,field,Holkar Cricket Stadium,Indore,2011.0,2011,5,6,2,0,0,1,239,0,14,0,18,195,12,12,15,11,18,18,145.0,55,13
501258,2011-05-15,Kochi Tuskers Kerala,Rajasthan Royals,BJ Hodge,Kochi Tuskers Kerala,field,Holkar Cricket Stadium,Indore,2011.0,2011,5,6,2,1,0,1,14,0,240,0,18,195,12,12,15,11,18,18,145.0,13,55
501259,2011-05-16,Pune Warriors,Deccan Chargers,A Mishra,Deccan Chargers,field,Dr DY Patil Sports Academy,Mumbai,2011.0,2011,5,0,2,0,0,1,45,0,75,0,19,274,12,13,16,12,34,366,145.0,12,59
501259,2011-05-16,Deccan Chargers,Pune Warriors,A Mishra,Deccan Chargers,field,Dr DY Patil Sports Academy,Mumbai,2011.0,2011,5,0,2,1,0,1,75,0,46,0,19,274,12,13,16,12,34,366,145.0,59,12
501260,2011-05-17,Kings XI Punjab,Royal Challengers Bangalore,AC Gilchrist,Kings XI Punjab,bat,Himachal Pradesh Cricket Association Stadium,Dharamsala,2011.0,2011,5,1,2,1,1,0,190,0,239,0,19,350,33,12,15,11,18,29,145.0,56,58
501260,2011-05-17,Royal Challengers Bangalore,Kings XI Punjab,AC Gilchrist,Kings XI Punjab,bat,Himachal Pradesh Cricket Association Stadium,Dharamsala,2011.0,2011,5,1,2,0,1,0,240,0,190,0,19,350,33,12,15,11,18,29,145.0,58,56
501261,2011-05-18,Chennai Super Kings,Kochi Tuskers Kerala,WP Saha,Chennai Super Kings,bat,"MA Chidambaram Stadium, Chepauk",Chennai,2011.0,2011,5,2,2,1,1,0,256,0,14,0,19,293,13,10,14,11,96,188,145.0,59,14
501261,2011-05-18,Kochi Tuskers Kerala,Chennai Super Kings,WP Saha,Chennai Super Kings,bat,"MA Chidambaram Stadium, Chepauk",Chennai,2011.0,2011,5,2,2,0,1,0,14,0,257,0,19,293,13,10,14,11,96,188,145.0,14,59
501262,2011-05-19,Pune Warriors,Kolkata Knight Riders,YK Pathan,Kolkata Knight Riders,field,Dr DY Patil Sports Academy,Mumbai,2011.0,2011,5,3,2,0,0,1,45,0,268,0,19,237,17,10,13,13,34,366,145.0,13,53
501262,2011-05-19,Kolkata Knight Riders,Pune Warriors,YK Pathan,Kolkata Knight Riders,field,Dr DY Patil Sports Academy,Mumbai,2011.0,2011,5,3,2,1,0,1,269,0,46,0,19,237,17,10,13,13,34,366,145.0,53,13
501263,2011-05-20,Mumbai Indians,Rajasthan Royals,SR Watson,Mumbai Indians,bat,Wankhede Stadium,Mumbai,2011.0,2011,5,4,2,1,1,0,282,0,240,0,19,267,7,5,9,13,146,366,145.0,56,56
501263,2011-05-20,Rajasthan Royals,Mumbai Indians,SR Watson,Mumbai Indians,bat,Wankhede Stadium,Mumbai,2011.0,2011,5,4,2,0,1,0,239,0,282,0,19,267,7,5,9,13,146,366,145.0,56,56
501264,2011-05-21,Deccan Chargers,Kings XI Punjab,S Dhawan,Kings XI Punjab,field,Himachal Pradesh Cricket Association Stadium,Dharamsala,2011.0,2011,5,5,2,0,0,1,75,0,190,0,19,314,20,12,15,12,18,29,145.0,60,57
501264,2011-05-21,Kings XI Punjab,Deccan Chargers,S Dhawan,Kings XI Punjab,field,Himachal Pradesh Cricket Association Stadium,Dharamsala,2011.0,2011,5,5,2,1,0,1,190,0,75,0,19,314,20,12,15,12,18,29,145.0,57,60
501265,2011-05-21,Delhi Daredevils,Pune Warriors,Unknown,Delhi Daredevils,bat,Feroz Shah Kotla,Delhi,2011.0,2011,5,5,2,1,1,0,161,0,46,0,10,56,5,3,5,6,119,197,145.0,57,14
501266,2011-05-22,Chennai Super Kings,Royal Challengers Bangalore,CH Gayle,Royal Challengers Bangalore,field,M Chinnaswamy Stadium,Bangalore,2011.0,2011,5,6,2,0,0,1,256,0,239,0,19,255,18,10,13,11,129,129,145.0,60,59
501266,2011-05-22,Royal Challengers Bangalore,Chennai Super Kings,CH Gayle,Royal Challengers Bangalore,field,M Chinnaswamy Stadium,Bangalore,2011.0,2011,5,6,2,1,0,1,240,0,257,0,19,255,18,10,13,11,129,129,145.0,59,60
501267,2011-05-22,Kolkata Knight Riders,Mumbai Indians,JEC Franklin,Mumbai Indians,field,Eden Gardens,Kolkata,2011.0,2011,5,6,2,0,0,1,269,0,282,0,19,353,22,12,15,12,154,205,145.0,54,57
501267,2011-05-22,Mumbai Indians,Kolkata Knight Riders,JEC Franklin,Mumbai Indians,field,Eden Gardens,Kolkata,2011.0,2011,5,6,2,1,0,1,282,0,268,0,19,353,22,12,15,12,154,205,145.0,57,54
501268,2011-05-24,Royal Challengers Bangalore,Chennai Super Kings,SK Raina,Chennai Super Kings,field,Wankhede Stadium,Mumbai,2011.0,2011,5,1,2,0,0,1,240,0,257,0,19,351,21,8,12,12,146,366,145.0,60,61
501268,2011-05-24,Chennai Super Kings,Royal Challengers Bangalore,SK Raina,Chennai Super Kings,field,Wankhede Stadium,Mumbai,2011.0,2011,5,1,2,1,0,1,256,0,239,0,19,351,21,8,12,12,146,366,145.0,61,60
501269,2011-05-25,Kolkata Knight Riders,Mumbai Indians,MM Patel,Mumbai Indians,field,Wankhede Stadium,Mumbai,2011.0,2011,5,2,2,0,0,1,269,0,282,0,19,294,9,13,16,13,146,366,145.0,55,58
501269,2011-05-25,Mumbai Indians,Kolkata Knight Riders,MM Patel,Mumbai Indians,field,Wankhede Stadium,Mumbai,2011.0,2011,5,2,2,1,0,1,282,0,268,0,19,294,9,13,16,13,146,366,145.0,58,55
501270,2011-05-27,Royal Challengers Bangalore,Mumbai Indians,CH Gayle,Mumbai Indians,field,"MA Chidambaram Stadium, Chepauk",Chennai,2011.0,2011,5,4,2,0,0,1,240,0,282,0,19,327,18,12,16,12,96,188,145.0,61,59
501270,2011-05-27,Mumbai Indians,Royal Challengers Bangalore,CH Gayle,Mumbai Indians,field,"MA Chidambaram Stadium, Chepauk",Chennai,2011.0,2011,5,4,2,1,0,1,282,0,239,0,19,327,18,12,16,12,96,188,145.0,59,61
501271,2011-05-28,Chennai Super Kings,Royal Challengers Bangalore,M Vijay,Chennai Super Kings,bat,"MA Chidambaram Stadium, Chepauk",Chennai,2011.0,2011,5,5,2,1,1,0,256,0,239,0,19,352,15,13,16,12,96,188,145.0,62,62
501271,2011-05-28,Royal Challengers Bangalore,Chennai Super Kings,M Vijay,Chennai Super Kings,bat,"MA Chidambaram Stadium, Chepauk",Chennai,2011.0,2011,5,5,2,0,1,0,240,0,257,0,19,352,15,13,16,12,96,188,145.0,62,62
548306,2012-04-04,Chennai Super Kings,Mumbai Indians,RE Levi,Mumbai Indians,field,"MA Chidambaram Stadium, Chepauk",Chennai,2012.0,2012,4,2,2,0,0,1,256,0,282,0,19,227,18,13,16,12,96,188,148.0,63,60
548306,2012-04-04,Mumbai Indians,Chennai Super Kings,RE Levi,Mumbai Indians,field,"MA Chidambaram Stadium, Chepauk",Chennai,2012.0,2012,4,2,2,1,0,1,282,0,257,0,19,227,18,13,16,12,96,188,148.0,60,63
548307,2012-04-05,Kolkata Knight Riders,Delhi Daredevils,IK Pathan,Delhi Daredevils,field,Eden Gardens,Kolkata,2012.0,2012,4,3,2,0,0,1,269,0,160,0,11,197,12,11,14,12,154,205,148.0,56,57
548307,2012-04-05,Delhi Daredevils,Kolkata Knight Riders,IK Pathan,Delhi Daredevils,field,Eden Gardens,Kolkata,2012.0,2012,4,3,2,1,0,1,161,0,268,0,11,197,12,11,14,12,154,205,148.0,58,56
548308,2012-04-06,Pune Warriors,Mumbai Indians,SPD Smith,Mumbai Indians,field,Wankhede Stadium,Mumbai,2012.0,2012,4,4,2,0,0,1,45,0,282,0,19,229,12,18,20,12,146,366,148.0,14,61
548308,2012-04-06,Mumbai Indians,Pune Warriors,SPD Smith,Mumbai Indians,field,Wankhede Stadium,Mumbai,2012.0,2012,4,4,2,1,0,1,282,0,46,0,19,229,12,18,20,12,146,366,148.0,61,15
548309,2012-04-06,Rajasthan Royals,Kings XI Punjab,AM Rahane,Kings XI Punjab,field,Sawai Mansingh Stadium,Jaipur,2012.0,2012,4,4,2,0,0,1,239,0,190,0,19,351,25,13,17,12,94,128,148.0,57,58
548309,2012-04-06,Kings XI Punjab,Rajasthan Royals,AM Rahane,Kings XI Punjab,field,Sawai Mansingh Stadium,Jaipur,2012.0,2012,4,4,2,1,0,1,190,0,240,0,19,351,25,13,17,12,94,128,148.0,58,57
548310,2012-04-07,Royal Challengers Bangalore,Delhi Daredevils,AB de Villiers,Delhi Daredevils,field,M Chinnaswamy Stadium,Bangalore,2012.0,2012,4,5,2,0,0,1,240,0,160,0,19,294,10,15,18,12,129,129,148.0,63,58
548310,2012-04-07,Delhi Daredevils,Royal Challengers Bangalore,AB de Villiers,Delhi Daredevils,field,M Chinnaswamy Stadium,Bangalore,2012.0,2012,4,5,2,1,0,1,161,0,239,0,19,294,10,15,18,12,129,129,148.0,59,63
548311,2012-04-07,Chennai Super Kings,Deccan Chargers,RA Jadeja,Deccan Chargers,field,Dr. Y.S. Rajasekhara Reddy ACA-VDCA Cricket Stadium,Visakhapatnam,2012.0,2012,4,5,2,0,0,1,256,0,75,0,19,311,14,16,18,14,26,34,148.0,64,61
548311,2012-04-07,Deccan Chargers,Chennai Super Kings,RA Jadeja,Deccan Chargers,field,Dr. Y.S. Rajasekhara Reddy ACA-VDCA Cricket Stadium,Visakhapatnam,2012.0,2012,4,5,2,1,0,1,75,0,257,0,19,311,14,16,18,14,26,34,148.0,61,64
548312,2012-04-08,Rajasthan Royals,Kolkata Knight Riders,BJ Hodge,Kolkata Knight Riders,field,Sawai Mansingh Stadium,Jaipur,2012.0,2012,4,6,2,0,0,1,239,0,268,0,19,306,10,15,18,11,94,128,148.0,58,57
548312,2012-04-08,Kolkata Knight Riders,Rajasthan Royals,BJ Hodge,Kolkata Knight Riders,field,Sawai Mansingh Stadium,Jaipur,2012.0,2012,4,6,2,1,0,1,269,0,240,0,19,306,10,15,18,11,94,128,148.0,57,58
548313,2012-04-08,Pune Warriors,Kings XI Punjab,MN Samuels,Pune Warriors,bat,Subrata Roy Sahara Stadium,Pune,2012.0,2012,4,6,2,1,1,0,45,0,190,0,19,310,23,14,18,12,32,102,148.0,15,59
548313,2012-04-08,Kings XI Punjab,Pune Warriors,MN Samuels,Pune Warriors,bat,Subrata Roy Sahara Stadium,Pune,2012.0,2012,4,6,2,0,1,0,190,0,46,0,19,310,23,14,18,12,32,102,148.0,59,16
548314,2012-04-09,Deccan Chargers,Mumbai Indians,RG Sharma,Deccan Chargers,bat,Dr. Y.S. Rajasekhara Reddy ACA-VDCA Cricket Stadium,Visakhapatnam,2012.0,2012,4,0,2,1,1,0,75,0,282,0,19,280,9,14,17,11,26,34,148.0,62,62
548314,2012-04-09,Mumbai Indians,Deccan Chargers,RG Sharma,Deccan Chargers,bat,Dr. Y.S. Rajasekhara Reddy ACA-VDCA Cricket Stadium,Visakhapatnam,2012.0,2012,4,0,2,0,1,0,282,0,75,0,19,280,9,14,17,11,26,34,148.0,62,62
548315,2012-04-10,Kolkata Knight Riders,Royal Challengers Bangalore,L Balaji,Royal Challengers Bangalore,field,M Chinnaswamy Stadium,Bangalore,2012.0,2012,4,1,2,0,0,1,269,0,239,0,19,286,14,17,20,12,129,129,148.0,58,64
548315,2012-04-10,Royal Challengers Bangalore,Kolkata Knight Riders,L Balaji,Royal Challengers Bangalore,field,M Chinnaswamy Stadium,Bangalore,2012.0,2012,4,1,2,1,0,1,240,0,268,0,19,286,14,17,20,12,129,129,148.0,64,58
548316,2012-04-10,Chennai Super Kings,Delhi Daredevils,M Morkel,Delhi Daredevils,field,Feroz Shah Kotla,Delhi,2012.0,2012,4,1,2,0,0,1,256,0,160,0,19,221,7,10,13,12,119,197,148.0,65,59
548316,2012-04-10,Delhi Daredevils,Chennai Super Kings,M Morkel,Delhi Daredevils,field,Feroz Shah Kotla,Delhi,2012.0,2012,4,1,2,1,0,1,161,0,257,0,19,221,7,10,13,12,119,197,148.0,60,65
548317,2012-04-11,Mumbai Indians,Rajasthan Royals,KA Pollard,Rajasthan Royals,field,Wankhede Stadium,Mumbai,2012.0,2012,4,2,2,0,0,1,282,0,240,0,19,367,10,16,19,12,146,366,148.0,63,59
548317,2012-04-11,Rajasthan Royals,Mumbai Indians,KA Pollard,Rajasthan Royals,field,Wankhede Stadium,Mumbai,2012.0,2012,4,2,2,1,0,1,239,0,282,0,19,367,10,16,19,12,146,366,148.0,59,63
548318,2012-04-12,Royal Challengers Bangalore,Chennai Super Kings,F du Plessis,Royal Challengers Bangalore,bat,"MA Chidambaram Stadium, Chepauk",Chennai,2012.0,2012,4,3,2,1,1,0,240,0,257,0,19,413,21,13,16,13,96,188,148.0,65,66
548318,2012-04-12,Chennai Super Kings,Royal Challengers Bangalore,F du Plessis,Royal Challengers Bangalore,bat,"MA Chidambaram Stadium, Chepauk",Chennai,2012.0,2012,4,3,2,0,1,0,256,0,239,0,19,413,21,13,16,13,96,188,148.0,66,65
548319,2012-04-12,Pune Warriors,Kings XI Punjab,AD Mascarenhas,Kings XI Punjab,field,"Punjab Cricket Association Stadium, Mohali",Chandigarh,2012.0,2012,4,3,2,0,0,1,45,0,190,0,18,231,12,13,16,11,70,122,148.0,16,60
548319,2012-04-12,Kings XI Punjab,Pune Warriors,AD Mascarenhas,Kings XI Punjab,field,"Punjab Cricket Association Stadium, Mohali",Chandigarh,2012.0,2012,4,3,2,1,0,1,190,0,46,0,18,231,12,13,16,11,70,122,148.0,60,17
548320,2012-04-13,Rajasthan Royals,Kolkata Knight Riders,Shakib Al Hasan,Rajasthan Royals,bat,Eden Gardens,Kolkata,2012.0,2012,4,4,2,1,1,0,239,0,268,0,19,268,22,10,14,12,154,205,148.0,60,59
548320,2012-04-13,Kolkata Knight Riders,Rajasthan Royals,Shakib Al Hasan,Rajasthan Royals,bat,Eden Gardens,Kolkata,2012.0,2012,4,4,2,0,1,0,269,0,240,0,19,268,22,10,14,12,154,205,148.0,59,60
548322,2012-04-14,Chennai Super Kings,Pune Warriors,JD Ryder,Chennai Super Kings,bat,Subrata Roy Sahara Stadium,Pune,2012.0,2012,4,5,2,1,1,0,256,0,46,0,19,311,11,8,12,12,32,102,148.0,67,18
548322,2012-04-14,Pune Warriors,Chennai Super Kings,JD Ryder,Chennai Super Kings,bat,Subrata Roy Sahara Stadium,Pune,2012.0,2012,4,5,2,0,1,0,45,0,257,0,19,311,11,8,12,12,32,102,148.0,17,67
548323,2012-04-15,Kings XI Punjab,Kolkata Knight Riders,SP Narine,Kolkata Knight Riders,field,Eden Gardens,Kolkata,2012.0,2012,4,6,2,0,0,1,190,0,268,0,19,265,15,16,20,11,154,205,148.0,61,60
548323,2012-04-15,Kolkata Knight Riders,Kings XI Punjab,SP Narine,Kolkata Knight Riders,field,Eden Gardens,Kolkata,2012.0,2012,4,6,2,1,0,1,269,0,190,0,19,265,15,16,20,11,154,205,148.0,60,61
548324,2012-04-15,Rajasthan Royals,Royal Challengers Bangalore,AM Rahane,Rajasthan Royals,bat,M Chinnaswamy Stadium,Bangalore,2012.0,2012,4,6,2,1,1,0,239,0,239,0,19,331,9,12,15,11,129,129,148.0,61,66
548324,2012-04-15,Royal Challengers Bangalore,Rajasthan Royals,AM Rahane,Rajasthan Royals,bat,M Chinnaswamy Stadium,Bangalore,2012.0,2012,4,6,2,0,1,0,240,0,240,0,19,331,9,12,15,11,129,129,148.0,66,61
548325,2012-04-16,Mumbai Indians,Delhi Daredevils,S Nadeem,Delhi Daredevils,field,Wankhede Stadium,Mumbai,2012.0,2012,4,0,2,0,0,1,282,0,160,0,19,185,20,13,16,10,146,366,148.0,64,60
548325,2012-04-16,Delhi Daredevils,Mumbai Indians,S Nadeem,Delhi Daredevils,field,Wankhede Stadium,Mumbai,2012.0,2012,4,0,2,1,0,1,161,0,282,0,19,185,20,13,16,10,146,366,148.0,61,64
548326,2012-04-17,Deccan Chargers,Rajasthan Royals,BJ Hodge,Deccan Chargers,bat,Sawai Mansingh Stadium,Jaipur,2012.0,2012,4,1,2,1,1,0,75,0,240,0,19,393,19,7,11,11,94,128,148.0,63,62
548326,2012-04-17,Rajasthan Royals,Deccan Chargers,BJ Hodge,Deccan Chargers,bat,Sawai Mansingh Stadium,Jaipur,2012.0,2012,4,1,2,0,1,0,239,0,75,0,19,393,19,7,11,11,94,128,148.0,62,63
548327,2012-04-17,Pune Warriors,Royal Challengers Bangalore,CH Gayle,Pune Warriors,bat,M Chinnaswamy Stadium,Bangalore,2012.0,2012,4,1,2,1,1,0,45,0,239,0,19,368,14,10,13,12,129,129,148.0,18,67
548327,2012-04-17,Royal Challengers Bangalore,Pune Warriors,CH Gayle,Pune Warriors,bat,M Chinnaswamy Stadium,Bangalore,2012.0,2012,4,1,2,0,1,0,240,0,46,0,19,368,14,10,13,12,129,129,148.0,67,19
548328,2012-04-18,Kings XI Punjab,Kolkata Knight Riders,G Gambhir,Kings XI Punjab,bat,"Punjab Cricket Association Stadium, Mohali",Chandigarh,2012.0,2012,4,2,2,1,1,0,190,0,268,0,19,251,8,9,12,11,70,122,148.0,62,61
548328,2012-04-18,Kolkata Knight Riders,Kings XI Punjab,G Gambhir,Kings XI Punjab,bat,"Punjab Cricket Association Stadium, Mohali",Chandigarh,2012.0,2012,4,2,2,0,1,0,269,0,190,0,19,251,8,9,12,11,70,122,148.0,61,62
548321,2012-04-19,Deccan Chargers,Delhi Daredevils,KP Pietersen,Deccan Chargers,bat,Feroz Shah Kotla,Delhi,2012.0,2012,4,3,2,1,1,0,75,0,160,0,19,319,10,13,17,12,119,197,148.0,64,61
548321,2012-04-19,Delhi Daredevils,Deccan Chargers,KP Pietersen,Deccan Chargers,bat,Feroz Shah Kotla,Delhi,2012.0,2012,4,3,2,0,1,0,161,0,75,0,19,319,10,13,17,12,119,197,148.0,62,64
548330,2012-04-19,Chennai Super Kings,Pune Warriors,KMDN Kulasekara,Pune Warriors,field,"MA Chidambaram Stadium, Chepauk",Chennai,2012.0,2012,4,3,2,0,0,1,256,0,46,0,19,315,17,12,15,12,96,188,148.0,68,20
548330,2012-04-19,Pune Warriors,Chennai Super Kings,KMDN Kulasekara,Pune Warriors,field,"MA Chidambaram Stadium, Chepauk",Chennai,2012.0,2012,4,3,2,1,0,1,45,0,257,0,19,315,17,12,15,12,96,188,148.0,19,68
548331,2012-04-20,Kings XI Punjab,Royal Challengers Bangalore,CH Gayle,Royal Challengers Bangalore,field,"Punjab Cricket Association Stadium, Mohali",Chandigarh,2012.0,2012,4,4,2,0,0,1,190,0,239,0,19,328,15,11,15,10,70,122,148.0,63,68
548331,2012-04-20,Royal Challengers Bangalore,Kings XI Punjab,CH Gayle,Royal Challengers Bangalore,field,"Punjab Cricket Association Stadium, Mohali",Chandigarh,2012.0,2012,4,4,2,1,0,1,240,0,190,0,19,328,15,11,15,10,70,122,148.0,68,63
548332,2012-04-21,Rajasthan Royals,Chennai Super Kings,F du Plessis,Rajasthan Royals,bat,"MA Chidambaram Stadium, Chepauk",Chennai,2012.0,2012,4,5,2,1,1,0,239,0,257,0,19,293,16,7,10,12,96,188,148.0,63,69
548332,2012-04-21,Chennai Super Kings,Rajasthan Royals,F du Plessis,Rajasthan Royals,bat,"MA Chidambaram Stadium, Chepauk",Chennai,2012.0,2012,4,5,2,0,1,0,256,0,240,0,19,293,16,7,10,12,96,188,148.0,69,63
548333,2012-04-21,Pune Warriors,Delhi Daredevils,SC Ganguly,Delhi Daredevils,field,Feroz Shah Kotla,Delhi,2012.0,2012,4,5,2,0,0,1,45,0,160,0,19,362,18,10,14,14,119,197,148.0,20,62
548333,2012-04-21,Delhi Daredevils,Pune Warriors,SC Ganguly,Delhi Daredevils,field,Feroz Shah Kotla,Delhi,2012.0,2012,4,5,2,1,0,1,161,0,46,0,19,362,18,10,14,14,119,197,148.0,63,21
548334,2012-04-22,Mumbai Indians,Kings XI Punjab,SE Marsh,Mumbai Indians,bat,Wankhede Stadium,Mumbai,2012.0,2012,4,6,2,1,1,0,282,0,190,0,19,326,11,10,14,12,146,366,148.0,65,64
548334,2012-04-22,Kings XI Punjab,Mumbai Indians,SE Marsh,Mumbai Indians,bat,Wankhede Stadium,Mumbai,2012.0,2012,4,6,2,0,1,0,190,0,282,0,19,326,11,10,14,12,146,366,148.0,64,65
548335,2012-04-22,Deccan Chargers,Kolkata Knight Riders,B Lee,Kolkata Knight Riders,field,Barabati Stadium,Cuttack,2012.0,2012,4,6,2,0,0,1,75,0,268,0,19,253,12,12,16,13,14,14,148.0,65,62
548335,2012-04-22,Kolkata Knight Riders,Deccan Chargers,B Lee,Kolkata Knight Riders,field,Barabati Stadium,Cuttack,2012.0,2012,4,6,2,1,0,1,269,0,75,0,19,253,12,12,16,13,14,14,148.0,62,65
548336,2012-04-23,Royal Challengers Bangalore,Rajasthan Royals,AB de Villiers,Rajasthan Royals,field,Sawai Mansingh Stadium,Jaipur,2012.0,2012,4,0,2,0,0,1,240,0,240,0,19,331,28,10,13,10,94,128,148.0,69,64
548336,2012-04-23,Rajasthan Royals,Royal Challengers Bangalore,AB de Villiers,Rajasthan Royals,field,Sawai Mansingh Stadium,Jaipur,2012.0,2012,4,0,2,1,0,1,239,0,239,0,19,331,28,10,13,10,94,128,148.0,64,69
548337,2012-04-24,Pune Warriors,Delhi Daredevils,V Sehwag,Pune Warriors,bat,Subrata Roy Sahara Stadium,Pune,2012.0,2012,4,1,2,1,1,0,45,0,160,0,19,294,12,4,8,11,32,102,148.0,21,63
548337,2012-04-24,Delhi Daredevils,Pune Warriors,V Sehwag,Pune Warriors,bat,Subrata Roy Sahara Stadium,Pune,2012.0,2012,4,1,2,0,1,0,161,0,46,0,19,294,12,4,8,11,32,102,148.0,64,22
548339,2012-04-25,Kings XI Punjab,Mumbai Indians,AT Rayudu,Kings XI Punjab,bat,"Punjab Cricket Association Stadium, Mohali",Chandigarh,2012.0,2012,4,2,2,1,1,0,190,0,282,0,19,339,19,9,13,12,70,122,148.0,65,66
548339,2012-04-25,Mumbai Indians,Kings XI Punjab,AT Rayudu,Kings XI Punjab,bat,"Punjab Cricket Association Stadium, Mohali",Chandigarh,2012.0,2012,4,2,2,0,1,0,282,0,190,0,19,339,19,9,13,12,70,122,148.0,66,65
548341,2012-04-26,Deccan Chargers,Pune Warriors,CL White,Deccan Chargers,bat,Subrata Roy Sahara Stadium,Pune,2012.0,2012,4,3,2,1,1,0,75,0,46,0,19,335,19,11,15,11,32,102,148.0,66,23
548341,2012-04-26,Pune Warriors,Deccan Chargers,CL White,Deccan Chargers,bat,Subrata Roy Sahara Stadium,Pune,2012.0,2012,4,3,2,0,1,0,45,0,75,0,19,335,19,11,15,11,32,102,148.0,22,66
548342,2012-04-27,Delhi Daredevils,Mumbai Indians,V Sehwag,Mumbai Indians,field,Feroz Shah Kotla,Delhi,2012.0,2012,4,4,2,0,0,1,161,0,282,0,19,377,13,14,17,11,119,197,148.0,65,67
548342,2012-04-27,Mumbai Indians,Delhi Daredevils,V Sehwag,Mumbai Indians,field,Feroz Shah Kotla,Delhi,2012.0,2012,4,4,2,1,0,1,282,0,160,0,19,377,13,14,17,11,119,197,148.0,67,64
548343,2012-04-28,Kings XI Punjab,Chennai Super Kings,Mandeep Singh,Kings XI Punjab,bat,"MA Chidambaram Stadium, Chepauk",Chennai,2012.0,2012,4,5,2,1,1,0,190,0,257,0,19,304,10,16,19,14,96,188,148.0,66,70
548343,2012-04-28,Chennai Super Kings,Kings XI Punjab,Mandeep Singh,Kings XI Punjab,bat,"MA Chidambaram Stadium, Chepauk",Chennai,2012.0,2012,4,5,2,0,1,0,256,0,190,0,19,304,10,16,19,14,96,188,148.0,70,66
548344,2012-04-28,Kolkata Knight Riders,Royal Challengers Bangalore,G Gambhir,Kolkata Knight Riders,bat,Eden Gardens,Kolkata,2012.0,2012,4,5,2,1,1,0,269,0,239,0,19,332,9,10,13,12,154,205,148.0,63,70
548344,2012-04-28,Royal Challengers Bangalore,Kolkata Knight Riders,G Gambhir,Kolkata Knight Riders,bat,Eden Gardens,Kolkata,2012.0,2012,4,5,2,0,1,0,240,0,268,0,19,332,9,10,13,12,154,205,148.0,70,63
548345,2012-04-29,Delhi Daredevils,Rajasthan Royals,V Sehwag,Delhi Daredevils,bat,Feroz Shah Kotla,Delhi,2012.0,2012,4,6,2,1,1,0,161,0,240,0,19,303,12,9,11,10,119,197,148.0,66,65
548345,2012-04-29,Rajasthan Royals,Delhi Daredevils,V Sehwag,Delhi Daredevils,bat,Feroz Shah Kotla,Delhi,2012.0,2012,4,6,2,0,1,0,239,0,160,0,19,303,12,9,11,10,119,197,148.0,65,65
548346,2012-04-29,Deccan Chargers,Mumbai Indians,DW Steyn,Mumbai Indians,field,Wankhede Stadium,Mumbai,2012.0,2012,4,6,2,0,0,1,75,0,282,0,18,201,15,15,18,12,146,366,148.0,67,68
548346,2012-04-29,Mumbai Indians,Deccan Chargers,DW Steyn,Mumbai Indians,field,Wankhede Stadium,Mumbai,2012.0,2012,4,6,2,1,0,1,282,0,75,0,18,201,15,15,18,12,146,366,148.0,68,67
548347,2012-04-30,Chennai Super Kings,Kolkata Knight Riders,G Gambhir,Chennai Super Kings,bat,"MA Chidambaram Stadium, Chepauk",Chennai,2012.0,2012,4,0,2,1,1,0,256,0,268,0,19,277,17,10,13,14,96,188,148.0,71,64
548347,2012-04-30,Kolkata Knight Riders,Chennai Super Kings,G Gambhir,Chennai Super Kings,bat,"MA Chidambaram Stadium, Chepauk",Chennai,2012.0,2012,4,0,2,0,1,0,269,0,257,0,19,277,17,10,13,14,96,188,148.0,64,71
548348,2012-05-01,Deccan Chargers,Pune Warriors,KC Sangakkara,Deccan Chargers,bat,Barabati Stadium,Cuttack,2012.0,2012,5,1,2,1,1,0,75,0,46,0,19,359,17,9,13,13,14,14,148.0,68,24
548348,2012-05-01,Pune Warriors,Deccan Chargers,KC Sangakkara,Deccan Chargers,bat,Barabati Stadium,Cuttack,2012.0,2012,5,1,2,0,1,0,45,0,75,0,19,359,17,9,13,13,14,14,148.0,23,68
548349,2012-05-01,Rajasthan Royals,Delhi Daredevils,P Negi,Rajasthan Royals,bat,Sawai Mansingh Stadium,Jaipur,2012.0,2012,5,1,2,1,1,0,239,0,160,0,19,285,14,10,14,12,94,128,148.0,66,66
548349,2012-05-01,Delhi Daredevils,Rajasthan Royals,P Negi,Rajasthan Royals,bat,Sawai Mansingh Stadium,Jaipur,2012.0,2012,5,1,2,0,1,0,161,0,240,0,19,285,14,10,14,12,94,128,148.0,67,66
548350,2012-05-02,Royal Challengers Bangalore,Kings XI Punjab,Azhar Mahmood,Kings XI Punjab,field,M Chinnaswamy Stadium,Bangalore,2012.0,2012,5,2,2,0,0,1,240,0,190,0,19,321,10,11,15,13,129,129,148.0,71,67
548350,2012-05-02,Kings XI Punjab,Royal Challengers Bangalore,Azhar Mahmood,Kings XI Punjab,field,M Chinnaswamy Stadium,Bangalore,2012.0,2012,5,2,2,1,0,1,190,0,239,0,19,321,10,11,15,13,129,129,148.0,67,71
548351,2012-05-03,Mumbai Indians,Pune Warriors,SL Malinga,Mumbai Indians,bat,Subrata Roy Sahara Stadium,Pune,2012.0,2012,5,3,2,1,1,0,282,0,46,0,19,238,16,15,18,12,32,102,148.0,69,25
548351,2012-05-03,Pune Warriors,Mumbai Indians,SL Malinga,Mumbai Indians,bat,Subrata Roy Sahara Stadium,Pune,2012.0,2012,5,3,2,0,1,0,45,0,282,0,19,238,16,15,18,12,32,102,148.0,24,69
548352,2012-05-04,Chennai Super Kings,Deccan Chargers,SK Raina,Chennai Super Kings,bat,"MA Chidambaram Stadium, Chepauk",Chennai,2012.0,2012,5,4,2,1,1,0,256,0,75,0,19,310,12,11,15,14,96,188,148.0,72,69
548352,2012-05-04,Deccan Chargers,Chennai Super Kings,SK Raina,Chennai Super Kings,bat,"MA Chidambaram Stadium, Chepauk",Chennai,2012.0,2012,5,4,2,0,1,0,75,0,257,0,19,310,12,11,15,14,96,188,148.0,69,72
548353,2012-05-05,Kolkata Knight Riders,Pune Warriors,SP Narine,Kolkata Knight Riders,bat,Eden Gardens,Kolkata,2012.0,2012,5,5,2,1,1,0,269,0,46,0,19,292,28,13,16,12,154,205,148.0,65,26
548353,2012-05-05,Pune Warriors,Kolkata Knight Riders,SP Narine,Kolkata Knight Riders,bat,Eden Gardens,Kolkata,2012.0,2012,5,5,2,0,1,0,45,0,268,0,19,292,28,13,16,12,154,205,148.0,25,65
548354,2012-05-05,Rajasthan Royals,Kings XI Punjab,SR Watson,Rajasthan Royals,bat,"Punjab Cricket Association Stadium, Mohali",Chandigarh,2012.0,2012,5,5,2,1,1,0,239,0,190,0,19,310,17,14,17,11,70,122,148.0,67,68
548354,2012-05-05,Kings XI Punjab,Rajasthan Royals,SR Watson,Rajasthan Royals,bat,"Punjab Cricket Association Stadium, Mohali",Chandigarh,2012.0,2012,5,5,2,0,1,0,190,0,240,0,19,310,17,14,17,11,70,122,148.0,68,67
548355,2012-05-06,Chennai Super Kings,Mumbai Indians,DR Smith,Mumbai Indians,field,Wankhede Stadium,Mumbai,2012.0,2012,5,6,2,0,0,1,256,0,282,0,19,347,12,16,19,13,146,366,148.0,73,70
548355,2012-05-06,Mumbai Indians,Chennai Super Kings,DR Smith,Mumbai Indians,field,Wankhede Stadium,Mumbai,2012.0,2012,5,6,2,1,0,1,282,0,257,0,19,347,12,16,19,13,146,366,148.0,70,73
548356,2012-05-06,Deccan Chargers,Royal Challengers Bangalore,AB de Villiers,Royal Challengers Bangalore,field,M Chinnaswamy Stadium,Bangalore,2012.0,2012,5,6,2,0,0,1,75,0,239,0,19,366,12,7,11,13,129,129,148.0,70,72
548356,2012-05-06,Royal Challengers Bangalore,Deccan Chargers,AB de Villiers,Royal Challengers Bangalore,field,M Chinnaswamy Stadium,Bangalore,2012.0,2012,5,6,2,1,0,1,240,0,75,0,19,366,12,7,11,13,129,129,148.0,72,70
548357,2012-05-07,Delhi Daredevils,Kolkata Knight Riders,JH Kallis,Delhi Daredevils,bat,Feroz Shah Kotla,Delhi,2012.0,2012,5,0,2,1,1,0,161,0,268,0,19,306,29,13,15,10,119,197,148.0,68,66
548357,2012-05-07,Kolkata Knight Riders,Delhi Daredevils,JH Kallis,Delhi Daredevils,bat,Feroz Shah Kotla,Delhi,2012.0,2012,5,0,2,0,1,0,269,0,160,0,19,306,29,13,15,10,119,197,148.0,66,67
548358,2012-05-08,Pune Warriors,Rajasthan Royals,SR Watson,Pune Warriors,bat,Subrata Roy Sahara Stadium,Pune,2012.0,2012,5,1,2,1,1,0,45,0,240,0,19,250,9,9,13,13,32,102,148.0,26,68
548358,2012-05-08,Rajasthan Royals,Pune Warriors,SR Watson,Pune Warriors,bat,Subrata Roy Sahara Stadium,Pune,2012.0,2012,5,1,2,0,1,0,239,0,46,0,19,250,9,9,13,13,32,102,148.0,68,27
548359,2012-05-08,Kings XI Punjab,Deccan Chargers,Mandeep Singh,Deccan Chargers,field,"Rajiv Gandhi International Stadium, Uppal",Hyderabad,2012.0,2012,5,1,2,0,0,1,190,0,75,0,19,314,18,13,17,13,98,169,148.0,69,71
548359,2012-05-08,Deccan Chargers,Kings XI Punjab,Mandeep Singh,Deccan Chargers,field,"Rajiv Gandhi International Stadium, Uppal",Hyderabad,2012.0,2012,5,1,2,1,0,1,75,0,190,0,19,314,18,13,17,13,98,169,148.0,71,69
548360,2012-05-09,Mumbai Indians,Royal Challengers Bangalore,CH Gayle,Royal Challengers Bangalore,field,Wankhede Stadium,Mumbai,2012.0,2012,5,2,2,0,0,1,282,0,239,0,19,283,12,7,11,11,146,366,148.0,71,73
548360,2012-05-09,Royal Challengers Bangalore,Mumbai Indians,CH Gayle,Royal Challengers Bangalore,field,Wankhede Stadium,Mumbai,2012.0,2012,5,2,2,1,0,1,240,0,282,0,19,283,12,7,11,11,146,366,148.0,73,71
548329,2012-05-10,Deccan Chargers,Delhi Daredevils,DA Warner,Deccan Chargers,bat,"Rajiv Gandhi International Stadium, Uppal",Hyderabad,2012.0,2012,5,3,2,1,1,0,75,0,160,0,19,380,18,5,8,11,98,169,148.0,72,68
548329,2012-05-10,Delhi Daredevils,Deccan Chargers,DA Warner,Deccan Chargers,bat,"Rajiv Gandhi International Stadium, Uppal",Hyderabad,2012.0,2012,5,3,2,0,1,0,161,0,75,0,19,380,18,5,8,11,98,169,148.0,69,72
548361,2012-05-10,Rajasthan Royals,Chennai Super Kings,BW Hilfenhaus,Chennai Super Kings,field,Sawai Mansingh Stadium,Jaipur,2012.0,2012,5,3,2,0,0,1,239,0,257,0,19,251,23,12,16,11,94,128,148.0,69,74
548361,2012-05-10,Chennai Super Kings,Rajasthan Royals,BW Hilfenhaus,Chennai Super Kings,field,Sawai Mansingh Stadium,Jaipur,2012.0,2012,5,3,2,1,0,1,256,0,240,0,19,251,23,12,16,11,94,128,148.0,74,69
548362,2012-05-11,Royal Challengers Bangalore,Pune Warriors,CH Gayle,Pune Warriors,field,Subrata Roy Sahara Stadium,Pune,2012.0,2012,5,4,2,0,0,1,240,0,46,0,19,311,13,12,16,11,32,102,148.0,74,28
548362,2012-05-11,Pune Warriors,Royal Challengers Bangalore,CH Gayle,Pune Warriors,field,Subrata Roy Sahara Stadium,Pune,2012.0,2012,5,4,2,1,0,1,45,0,239,0,19,311,13,12,16,11,32,102,148.0,27,74
548363,2012-05-12,Mumbai Indians,Kolkata Knight Riders,RG Sharma,Mumbai Indians,bat,Eden Gardens,Kolkata,2012.0,2012,5,5,2,1,1,0,282,0,268,0,19,337,9,5,9,11,154,205,148.0,72,67
548363,2012-05-12,Kolkata Knight Riders,Mumbai Indians,RG Sharma,Mumbai Indians,bat,Eden Gardens,Kolkata,2012.0,2012,5,5,2,0,1,0,269,0,282,0,19,337,9,5,9,11,154,205,148.0,67,72
548364,2012-05-12,Delhi Daredevils,Chennai Super Kings,BW Hilfenhaus,Chennai Super Kings,field,"MA Chidambaram Stadium, Chepauk",Chennai,2012.0,2012,5,5,2,0,0,1,161,0,257,0,19,229,8,6,10,11,96,188,148.0,70,75
548364,2012-05-12,Chennai Super Kings,Delhi Daredevils,BW Hilfenhaus,Chennai Super Kings,field,"MA Chidambaram Stadium, Chepauk",Chennai,2012.0,2012,5,5,2,1,0,1,256,0,160,0,19,229,8,6,10,11,96,188,148.0,75,69
548365,2012-05-13,Rajasthan Royals,Pune Warriors,A Chandila,Rajasthan Royals,bat,Sawai Mansingh Stadium,Jaipur,2012.0,2012,5,6,2,1,1,0,239,0,46,0,19,295,7,13,17,12,94,128,148.0,70,29
548365,2012-05-13,Pune Warriors,Rajasthan Royals,A Chandila,Rajasthan Royals,bat,Sawai Mansingh Stadium,Jaipur,2012.0,2012,5,6,2,0,1,0,45,0,240,0,19,295,7,13,17,12,94,128,148.0,28,70
548366,2012-05-13,Deccan Chargers,Kings XI Punjab,DJ Hussey,Deccan Chargers,bat,"Punjab Cricket Association Stadium, Mohali",Chandigarh,2012.0,2012,5,6,2,1,1,0,75,0,190,0,19,384,17,10,13,12,70,122,148.0,73,70
548366,2012-05-13,Kings XI Punjab,Deccan Chargers,DJ Hussey,Deccan Chargers,bat,"Punjab Cricket Association Stadium, Mohali",Chandigarh,2012.0,2012,5,6,2,0,1,0,190,0,75,0,19,384,17,10,13,12,70,122,148.0,70,73
548367,2012-05-14,Royal Challengers Bangalore,Mumbai Indians,AT Rayudu,Mumbai Indians,field,M Chinnaswamy Stadium,Bangalore,2012.0,2012,5,0,2,0,0,1,240,0,282,0,19,344,25,11,15,12,129,129,148.0,75,73
548367,2012-05-14,Mumbai Indians,Royal Challengers Bangalore,AT Rayudu,Mumbai Indians,field,M Chinnaswamy Stadium,Bangalore,2012.0,2012,5,0,2,1,0,1,282,0,239,0,19,344,25,11,15,12,129,129,148.0,73,75
548368,2012-05-14,Kolkata Knight Riders,Chennai Super Kings,MEK Hussey,Chennai Super Kings,field,Eden Gardens,Kolkata,2012.0,2012,5,0,2,0,0,1,269,0,257,0,19,318,8,11,15,12,154,205,148.0,68,76
548368,2012-05-14,Chennai Super Kings,Kolkata Knight Riders,MEK Hussey,Chennai Super Kings,field,Eden Gardens,Kolkata,2012.0,2012,5,0,2,1,0,1,256,0,268,0,19,318,8,11,15,12,154,205,148.0,76,68
548369,2012-05-15,Kings XI Punjab,Delhi Daredevils,UT Yadav,Kings XI Punjab,bat,Feroz Shah Kotla,Delhi,2012.0,2012,5,1,2,1,1,0,190,0,160,0,19,276,6,13,17,11,119,197,148.0,71,70
548369,2012-05-15,Delhi Daredevils,Kings XI Punjab,UT Yadav,Kings XI Punjab,bat,Feroz Shah Kotla,Delhi,2012.0,2012,5,1,2,0,1,0,161,0,190,0,19,276,6,13,17,11,119,197,148.0,71,71
548370,2012-05-16,Kolkata Knight Riders,Mumbai Indians,SP Narine,Mumbai Indians,field,Wankhede Stadium,Mumbai,2012.0,2012,5,2,2,0,0,1,269,0,282,0,19,248,18,17,19,11,146,366,148.0,69,74
548370,2012-05-16,Mumbai Indians,Kolkata Knight Riders,SP Narine,Mumbai Indians,field,Wankhede Stadium,Mumbai,2012.0,2012,5,2,2,1,0,1,282,0,268,0,19,248,18,17,19,11,146,366,148.0,74,69
548371,2012-05-17,Chennai Super Kings,Kings XI Punjab,AC Gilchrist,Kings XI Punjab,field,Himachal Pradesh Cricket Association Stadium,Dharamsala,2012.0,2012,5,3,2,0,0,1,256,0,190,0,19,242,8,11,15,11,18,29,148.0,77,72
548371,2012-05-17,Kings XI Punjab,Chennai Super Kings,AC Gilchrist,Kings XI Punjab,field,Himachal Pradesh Cricket Association Stadium,Dharamsala,2012.0,2012,5,3,2,1,0,1,190,0,257,0,19,242,8,11,15,11,18,29,148.0,72,77
548372,2012-05-17,Royal Challengers Bangalore,Delhi Daredevils,CH Gayle,Delhi Daredevils,field,Feroz Shah Kotla,Delhi,2012.0,2012,5,3,2,0,0,1,240,0,160,0,19,409,11,10,13,12,119,197,148.0,76,71
548372,2012-05-17,Delhi Daredevils,Royal Challengers Bangalore,CH Gayle,Delhi Daredevils,field,Feroz Shah Kotla,Delhi,2012.0,2012,5,3,2,1,0,1,161,0,239,0,19,409,11,10,13,12,119,197,148.0,72,76
548373,2012-05-18,Rajasthan Royals,Deccan Chargers,DW Steyn,Rajasthan Royals,bat,"Rajiv Gandhi International Stadium, Uppal",Hyderabad,2012.0,2012,5,4,2,1,1,0,239,0,75,0,19,254,16,13,16,12,98,169,148.0,71,74
548373,2012-05-18,Deccan Chargers,Rajasthan Royals,DW Steyn,Rajasthan Royals,bat,"Rajiv Gandhi International Stadium, Uppal",Hyderabad,2012.0,2012,5,4,2,0,1,0,75,0,240,0,19,254,16,13,16,12,98,169,148.0,74,71
548374,2012-05-19,Kings XI Punjab,Delhi Daredevils,UT Yadav,Delhi Daredevils,field,Himachal Pradesh Cricket Association Stadium,Dharamsala,2012.0,2012,5,5,2,0,0,1,190,0,160,0,19,286,17,12,16,10,18,29,148.0,73,72
548374,2012-05-19,Delhi Daredevils,Kings XI Punjab,UT Yadav,Delhi Daredevils,field,Himachal Pradesh Cricket Association Stadium,Dharamsala,2012.0,2012,5,5,2,1,0,1,161,0,190,0,19,286,17,12,16,10,18,29,148.0,73,73
548375,2012-05-19,Kolkata Knight Riders,Pune Warriors,Shakib Al Hasan,Kolkata Knight Riders,bat,Subrata Roy Sahara Stadium,Pune,2012.0,2012,5,5,2,1,1,0,269,0,46,0,19,237,16,12,16,12,32,102,148.0,70,30
548375,2012-05-19,Pune Warriors,Kolkata Knight Riders,Shakib Al Hasan,Kolkata Knight Riders,bat,Subrata Roy Sahara Stadium,Pune,2012.0,2012,5,5,2,0,1,0,45,0,268,0,19,237,16,12,16,12,32,102,148.0,29,70
548376,2012-05-20,Deccan Chargers,Royal Challengers Bangalore,DW Steyn,Royal Challengers Bangalore,field,"Rajiv Gandhi International Stadium, Uppal",Hyderabad,2012.0,2012,5,6,2,0,0,1,75,0,239,0,19,255,13,16,18,11,98,169,148.0,75,77
548376,2012-05-20,Royal Challengers Bangalore,Deccan Chargers,DW Steyn,Royal Challengers Bangalore,field,"Rajiv Gandhi International Stadium, Uppal",Hyderabad,2012.0,2012,5,6,2,1,0,1,240,0,75,0,19,255,13,16,18,11,98,169,148.0,77,75
548377,2012-05-20,Rajasthan Royals,Mumbai Indians,DR Smith,Rajasthan Royals,bat,Sawai Mansingh Stadium,Jaipur,2012.0,2012,5,6,2,1,1,0,239,0,282,0,19,321,28,6,9,13,94,128,148.0,72,75
548377,2012-05-20,Mumbai Indians,Rajasthan Royals,DR Smith,Rajasthan Royals,bat,Sawai Mansingh Stadium,Jaipur,2012.0,2012,5,6,2,0,1,0,282,0,240,0,19,321,28,6,9,13,94,128,148.0,75,72
548378,2012-05-22,Kolkata Knight Riders,Delhi Daredevils,YK Pathan,Kolkata Knight Riders,bat,Subrata Roy Sahara Stadium,Pune,2012.0,2012,5,1,2,1,1,0,269,0,160,0,19,305,17,12,16,11,32,102,148.0,71,73
548378,2012-05-22,Delhi Daredevils,Kolkata Knight Riders,YK Pathan,Kolkata Knight Riders,bat,Subrata Roy Sahara Stadium,Pune,2012.0,2012,5,1,2,0,1,0,161,0,268,0,19,305,17,12,16,11,32,102,148.0,74,71
548379,2012-05-23,Chennai Super Kings,Mumbai Indians,MS Dhoni,Mumbai Indians,field,M Chinnaswamy Stadium,Bangalore,2012.0,2012,5,2,2,0,0,1,256,0,282,0,19,336,16,14,18,13,129,129,148.0,78,76
548379,2012-05-23,Mumbai Indians,Chennai Super Kings,MS Dhoni,Mumbai Indians,field,M Chinnaswamy Stadium,Bangalore,2012.0,2012,5,2,2,1,0,1,282,0,257,0,19,336,16,14,18,13,129,129,148.0,76,78
548380,2012-05-25,Chennai Super Kings,Delhi Daredevils,M Vijay,Delhi Daredevils,field,"MA Chidambaram Stadium, Chepauk",Chennai,2012.0,2012,5,4,2,0,0,1,256,0,160,0,19,357,16,15,17,11,96,188,148.0,79,74
548380,2012-05-25,Delhi Daredevils,Chennai Super Kings,M Vijay,Delhi Daredevils,field,"MA Chidambaram Stadium, Chepauk",Chennai,2012.0,2012,5,4,2,1,0,1,161,0,257,0,19,357,16,15,17,11,96,188,148.0,75,79
548381,2012-05-27,Chennai Super Kings,Kolkata Knight Riders,MS Bisla,Chennai Super Kings,bat,"MA Chidambaram Stadium, Chepauk",Chennai,2012.0,2012,5,6,2,1,1,0,256,0,268,0,19,381,14,8,11,12,96,188,148.0,80,72
548381,2012-05-27,Kolkata Knight Riders,Chennai Super Kings,MS Bisla,Chennai Super Kings,bat,"MA Chidambaram Stadium, Chepauk",Chennai,2012.0,2012,5,6,2,0,1,0,269,0,257,0,19,381,14,8,11,12,96,188,148.0,72,80
597998,2013-04-03,Delhi Daredevils,Kolkata Knight Riders,SP Narine,Kolkata Knight Riders,field,Eden Gardens,Kolkata,2013.0,2013,4,2,2,0,0,1,161,0,268,0,19,257,11,14,16,12,154,205,152.0,76,73
597998,2013-04-03,Kolkata Knight Riders,Delhi Daredevils,SP Narine,Kolkata Knight Riders,field,Eden Gardens,Kolkata,2013.0,2013,4,2,2,1,0,1,269,0,160,0,19,257,11,14,16,12,154,205,152.0,73,75
597999,2013-04-04,Royal Challengers Bangalore,Mumbai Indians,CH Gayle,Mumbai Indians,field,M Chinnaswamy Stadium,Bangalore,2013.0,2013,4,3,2,0,0,1,240,0,282,0,19,310,24,10,14,11,129,129,152.0,78,77
597999,2013-04-04,Mumbai Indians,Royal Challengers Bangalore,CH Gayle,Mumbai Indians,field,M Chinnaswamy Stadium,Bangalore,2013.0,2013,4,3,2,1,0,1,282,0,239,0,19,310,24,10,14,11,129,129,152.0,77,78
598000,2013-04-05,Sunrisers Hyderabad,Pune Warriors,A Mishra,Pune Warriors,field,"Rajiv Gandhi International Stadium, Uppal",Hyderabad,2013.0,2013,4,4,2,0,0,1,200,0,46,0,19,230,5,16,19,12,98,169,152.0,1,31
598000,2013-04-05,Pune Warriors,Sunrisers Hyderabad,A Mishra,Pune Warriors,field,"Rajiv Gandhi International Stadium, Uppal",Hyderabad,2013.0,2013,4,4,2,1,0,1,45,0,201,0,19,230,5,16,19,12,98,169,152.0,30,1
598001,2013-04-06,Rajasthan Royals,Delhi Daredevils,R Dravid,Rajasthan Royals,bat,Feroz Shah Kotla,Delhi,2013.0,2013,4,5,2,1,1,0,239,0,160,0,19,324,19,13,16,12,119,197,152.0,73,76
598001,2013-04-06,Delhi Daredevils,Rajasthan Royals,R Dravid,Rajasthan Royals,bat,Feroz Shah Kotla,Delhi,2013.0,2013,4,5,2,0,1,0,161,0,240,0,19,324,19,13,16,12,119,197,152.0,77,73
598002,2013-04-06,Mumbai Indians,Chennai Super Kings,KA Pollard,Mumbai Indians,bat,"MA Chidambaram Stadium, Chepauk",Chennai,2013.0,2013,4,5,2,1,1,0,282,0,257,0,19,285,14,15,18,11,96,188,152.0,78,81
598002,2013-04-06,Chennai Super Kings,Mumbai Indians,KA Pollard,Mumbai Indians,bat,"MA Chidambaram Stadium, Chepauk",Chennai,2013.0,2013,4,5,2,0,1,0,256,0,282,0,19,285,14,15,18,11,96,188,152.0,81,78
598003,2013-04-07,Pune Warriors,Kings XI Punjab,M Vohra,Pune Warriors,bat,Subrata Roy Sahara Stadium,Pune,2013.0,2013,4,6,2,1,1,0,45,0,190,0,19,199,6,11,14,10,32,102,152.0,31,74
598003,2013-04-07,Kings XI Punjab,Pune Warriors,M Vohra,Pune Warriors,bat,Subrata Roy Sahara Stadium,Pune,2013.0,2013,4,6,2,0,1,0,190,0,46,0,19,199,6,11,14,10,32,102,152.0,74,32
598004,2013-04-07,Royal Challengers Bangalore,Sunrisers Hyderabad,GH Vihari,Royal Challengers Bangalore,bat,"Rajiv Gandhi International Stadium, Uppal",Hyderabad,2013.0,2013,4,6,2,1,1,0,240,0,201,0,19,295,25,15,18,13,98,169,152.0,79,2
598004,2013-04-07,Sunrisers Hyderabad,Royal Challengers Bangalore,GH Vihari,Royal Challengers Bangalore,bat,"Rajiv Gandhi International Stadium, Uppal",Hyderabad,2013.0,2013,4,6,2,0,1,0,200,0,239,0,19,295,25,15,18,13,98,169,152.0,2,79
598005,2013-04-08,Rajasthan Royals,Kolkata Knight Riders,SK Trivedi,Kolkata Knight Riders,field,Sawai Mansingh Stadium,Jaipur,2013.0,2013,4,0,2,0,0,1,239,0,268,0,19,268,19,16,19,11,94,128,152.0,74,74
598005,2013-04-08,Kolkata Knight Riders,Rajasthan Royals,SK Trivedi,Kolkata Knight Riders,field,Sawai Mansingh Stadium,Jaipur,2013.0,2013,4,0,2,1,0,1,269,0,240,0,19,268,19,16,19,11,94,128,152.0,74,74
598006,2013-04-09,Mumbai Indians,Delhi Daredevils,KD Karthik,Mumbai Indians,bat,Wankhede Stadium,Mumbai,2013.0,2013,4,1,2,1,1,0,282,0,160,0,19,374,20,14,18,11,146,366,152.0,79,77
598006,2013-04-09,Delhi Daredevils,Mumbai Indians,KD Karthik,Mumbai Indians,bat,Wankhede Stadium,Mumbai,2013.0,2013,4,1,2,0,1,0,161,0,282,0,19,374,20,14,18,11,146,366,152.0,78,79
598048,2013-04-09,Sunrisers Hyderabad,Royal Challengers Bangalore,V Kohli,Sunrisers Hyderabad,bat,M Chinnaswamy Stadium,Bangalore,2013.0,2013,4,1,2,1,1,0,200,0,239,0,19,322,9,9,13,13,129,129,152.0,3,80
598048,2013-04-09,Royal Challengers Bangalore,Sunrisers Hyderabad,V Kohli,Sunrisers Hyderabad,bat,M Chinnaswamy Stadium,Bangalore,2013.0,2013,4,1,2,0,1,0,240,0,201,0,19,322,9,9,13,13,129,129,152.0,80,3
598007,2013-04-10,Kings XI Punjab,Chennai Super Kings,MEK Hussey,Chennai Super Kings,field,"Punjab Cricket Association Stadium, Mohali",Chandigarh,2013.0,2013,4,2,2,0,0,1,190,0,257,0,19,277,11,10,13,12,70,122,152.0,75,82
598007,2013-04-10,Chennai Super Kings,Kings XI Punjab,MEK Hussey,Chennai Super Kings,field,"Punjab Cricket Association Stadium, Mohali",Chandigarh,2013.0,2013,4,2,2,1,0,1,256,0,190,0,19,277,11,10,13,12,70,122,152.0,82,75
598008,2013-04-11,Kolkata Knight Riders,Royal Challengers Bangalore,CH Gayle,Royal Challengers Bangalore,field,M Chinnaswamy Stadium,Bangalore,2013.0,2013,4,3,2,0,0,1,269,0,239,0,19,312,16,10,14,11,129,129,152.0,75,81
598008,2013-04-11,Royal Challengers Bangalore,Kolkata Knight Riders,CH Gayle,Royal Challengers Bangalore,field,M Chinnaswamy Stadium,Bangalore,2013.0,2013,4,3,2,1,0,1,240,0,268,0,19,312,16,10,14,11,129,129,152.0,81,75
598009,2013-04-11,Rajasthan Royals,Pune Warriors,AJ Finch,Rajasthan Royals,bat,Subrata Roy Sahara Stadium,Pune,2013.0,2013,4,3,2,1,1,0,239,0,46,0,19,293,13,8,12,11,32,102,152.0,75,33
598009,2013-04-11,Pune Warriors,Rajasthan Royals,AJ Finch,Rajasthan Royals,bat,Subrata Roy Sahara Stadium,Pune,2013.0,2013,4,3,2,0,1,0,45,0,240,0,19,293,13,8,12,11,32,102,152.0,32,75
598010,2013-04-12,Delhi Daredevils,Sunrisers Hyderabad,A Mishra,Delhi Daredevils,bat,Feroz Shah Kotla,Delhi,2013.0,2013,4,4,2,1,1,0,161,0,201,0,19,228,9,15,19,11,119,197,152.0,79,4
598010,2013-04-12,Sunrisers Hyderabad,Delhi Daredevils,A Mishra,Delhi Daredevils,bat,Feroz Shah Kotla,Delhi,2013.0,2013,4,4,2,0,1,0,200,0,160,0,19,228,9,15,19,11,119,197,152.0,4,78
598011,2013-04-13,Mumbai Indians,Pune Warriors,RG Sharma,Mumbai Indians,bat,Wankhede Stadium,Mumbai,2013.0,2013,4,5,2,1,1,0,282,0,46,0,19,325,8,11,15,13,146,366,152.0,80,34
598011,2013-04-13,Pune Warriors,Mumbai Indians,RG Sharma,Mumbai Indians,bat,Wankhede Stadium,Mumbai,2013.0,2013,4,5,2,0,1,0,45,0,282,0,19,325,8,11,15,13,146,366,152.0,33,80
598012,2013-04-13,Royal Challengers Bangalore,Chennai Super Kings,RA Jadeja,Chennai Super Kings,field,"MA Chidambaram Stadium, Chepauk",Chennai,2013.0,2013,4,5,2,0,0,1,240,0,257,0,19,330,15,12,15,12,96,188,152.0,82,83
598012,2013-04-13,Chennai Super Kings,Royal Challengers Bangalore,RA Jadeja,Chennai Super Kings,field,"MA Chidambaram Stadium, Chepauk",Chennai,2013.0,2013,4,5,2,1,0,1,256,0,239,0,19,330,15,12,15,12,96,188,152.0,83,82
598013,2013-04-14,Kolkata Knight Riders,Sunrisers Hyderabad,G Gambhir,Kolkata Knight Riders,bat,Eden Gardens,Kolkata,2013.0,2013,4,6,2,1,1,0,269,0,201,0,19,312,20,11,14,12,154,205,152.0,76,5
598013,2013-04-14,Sunrisers Hyderabad,Kolkata Knight Riders,G Gambhir,Kolkata Knight Riders,bat,Eden Gardens,Kolkata,2013.0,2013,4,6,2,0,1,0,200,0,268,0,19,312,20,11,14,12,154,205,152.0,5,76
598014,2013-04-14,Kings XI Punjab,Rajasthan Royals,JP Faulkner,Rajasthan Royals,field,Sawai Mansingh Stadium,Jaipur,2013.0,2013,4,6,2,0,0,1,190,0,240,0,19,249,18,14,17,11,94,128,152.0,76,76
598014,2013-04-14,Rajasthan Royals,Kings XI Punjab,JP Faulkner,Rajasthan Royals,field,Sawai Mansingh Stadium,Jaipur,2013.0,2013,4,6,2,1,0,1,239,0,190,0,19,249,18,14,17,11,94,128,152.0,76,76
598015,2013-04-15,Pune Warriors,Chennai Super Kings,SPD Smith,Pune Warriors,bat,"MA Chidambaram Stadium, Chepauk",Chennai,2013.0,2013,4,0,2,1,1,0,45,0,257,0,19,294,10,13,17,11,96,188,152.0,34,84
598015,2013-04-15,Chennai Super Kings,Pune Warriors,SPD Smith,Pune Warriors,bat,"MA Chidambaram Stadium, Chepauk",Chennai,2013.0,2013,4,0,2,0,1,0,256,0,46,0,19,294,10,13,17,11,96,188,152.0,84,35
598016,2013-04-16,Kings XI Punjab,Kolkata Knight Riders,MS Gony,Kolkata Knight Riders,field,"Punjab Cricket Association Stadium, Mohali",Chandigarh,2013.0,2013,4,1,2,0,0,1,190,0,268,0,19,310,18,18,20,11,70,122,152.0,77,77
598016,2013-04-16,Kolkata Knight Riders,Kings XI Punjab,MS Gony,Kolkata Knight Riders,field,"Punjab Cricket Association Stadium, Mohali",Chandigarh,2013.0,2013,4,1,2,1,0,1,269,0,190,0,19,310,18,18,20,11,70,122,152.0,77,77
598017,2013-04-16,Delhi Daredevils,Royal Challengers Bangalore,V Kohli,Royal Challengers Bangalore,field,M Chinnaswamy Stadium,Bangalore,2013.0,2013,4,1,2,0,0,1,161,0,239,0,19,330,9,14,16,11,129,129,152.0,80,83
598017,2013-04-16,Royal Challengers Bangalore,Delhi Daredevils,V Kohli,Royal Challengers Bangalore,field,M Chinnaswamy Stadium,Bangalore,2013.0,2013,4,1,2,1,0,1,240,0,160,0,19,330,9,14,16,11,129,129,152.0,83,79
598018,2013-04-17,Sunrisers Hyderabad,Pune Warriors,A Mishra,Pune Warriors,field,Maharashtra Cricket Association Stadium,Pune,2013.0,2013,4,2,2,0,0,1,200,0,46,0,19,227,5,18,21,10,44,102,152.0,6,36
598018,2013-04-17,Pune Warriors,Sunrisers Hyderabad,A Mishra,Pune Warriors,field,Maharashtra Cricket Association Stadium,Pune,2013.0,2013,4,2,2,1,0,1,45,0,201,0,19,227,5,18,21,10,44,102,152.0,35,6
598019,2013-04-17,Rajasthan Royals,Mumbai Indians,AM Rahane,Rajasthan Royals,bat,Sawai Mansingh Stadium,Jaipur,2013.0,2013,4,2,2,1,1,0,239,0,282,0,19,271,22,13,16,12,94,128,152.0,77,81
598019,2013-04-17,Mumbai Indians,Rajasthan Royals,AM Rahane,Rajasthan Royals,bat,Sawai Mansingh Stadium,Jaipur,2013.0,2013,4,2,2,0,1,0,282,0,240,0,19,271,22,13,16,12,94,128,152.0,81,77
598020,2013-04-18,Chennai Super Kings,Delhi Daredevils,MEK Hussey,Chennai Super Kings,bat,Feroz Shah Kotla,Delhi,2013.0,2013,4,3,2,1,1,0,256,0,160,0,19,252,13,14,16,12,119,197,152.0,85,80
598020,2013-04-18,Delhi Daredevils,Chennai Super Kings,MEK Hussey,Chennai Super Kings,bat,Feroz Shah Kotla,Delhi,2013.0,2013,4,3,2,0,1,0,161,0,257,0,19,252,13,14,16,12,119,197,152.0,81,85
598021,2013-04-19,Kings XI Punjab,Sunrisers Hyderabad,GH Vihari,Kings XI Punjab,bat,"Rajiv Gandhi International Stadium, Uppal",Hyderabad,2013.0,2013,4,4,2,1,1,0,190,0,201,0,19,250,13,14,17,11,98,169,152.0,78,7
598021,2013-04-19,Sunrisers Hyderabad,Kings XI Punjab,GH Vihari,Kings XI Punjab,bat,"Rajiv Gandhi International Stadium, Uppal",Hyderabad,2013.0,2013,4,4,2,0,1,0,200,0,190,0,19,250,13,14,17,11,98,169,152.0,7,78
598022,2013-04-20,Kolkata Knight Riders,Chennai Super Kings,RA Jadeja,Kolkata Knight Riders,bat,Eden Gardens,Kolkata,2013.0,2013,4,5,2,1,1,0,269,0,257,0,19,243,10,15,18,12,154,205,152.0,78,86
598022,2013-04-20,Chennai Super Kings,Kolkata Knight Riders,RA Jadeja,Kolkata Knight Riders,bat,Eden Gardens,Kolkata,2013.0,2013,4,5,2,0,1,0,256,0,268,0,19,243,10,15,18,12,154,205,152.0,86,78
598023,2013-04-20,Rajasthan Royals,Royal Challengers Bangalore,R Vinay Kumar,Royal Challengers Bangalore,field,M Chinnaswamy Stadium,Bangalore,2013.0,2013,4,5,2,0,0,1,239,0,239,0,19,239,15,13,16,11,129,129,152.0,78,84
598023,2013-04-20,Royal Challengers Bangalore,Rajasthan Royals,R Vinay Kumar,Royal Challengers Bangalore,field,M Chinnaswamy Stadium,Bangalore,2013.0,2013,4,5,2,1,0,1,240,0,240,0,19,239,15,13,16,11,129,129,152.0,84,78
598024,2013-04-21,Mumbai Indians,Delhi Daredevils,V Sehwag,Mumbai Indians,bat,Feroz Shah Kotla,Delhi,2013.0,2013,4,6,2,1,1,0,282,0,160,0,19,326,7,5,9,12,119,197,152.0,82,81
598024,2013-04-21,Delhi Daredevils,Mumbai Indians,V Sehwag,Mumbai Indians,bat,Feroz Shah Kotla,Delhi,2013.0,2013,4,6,2,0,1,0,161,0,282,0,19,326,7,5,9,12,119,197,152.0,82,82
598025,2013-04-21,Pune Warriors,Kings XI Punjab,DA Miller,Kings XI Punjab,field,"Punjab Cricket Association Stadium, Mohali",Chandigarh,2013.0,2013,4,6,2,0,0,1,45,0,190,0,19,371,11,7,11,11,70,122,152.0,36,79
598025,2013-04-21,Kings XI Punjab,Pune Warriors,DA Miller,Kings XI Punjab,field,"Punjab Cricket Association Stadium, Mohali",Chandigarh,2013.0,2013,4,6,2,1,0,1,190,0,46,0,19,371,11,7,11,11,70,122,152.0,79,37
598026,2013-04-22,Rajasthan Royals,Chennai Super Kings,MEK Hussey,Rajasthan Royals,bat,"MA Chidambaram Stadium, Chepauk",Chennai,2013.0,2013,4,0,2,1,1,0,239,0,257,0,19,370,16,9,13,13,96,188,152.0,79,87
598026,2013-04-22,Chennai Super Kings,Rajasthan Royals,MEK Hussey,Rajasthan Royals,bat,"MA Chidambaram Stadium, Chepauk",Chennai,2013.0,2013,4,0,2,0,1,0,256,0,240,0,19,370,16,9,13,13,96,188,152.0,87,79
598027,2013-04-23,Royal Challengers Bangalore,Pune Warriors,CH Gayle,Pune Warriors,field,M Chinnaswamy Stadium,Bangalore,2013.0,2013,4,1,2,0,0,1,240,0,46,0,19,394,13,14,17,13,129,129,152.0,85,38
598027,2013-04-23,Pune Warriors,Royal Challengers Bangalore,CH Gayle,Pune Warriors,field,M Chinnaswamy Stadium,Bangalore,2013.0,2013,4,1,2,1,0,1,45,0,239,0,19,394,13,14,17,13,129,129,152.0,37,85
598059,2013-04-23,Delhi Daredevils,Kings XI Punjab,Harmeet Singh,Kings XI Punjab,field,Feroz Shah Kotla,Delhi,2013.0,2013,4,1,2,0,0,1,161,0,190,0,19,241,13,12,16,12,119,197,152.0,83,80
598059,2013-04-23,Kings XI Punjab,Delhi Daredevils,Harmeet Singh,Kings XI Punjab,field,Feroz Shah Kotla,Delhi,2013.0,2013,4,1,2,1,0,1,190,0,160,0,19,241,13,12,16,12,119,197,152.0,80,82
598029,2013-04-24,Kolkata Knight Riders,Mumbai Indians,DR Smith,Kolkata Knight Riders,bat,Eden Gardens,Kolkata,2013.0,2013,4,2,2,1,1,0,269,0,282,0,19,321,10,11,14,11,154,205,152.0,79,83
598029,2013-04-24,Mumbai Indians,Kolkata Knight Riders,DR Smith,Kolkata Knight Riders,bat,Eden Gardens,Kolkata,2013.0,2013,4,2,2,0,1,0,282,0,268,0,19,321,10,11,14,11,154,205,152.0,83,79
598030,2013-04-25,Sunrisers Hyderabad,Chennai Super Kings,MS Dhoni,Sunrisers Hyderabad,bat,"MA Chidambaram Stadium, Chepauk",Chennai,2013.0,2013,4,3,2,1,1,0,200,0,257,0,19,319,14,11,15,12,96,188,152.0,8,88
598030,2013-04-25,Chennai Super Kings,Sunrisers Hyderabad,MS Dhoni,Sunrisers Hyderabad,bat,"MA Chidambaram Stadium, Chepauk",Chennai,2013.0,2013,4,3,2,0,1,0,256,0,201,0,19,319,14,11,15,12,96,188,152.0,88,8
598031,2013-04-26,Kings XI Punjab,Kolkata Knight Riders,JH Kallis,Kings XI Punjab,bat,Eden Gardens,Kolkata,2013.0,2013,4,4,2,1,1,0,190,0,268,0,19,299,17,10,14,11,154,205,152.0,81,80
598031,2013-04-26,Kolkata Knight Riders,Kings XI Punjab,JH Kallis,Kings XI Punjab,bat,Eden Gardens,Kolkata,2013.0,2013,4,4,2,0,1,0,269,0,190,0,19,299,17,10,14,11,154,205,152.0,80,81
598032,2013-04-27,Sunrisers Hyderabad,Rajasthan Royals,JP Faulkner,Sunrisers Hyderabad,bat,Sawai Mansingh Stadium,Jaipur,2013.0,2013,4,5,2,1,1,0,200,0,240,0,19,289,12,11,14,12,94,128,152.0,9,80
598032,2013-04-27,Rajasthan Royals,Sunrisers Hyderabad,JP Faulkner,Sunrisers Hyderabad,bat,Sawai Mansingh Stadium,Jaipur,2013.0,2013,4,5,2,0,1,0,239,0,201,0,19,289,12,11,14,12,94,128,152.0,80,9
598033,2013-04-27,Mumbai Indians,Royal Challengers Bangalore,DR Smith,Mumbai Indians,bat,Wankhede Stadium,Mumbai,2013.0,2013,4,5,2,1,1,0,282,0,239,0,19,329,19,14,17,11,146,366,152.0,84,86
598033,2013-04-27,Royal Challengers Bangalore,Mumbai Indians,DR Smith,Mumbai Indians,bat,Wankhede Stadium,Mumbai,2013.0,2013,4,5,2,0,1,0,240,0,282,0,19,329,19,14,17,11,146,366,152.0,86,84
598034,2013-04-28,Chennai Super Kings,Kolkata Knight Riders,MEK Hussey,Kolkata Knight Riders,field,"MA Chidambaram Stadium, Chepauk",Chennai,2013.0,2013,4,6,2,0,0,1,256,0,268,0,19,386,23,7,11,12,96,188,152.0,89,81
598034,2013-04-28,Kolkata Knight Riders,Chennai Super Kings,MEK Hussey,Kolkata Knight Riders,field,"MA Chidambaram Stadium, Chepauk",Chennai,2013.0,2013,4,6,2,1,0,1,269,0,257,0,19,386,23,7,11,12,96,188,152.0,81,89
598035,2013-04-28,Delhi Daredevils,Pune Warriors,DA Warner,Pune Warriors,field,Shaheed Veer Narayan Singh International Stadium,Raipur,2013.0,2013,4,6,2,0,0,1,161,0,46,0,19,313,20,9,13,12,12,12,152.0,84,39
598035,2013-04-28,Pune Warriors,Delhi Daredevils,DA Warner,Pune Warriors,field,Shaheed Veer Narayan Singh International Stadium,Raipur,2013.0,2013,4,6,2,1,0,1,45,0,160,0,19,313,20,9,13,12,12,12,152.0,38,83
598036,2013-04-29,Royal Challengers Bangalore,Rajasthan Royals,SV Samson,Rajasthan Royals,field,Sawai Mansingh Stadium,Jaipur,2013.0,2013,4,0,2,0,0,1,240,0,240,0,19,344,15,12,16,12,94,128,152.0,87,81
598036,2013-04-29,Rajasthan Royals,Royal Challengers Bangalore,SV Samson,Rajasthan Royals,field,Sawai Mansingh Stadium,Jaipur,2013.0,2013,4,0,2,1,0,1,239,0,239,0,19,344,15,12,16,12,94,128,152.0,81,87
598037,2013-04-29,Mumbai Indians,Kings XI Punjab,RG Sharma,Mumbai Indians,bat,Wankhede Stadium,Mumbai,2013.0,2013,4,0,2,1,1,0,282,0,190,0,19,343,20,13,16,12,146,366,152.0,85,82
598037,2013-04-29,Kings XI Punjab,Mumbai Indians,RG Sharma,Mumbai Indians,bat,Wankhede Stadium,Mumbai,2013.0,2013,4,0,2,0,1,0,190,0,282,0,19,343,20,13,16,12,146,366,152.0,82,85
598038,2013-04-30,Chennai Super Kings,Pune Warriors,MS Dhoni,Chennai Super Kings,bat,Subrata Roy Sahara Stadium,Pune,2013.0,2013,4,1,2,1,1,0,256,0,46,0,19,291,10,12,16,12,32,102,152.0,90,40
598038,2013-04-30,Pune Warriors,Chennai Super Kings,MS Dhoni,Chennai Super Kings,bat,Subrata Roy Sahara Stadium,Pune,2013.0,2013,4,1,2,0,1,0,45,0,257,0,19,291,10,12,16,12,32,102,152.0,39,90
598039,2013-05-01,Mumbai Indians,Sunrisers Hyderabad,I Sharma,Mumbai Indians,bat,"Rajiv Gandhi International Stadium, Uppal",Hyderabad,2013.0,2013,5,2,2,1,1,0,282,0,201,0,19,259,10,7,11,12,98,169,152.0,86,10
598039,2013-05-01,Sunrisers Hyderabad,Mumbai Indians,I Sharma,Mumbai Indians,bat,"Rajiv Gandhi International Stadium, Uppal",Hyderabad,2013.0,2013,5,2,2,0,1,0,200,0,282,0,19,259,10,7,11,12,98,169,152.0,10,86
598040,2013-05-01,Kolkata Knight Riders,Delhi Daredevils,DA Warner,Kolkata Knight Riders,bat,Shaheed Veer Narayan Singh International Stadium,Raipur,2013.0,2013,5,2,2,1,1,0,269,0,160,0,19,273,9,10,13,11,12,12,152.0,82,84
598040,2013-05-01,Delhi Daredevils,Kolkata Knight Riders,DA Warner,Kolkata Knight Riders,bat,Shaheed Veer Narayan Singh International Stadium,Raipur,2013.0,2013,5,2,2,0,1,0,161,0,268,0,19,273,9,10,13,11,12,12,152.0,85,82
598041,2013-05-02,Chennai Super Kings,Kings XI Punjab,SK Raina,Chennai Super Kings,bat,"MA Chidambaram Stadium, Chepauk",Chennai,2013.0,2013,5,3,2,1,1,0,256,0,190,0,19,357,6,10,14,12,96,188,152.0,91,83
598041,2013-05-02,Kings XI Punjab,Chennai Super Kings,SK Raina,Chennai Super Kings,bat,"MA Chidambaram Stadium, Chepauk",Chennai,2013.0,2013,5,3,2,0,1,0,190,0,257,0,19,357,6,10,14,12,96,188,152.0,83,91
598042,2013-05-02,Royal Challengers Bangalore,Pune Warriors,AB de Villiers,Royal Challengers Bangalore,bat,Subrata Roy Sahara Stadium,Pune,2013.0,2013,5,3,2,1,1,0,240,0,46,0,19,357,18,12,16,13,32,102,152.0,88,41
598042,2013-05-02,Pune Warriors,Royal Challengers Bangalore,AB de Villiers,Royal Challengers Bangalore,bat,Subrata Roy Sahara Stadium,Pune,2013.0,2013,5,3,2,0,1,0,45,0,239,0,19,357,18,12,16,13,32,102,152.0,40,88
598043,2013-05-03,Rajasthan Royals,Kolkata Knight Riders,YK Pathan,Rajasthan Royals,bat,Eden Gardens,Kolkata,2013.0,2013,5,4,2,1,1,0,239,0,268,0,19,264,16,8,12,12,154,205,152.0,82,83
598043,2013-05-03,Kolkata Knight Riders,Rajasthan Royals,YK Pathan,Rajasthan Royals,bat,Eden Gardens,Kolkata,2013.0,2013,5,4,2,0,1,0,269,0,240,0,19,264,16,8,12,12,154,205,152.0,83,82
598044,2013-05-04,Delhi Daredevils,Sunrisers Hyderabad,DJG Sammy,Delhi Daredevils,bat,"Rajiv Gandhi International Stadium, Uppal",Hyderabad,2013.0,2013,5,5,2,1,1,0,161,0,201,0,19,161,9,14,17,12,98,169,152.0,86,11
598044,2013-05-04,Sunrisers Hyderabad,Delhi Daredevils,DJG Sammy,Delhi Daredevils,bat,"Rajiv Gandhi International Stadium, Uppal",Hyderabad,2013.0,2013,5,5,2,0,1,0,200,0,160,0,19,161,9,14,17,12,98,169,152.0,11,85
598046,2013-05-05,Mumbai Indians,Chennai Super Kings,MG Johnson,Mumbai Indians,bat,Wankhede Stadium,Mumbai,2013.0,2013,5,6,2,1,1,0,282,0,257,0,19,218,13,15,18,11,146,366,152.0,87,92
598046,2013-05-05,Chennai Super Kings,Mumbai Indians,MG Johnson,Mumbai Indians,bat,Wankhede Stadium,Mumbai,2013.0,2013,5,6,2,0,1,0,256,0,282,0,19,218,13,15,18,11,146,366,152.0,92,87
598047,2013-05-05,Pune Warriors,Rajasthan Royals,AM Rahane,Pune Warriors,bat,Sawai Mansingh Stadium,Jaipur,2013.0,2013,5,6,2,1,1,0,45,0,240,0,19,360,14,9,12,12,94,128,152.0,41,83
598047,2013-05-05,Rajasthan Royals,Pune Warriors,AM Rahane,Pune Warriors,bat,Sawai Mansingh Stadium,Jaipur,2013.0,2013,5,6,2,0,1,0,239,0,46,0,19,360,14,9,12,12,94,128,152.0,83,42
598064,2013-05-06,Royal Challengers Bangalore,Kings XI Punjab,DA Miller,Kings XI Punjab,field,"Punjab Cricket Association Stadium, Mohali",Chandigarh,2013.0,2013,5,0,2,0,0,1,240,0,190,0,19,383,20,7,11,11,70,122,152.0,89,84
598064,2013-05-06,Kings XI Punjab,Royal Challengers Bangalore,DA Miller,Kings XI Punjab,field,"Punjab Cricket Association Stadium, Mohali",Chandigarh,2013.0,2013,5,0,2,1,0,1,190,0,239,0,19,383,20,7,11,11,70,122,152.0,84,89
598049,2013-05-07,Delhi Daredevils,Rajasthan Royals,AM Rahane,Delhi Daredevils,bat,Sawai Mansingh Stadium,Jaipur,2013.0,2013,5,1,2,1,1,0,161,0,240,0,19,309,18,5,9,12,94,128,152.0,87,84
598049,2013-05-07,Rajasthan Royals,Delhi Daredevils,AM Rahane,Delhi Daredevils,bat,Sawai Mansingh Stadium,Jaipur,2013.0,2013,5,1,2,0,1,0,239,0,160,0,19,309,18,5,9,12,94,128,152.0,84,86
598050,2013-05-07,Mumbai Indians,Kolkata Knight Riders,SR Tendulkar,Mumbai Indians,bat,Wankhede Stadium,Mumbai,2013.0,2013,5,1,2,1,1,0,282,0,268,0,19,275,20,16,17,11,146,366,152.0,88,84
598050,2013-05-07,Kolkata Knight Riders,Mumbai Indians,SR Tendulkar,Mumbai Indians,bat,Wankhede Stadium,Mumbai,2013.0,2013,5,1,2,0,1,0,269,0,282,0,19,275,20,16,17,11,146,366,152.0,84,88
598051,2013-05-08,Chennai Super Kings,Sunrisers Hyderabad,SK Raina,Sunrisers Hyderabad,field,"Rajiv Gandhi International Stadium, Uppal",Hyderabad,2013.0,2013,5,2,2,0,0,1,256,0,201,0,19,369,14,11,14,13,98,169,152.0,93,12
598051,2013-05-08,Sunrisers Hyderabad,Chennai Super Kings,SK Raina,Sunrisers Hyderabad,field,"Rajiv Gandhi International Stadium, Uppal",Hyderabad,2013.0,2013,5,2,2,1,0,1,200,0,257,0,19,369,14,11,14,13,98,169,152.0,12,93
598052,2013-05-09,Kings XI Punjab,Rajasthan Royals,KK Cooper,Rajasthan Royals,field,"Punjab Cricket Association Stadium, Mohali",Chandigarh,2013.0,2013,5,3,2,0,0,1,190,0,240,0,19,291,14,8,12,12,70,122,152.0,85,85
598052,2013-05-09,Rajasthan Royals,Kings XI Punjab,KK Cooper,Rajasthan Royals,field,"Punjab Cricket Association Stadium, Mohali",Chandigarh,2013.0,2013,5,3,2,1,0,1,239,0,190,0,19,291,14,8,12,12,70,122,152.0,85,85
598053,2013-05-09,Kolkata Knight Riders,Pune Warriors,G Gambhir,Kolkata Knight Riders,bat,Subrata Roy Sahara Stadium,Pune,2013.0,2013,5,3,2,1,1,0,269,0,46,0,19,257,14,16,19,12,32,102,152.0,85,43
598053,2013-05-09,Pune Warriors,Kolkata Knight Riders,G Gambhir,Kolkata Knight Riders,bat,Subrata Roy Sahara Stadium,Pune,2013.0,2013,5,3,2,0,1,0,45,0,268,0,19,257,14,16,19,12,32,102,152.0,42,85
598054,2013-05-10,Royal Challengers Bangalore,Delhi Daredevils,JD Unadkat,Delhi Daredevils,field,Feroz Shah Kotla,Delhi,2013.0,2013,5,4,2,0,0,1,240,0,160,0,19,362,16,11,14,12,119,197,152.0,90,87
598054,2013-05-10,Delhi Daredevils,Royal Challengers Bangalore,JD Unadkat,Delhi Daredevils,field,Feroz Shah Kotla,Delhi,2013.0,2013,5,4,2,1,0,1,161,0,239,0,19,362,16,11,14,12,119,197,152.0,88,90
598055,2013-05-11,Pune Warriors,Mumbai Indians,MG Johnson,Pune Warriors,bat,Subrata Roy Sahara Stadium,Pune,2013.0,2013,5,5,2,1,1,0,45,0,282,0,19,228,8,13,16,12,32,102,152.0,43,89
598055,2013-05-11,Mumbai Indians,Pune Warriors,MG Johnson,Pune Warriors,bat,Subrata Roy Sahara Stadium,Pune,2013.0,2013,5,5,2,0,1,0,282,0,46,0,19,228,8,13,16,12,32,102,152.0,89,44
598056,2013-05-11,Sunrisers Hyderabad,Kings XI Punjab,PA Patel,Kings XI Punjab,field,"Punjab Cricket Association Stadium, Mohali",Chandigarh,2013.0,2013,5,5,2,0,0,1,200,0,190,0,19,270,12,16,20,12,70,122,152.0,13,86
598056,2013-05-11,Kings XI Punjab,Sunrisers Hyderabad,PA Patel,Kings XI Punjab,field,"Punjab Cricket Association Stadium, Mohali",Chandigarh,2013.0,2013,5,5,2,1,0,1,190,0,201,0,19,270,12,16,20,12,70,122,152.0,86,13
598057,2013-05-12,Royal Challengers Bangalore,Kolkata Knight Riders,JH Kallis,Kolkata Knight Riders,field,JSCA International Stadium Complex,Ranchi,2013.0,2013,5,6,2,0,0,1,240,0,268,0,19,231,8,14,18,12,14,14,152.0,91,86
598057,2013-05-12,Kolkata Knight Riders,Royal Challengers Bangalore,JH Kallis,Kolkata Knight Riders,field,JSCA International Stadium Complex,Ranchi,2013.0,2013,5,6,2,1,0,1,269,0,239,0,19,231,8,14,18,12,14,14,152.0,86,91
598058,2013-05-12,Chennai Super Kings,Rajasthan Royals,SR Watson,Rajasthan Royals,field,Sawai Mansingh Stadium,Jaipur,2013.0,2013,5,6,2,0,0,1,256,0,240,0,19,285,9,9,13,12,94,128,152.0,94,86
598058,2013-05-12,Rajasthan Royals,Chennai Super Kings,SR Watson,Rajasthan Royals,field,Sawai Mansingh Stadium,Jaipur,2013.0,2013,5,6,2,1,0,1,239,0,257,0,19,285,9,9,13,12,94,128,152.0,86,94
598060,2013-05-13,Sunrisers Hyderabad,Mumbai Indians,KA Pollard,Sunrisers Hyderabad,bat,Wankhede Stadium,Mumbai,2013.0,2013,5,0,2,1,1,0,200,0,282,0,19,362,14,7,11,12,146,366,152.0,14,90
598060,2013-05-13,Mumbai Indians,Sunrisers Hyderabad,KA Pollard,Sunrisers Hyderabad,bat,Wankhede Stadium,Mumbai,2013.0,2013,5,0,2,0,1,0,282,0,201,0,19,362,14,7,11,12,146,366,152.0,90,14
598045,2013-05-14,Royal Challengers Bangalore,Kings XI Punjab,AC Gilchrist,Kings XI Punjab,field,M Chinnaswamy Stadium,Bangalore,2013.0,2013,5,1,2,0,0,1,240,0,190,0,19,349,14,8,11,10,129,129,152.0,92,87
598045,2013-05-14,Kings XI Punjab,Royal Challengers Bangalore,AC Gilchrist,Kings XI Punjab,field,M Chinnaswamy Stadium,Bangalore,2013.0,2013,5,1,2,1,0,1,190,0,239,0,19,349,14,8,11,10,129,129,152.0,87,92
598062,2013-05-14,Chennai Super Kings,Delhi Daredevils,MS Dhoni,Chennai Super Kings,bat,"MA Chidambaram Stadium, Chepauk",Chennai,2013.0,2013,5,1,2,1,1,0,256,0,160,0,19,303,19,13,17,11,96,188,152.0,95,88
598062,2013-05-14,Delhi Daredevils,Chennai Super Kings,MS Dhoni,Chennai Super Kings,bat,"MA Chidambaram Stadium, Chepauk",Chennai,2013.0,2013,5,1,2,0,1,0,161,0,257,0,19,303,19,13,17,11,96,188,152.0,89,95
598061,2013-05-15,Pune Warriors,Kolkata Knight Riders,MK Pandey,Kolkata Knight Riders,field,JSCA International Stadium Complex,Ranchi,2013.0,2013,5,2,2,0,0,1,45,0,268,0,19,333,16,11,13,14,14,14,152.0,44,87
598061,2013-05-15,Kolkata Knight Riders,Pune Warriors,MK Pandey,Kolkata Knight Riders,field,JSCA International Stadium Complex,Ranchi,2013.0,2013,5,2,2,1,0,1,269,0,46,0,19,333,16,11,13,14,14,14,152.0,87,45
598063,2013-05-15,Mumbai Indians,Rajasthan Royals,AP Tare,Rajasthan Royals,field,Wankhede Stadium,Mumbai,2013.0,2013,5,2,2,0,0,1,282,0,240,0,19,318,23,15,18,11,146,366,152.0,91,87
598063,2013-05-15,Rajasthan Royals,Mumbai Indians,AP Tare,Rajasthan Royals,field,Wankhede Stadium,Mumbai,2013.0,2013,5,2,2,1,0,1,239,0,282,0,19,318,23,15,18,11,146,366,152.0,87,91
598028,2013-05-16,Kings XI Punjab,Delhi Daredevils,DA Miller,Delhi Daredevils,field,Himachal Pradesh Cricket Association Stadium,Dharamsala,2013.0,2013,5,3,2,0,0,1,190,0,160,0,19,334,21,11,13,10,18,29,152.0,88,89
598028,2013-05-16,Delhi Daredevils,Kings XI Punjab,DA Miller,Delhi Daredevils,field,Himachal Pradesh Cricket Association Stadium,Dharamsala,2013.0,2013,5,3,2,1,0,1,161,0,190,0,19,334,21,11,13,10,18,29,152.0,90,88
598065,2013-05-17,Sunrisers Hyderabad,Rajasthan Royals,A Mishra,Sunrisers Hyderabad,bat,"Rajiv Gandhi International Stadium, Uppal",Hyderabad,2013.0,2013,5,4,2,1,1,0,200,0,240,0,19,249,21,18,20,13,98,169,152.0,15,88
598065,2013-05-17,Rajasthan Royals,Sunrisers Hyderabad,A Mishra,Sunrisers Hyderabad,bat,"Rajiv Gandhi International Stadium, Uppal",Hyderabad,2013.0,2013,5,4,2,0,1,0,239,0,201,0,19,249,21,18,20,13,98,169,152.0,88,15
598066,2013-05-18,Kings XI Punjab,Mumbai Indians,Azhar Mahmood,Mumbai Indians,field,Himachal Pradesh Cricket Association Stadium,Dharamsala,2013.0,2013,5,5,2,0,0,1,190,0,282,0,19,316,16,17,19,14,18,29,152.0,89,92
598066,2013-05-18,Mumbai Indians,Kings XI Punjab,Azhar Mahmood,Mumbai Indians,field,Himachal Pradesh Cricket Association Stadium,Dharamsala,2013.0,2013,5,5,2,1,0,1,282,0,190,0,19,316,16,17,19,14,18,29,152.0,92,89
598068,2013-05-18,Royal Challengers Bangalore,Chennai Super Kings,V Kohli,Chennai Super Kings,field,M Chinnaswamy Stadium,Bangalore,2013.0,2013,5,5,2,0,0,1,240,0,257,0,7,188,7,8,10,10,129,129,152.0,93,96
598068,2013-05-18,Chennai Super Kings,Royal Challengers Bangalore,V Kohli,Chennai Super Kings,field,M Chinnaswamy Stadium,Bangalore,2013.0,2013,5,5,2,1,0,1,256,0,239,0,7,188,7,8,10,10,129,129,152.0,96,93
598067,2013-05-19,Pune Warriors,Delhi Daredevils,LJ Wright,Pune Warriors,bat,Subrata Roy Sahara Stadium,Pune,2013.0,2013,5,6,2,1,1,0,45,0,160,0,19,306,21,14,17,11,32,102,152.0,45,90
598067,2013-05-19,Delhi Daredevils,Pune Warriors,LJ Wright,Pune Warriors,bat,Subrata Roy Sahara Stadium,Pune,2013.0,2013,5,6,2,0,1,0,161,0,46,0,19,306,21,14,17,11,32,102,152.0,91,46
598069,2013-05-19,Kolkata Knight Riders,Sunrisers Hyderabad,PA Patel,Kolkata Knight Riders,bat,"Rajiv Gandhi International Stadium, Uppal",Hyderabad,2013.0,2013,5,6,2,1,1,0,269,0,201,0,19,261,22,12,16,12,98,169,152.0,88,16
598069,2013-05-19,Sunrisers Hyderabad,Kolkata Knight Riders,PA Patel,Kolkata Knight Riders,bat,"Rajiv Gandhi International Stadium, Uppal",Hyderabad,2013.0,2013,5,6,2,0,1,0,200,0,268,0,19,261,22,12,16,12,98,169,152.0,16,88
598070,2013-05-21,Chennai Super Kings,Mumbai Indians,MEK Hussey,Chennai Super Kings,bat,Feroz Shah Kotla,Delhi,2013.0,2013,5,1,2,1,1,0,256,0,282,0,19,336,6,11,13,12,119,197,152.0,97,93
598070,2013-05-21,Mumbai Indians,Chennai Super Kings,MEK Hussey,Chennai Super Kings,bat,Feroz Shah Kotla,Delhi,2013.0,2013,5,1,2,0,1,0,282,0,257,0,19,336,6,11,13,12,119,197,152.0,93,97
598071,2013-05-22,Sunrisers Hyderabad,Rajasthan Royals,BJ Hodge,Sunrisers Hyderabad,bat,Feroz Shah Kotla,Delhi,2013.0,2013,5,2,2,1,1,0,200,0,240,0,19,267,10,13,17,12,119,197,152.0,17,89
598071,2013-05-22,Rajasthan Royals,Sunrisers Hyderabad,BJ Hodge,Sunrisers Hyderabad,bat,Feroz Shah Kotla,Delhi,2013.0,2013,5,2,2,0,1,0,239,0,201,0,19,267,10,13,17,12,119,197,152.0,89,17
598072,2013-05-24,Rajasthan Royals,Mumbai Indians,Harbhajan Singh,Rajasthan Royals,bat,Eden Gardens,Kolkata,2013.0,2013,5,4,2,1,1,0,239,0,282,0,19,334,24,12,16,12,154,205,152.0,90,94
598072,2013-05-24,Mumbai Indians,Rajasthan Royals,Harbhajan Singh,Rajasthan Royals,bat,Eden Gardens,Kolkata,2013.0,2013,5,4,2,0,1,0,282,0,240,0,19,334,24,12,16,12,154,205,152.0,94,90
598073,2013-05-26,Mumbai Indians,Chennai Super Kings,KA Pollard,Mumbai Indians,bat,Eden Gardens,Kolkata,2013.0,2013,5,6,2,1,1,0,282,0,257,0,19,272,13,18,22,12,154,205,152.0,95,98
598073,2013-05-26,Chennai Super Kings,Mumbai Indians,KA Pollard,Mumbai Indians,bat,Eden Gardens,Kolkata,2013.0,2013,5,6,2,0,1,0,256,0,282,0,19,272,13,18,22,12,154,205,152.0,98,95
729279,2014-04-16,Kolkata Knight Riders,Mumbai Indians,JH Kallis,Kolkata Knight Riders,bat,Sheikh Zayed Stadium,Abu Dhabi,2014.0,2014,4,2,2,1,1,0,269,0,282,0,19,285,13,12,15,12,58,74,120.0,89,96
729279,2014-04-16,Mumbai Indians,Kolkata Knight Riders,JH Kallis,Kolkata Knight Riders,bat,Sheikh Zayed Stadium,Abu Dhabi,2014.0,2014,4,2,2,0,1,0,282,0,268,0,19,285,13,12,15,12,58,74,120.0,96,89
729281,2014-04-17,Delhi Daredevils,Royal Challengers Bangalore,YS Chahal,Royal Challengers Bangalore,field,Sharjah Cricket Stadium,Unknown,2014.0,2014,4,3,2,0,0,1,161,0,239,0,19,291,14,6,10,12,56,102,120.0,92,94
729281,2014-04-17,Royal Challengers Bangalore,Delhi Daredevils,YS Chahal,Royal Challengers Bangalore,field,Sharjah Cricket Stadium,Unknown,2014.0,2014,4,3,2,1,0,1,240,0,160,0,19,291,14,6,10,12,56,102,120.0,94,91
729283,2014-04-18,Chennai Super Kings,Kings XI Punjab,GJ Maxwell,Chennai Super Kings,bat,Sheikh Zayed Stadium,Abu Dhabi,2014.0,2014,4,4,2,1,1,0,256,0,190,0,19,409,18,8,11,12,58,74,120.0,99,90
729283,2014-04-18,Kings XI Punjab,Chennai Super Kings,GJ Maxwell,Chennai Super Kings,bat,Sheikh Zayed Stadium,Abu Dhabi,2014.0,2014,4,4,2,0,1,0,190,0,257,0,19,409,18,8,11,12,58,74,120.0,90,99
729285,2014-04-18,Sunrisers Hyderabad,Rajasthan Royals,AM Rahane,Rajasthan Royals,field,Sheikh Zayed Stadium,Abu Dhabi,2014.0,2014,4,4,2,0,0,1,200,0,240,0,19,268,20,12,15,12,58,74,120.0,18,91
729285,2014-04-18,Rajasthan Royals,Sunrisers Hyderabad,AM Rahane,Rajasthan Royals,field,Sheikh Zayed Stadium,Abu Dhabi,2014.0,2014,4,4,2,1,0,1,239,0,201,0,19,268,20,12,15,12,58,74,120.0,91,18
729287,2014-04-19,Mumbai Indians,Royal Challengers Bangalore,PA Patel,Royal Challengers Bangalore,field,Dubai International Cricket Stadium,Unknown,2014.0,2014,4,5,2,0,0,1,282,0,239,0,19,230,13,12,16,11,92,102,120.0,97,95
729287,2014-04-19,Royal Challengers Bangalore,Mumbai Indians,PA Patel,Royal Challengers Bangalore,field,Dubai International Cricket Stadium,Unknown,2014.0,2014,4,5,2,1,0,1,240,0,282,0,19,230,13,12,16,11,92,102,120.0,95,97
729289,2014-04-19,Kolkata Knight Riders,Delhi Daredevils,JP Duminy,Kolkata Knight Riders,bat,Dubai International Cricket Stadium,Unknown,2014.0,2014,4,5,2,1,1,0,269,0,160,0,19,333,25,11,14,12,92,102,120.0,90,92
729289,2014-04-19,Delhi Daredevils,Kolkata Knight Riders,JP Duminy,Kolkata Knight Riders,bat,Dubai International Cricket Stadium,Unknown,2014.0,2014,4,5,2,0,1,0,161,0,268,0,19,333,25,11,14,12,92,102,120.0,93,90
729291,2014-04-20,Rajasthan Royals,Kings XI Punjab,GJ Maxwell,Kings XI Punjab,field,Sharjah Cricket Stadium,Unknown,2014.0,2014,4,6,2,0,0,1,239,0,190,0,19,384,15,8,12,11,56,102,120.0,92,91
729291,2014-04-20,Kings XI Punjab,Rajasthan Royals,GJ Maxwell,Kings XI Punjab,field,Sharjah Cricket Stadium,Unknown,2014.0,2014,4,6,2,1,0,1,190,0,240,0,19,384,15,8,12,11,56,102,120.0,91,92
729293,2014-04-21,Chennai Super Kings,Delhi Daredevils,SK Raina,Chennai Super Kings,bat,Sheikh Zayed Stadium,Abu Dhabi,2014.0,2014,4,0,2,1,1,0,256,0,160,0,19,261,8,16,18,12,58,74,120.0,100,93
729293,2014-04-21,Delhi Daredevils,Chennai Super Kings,SK Raina,Chennai Super Kings,bat,Sheikh Zayed Stadium,Abu Dhabi,2014.0,2014,4,0,2,0,1,0,161,0,257,0,19,261,8,16,18,12,58,74,120.0,94,100
729295,2014-04-22,Kings XI Punjab,Sunrisers Hyderabad,GJ Maxwell,Sunrisers Hyderabad,field,Sharjah Cricket Stadium,Unknown,2014.0,2014,4,1,2,0,0,1,190,0,201,0,19,312,15,16,17,12,56,102,120.0,92,19
729295,2014-04-22,Sunrisers Hyderabad,Kings XI Punjab,GJ Maxwell,Sunrisers Hyderabad,field,Sharjah Cricket Stadium,Unknown,2014.0,2014,4,1,2,1,0,1,200,0,190,0,19,312,15,16,17,12,56,102,120.0,19,92
729297,2014-04-23,Chennai Super Kings,Rajasthan Royals,RA Jadeja,Rajasthan Royals,field,Dubai International Cricket Stadium,Unknown,2014.0,2014,4,2,2,0,0,1,256,0,240,0,19,271,13,16,19,13,92,102,120.0,101,93
729297,2014-04-23,Rajasthan Royals,Chennai Super Kings,RA Jadeja,Rajasthan Royals,field,Dubai International Cricket Stadium,Unknown,2014.0,2014,4,2,2,1,0,1,239,0,257,0,19,271,13,16,19,13,92,102,120.0,93,101
729299,2014-04-24,Kolkata Knight Riders,Royal Challengers Bangalore,CA Lynn,Royal Challengers Bangalore,field,Sharjah Cricket Stadium,Unknown,2014.0,2014,4,3,2,0,0,1,269,0,239,0,19,297,14,12,14,11,56,102,120.0,91,96
729299,2014-04-24,Royal Challengers Bangalore,Kolkata Knight Riders,CA Lynn,Royal Challengers Bangalore,field,Sharjah Cricket Stadium,Unknown,2014.0,2014,4,3,2,1,0,1,240,0,268,0,19,297,14,12,14,11,56,102,120.0,96,91
729301,2014-04-25,Sunrisers Hyderabad,Delhi Daredevils,AJ Finch,Sunrisers Hyderabad,bat,Dubai International Cricket Stadium,Unknown,2014.0,2014,4,4,2,1,1,0,200,0,160,0,19,364,11,5,9,12,92,102,120.0,20,94
729301,2014-04-25,Delhi Daredevils,Sunrisers Hyderabad,AJ Finch,Sunrisers Hyderabad,bat,Dubai International Cricket Stadium,Unknown,2014.0,2014,4,4,2,0,1,0,161,0,201,0,19,364,11,5,9,12,92,102,120.0,95,20
729303,2014-04-25,Mumbai Indians,Chennai Super Kings,MM Sharma,Mumbai Indians,bat,Dubai International Cricket Stadium,Unknown,2014.0,2014,4,4,2,1,1,0,282,0,257,0,19,282,7,10,14,12,92,102,120.0,98,102
729303,2014-04-25,Chennai Super Kings,Mumbai Indians,MM Sharma,Mumbai Indians,bat,Dubai International Cricket Stadium,Unknown,2014.0,2014,4,4,2,0,1,0,256,0,282,0,19,282,7,10,14,12,92,102,120.0,102,98
729305,2014-04-26,Royal Challengers Bangalore,Rajasthan Royals,PV Tambe,Rajasthan Royals,field,Sheikh Zayed Stadium,Abu Dhabi,2014.0,2014,4,5,2,0,0,1,240,0,240,0,14,141,7,14,15,10,58,74,120.0,97,94
729305,2014-04-26,Rajasthan Royals,Royal Challengers Bangalore,PV Tambe,Rajasthan Royals,field,Sheikh Zayed Stadium,Abu Dhabi,2014.0,2014,4,5,2,1,0,1,239,0,239,0,14,141,7,14,15,10,58,74,120.0,94,97
729307,2014-04-26,Kings XI Punjab,Kolkata Knight Riders,Sandeep Sharma,Kolkata Knight Riders,field,Sheikh Zayed Stadium,Abu Dhabi,2014.0,2014,4,5,2,0,0,1,190,0,268,0,19,241,15,19,22,10,58,74,120.0,93,92
729307,2014-04-26,Kolkata Knight Riders,Kings XI Punjab,Sandeep Sharma,Kolkata Knight Riders,field,Sheikh Zayed Stadium,Abu Dhabi,2014.0,2014,4,5,2,1,0,1,269,0,190,0,19,241,15,19,22,10,58,74,120.0,92,93
729309,2014-04-27,Mumbai Indians,Delhi Daredevils,M Vijay,Mumbai Indians,bat,Sharjah Cricket Stadium,Unknown,2014.0,2014,4,6,2,1,1,0,282,0,160,0,19,251,20,11,14,12,56,102,120.0,99,95
729309,2014-04-27,Delhi Daredevils,Mumbai Indians,M Vijay,Mumbai Indians,bat,Sharjah Cricket Stadium,Unknown,2014.0,2014,4,6,2,0,1,0,161,0,282,0,19,251,20,11,14,12,56,102,120.0,96,99
729311,2014-04-27,Sunrisers Hyderabad,Chennai Super Kings,DR Smith,Sunrisers Hyderabad,bat,Sharjah Cricket Stadium,Unknown,2014.0,2014,4,6,2,1,1,0,200,0,257,0,19,291,20,10,14,11,56,102,120.0,21,103
729311,2014-04-27,Chennai Super Kings,Sunrisers Hyderabad,DR Smith,Sunrisers Hyderabad,bat,Sharjah Cricket Stadium,Unknown,2014.0,2014,4,6,2,0,1,0,256,0,201,0,19,291,20,10,14,11,56,102,120.0,103,21
729313,2014-04-28,Royal Challengers Bangalore,Kings XI Punjab,Sandeep Sharma,Kings XI Punjab,field,Dubai International Cricket Stadium,Unknown,2014.0,2014,4,0,2,0,0,1,240,0,190,0,19,251,22,13,17,12,92,102,120.0,98,94
729313,2014-04-28,Kings XI Punjab,Royal Challengers Bangalore,Sandeep Sharma,Kings XI Punjab,field,Dubai International Cricket Stadium,Unknown,2014.0,2014,4,0,2,1,0,1,190,0,239,0,19,251,22,13,17,12,92,102,120.0,94,98
729315,2014-04-29,Rajasthan Royals,Kolkata Knight Riders,JP Faulkner,Rajasthan Royals,bat,Sheikh Zayed Stadium,Abu Dhabi,2014.0,2014,4,1,2,1,1,0,239,0,268,0,19,326,17,15,17,13,58,74,120.0,95,93
729315,2014-04-29,Kolkata Knight Riders,Rajasthan Royals,JP Faulkner,Rajasthan Royals,bat,Sheikh Zayed Stadium,Abu Dhabi,2014.0,2014,4,1,2,0,1,0,269,0,240,0,19,326,17,15,17,13,58,74,120.0,93,95
729317,2014-04-30,Sunrisers Hyderabad,Mumbai Indians,B Kumar,Mumbai Indians,field,Dubai International Cricket Stadium,Unknown,2014.0,2014,4,2,2,0,0,1,200,0,282,0,19,329,27,12,16,12,92,102,120.0,22,100
729317,2014-04-30,Mumbai Indians,Sunrisers Hyderabad,B Kumar,Mumbai Indians,field,Dubai International Cricket Stadium,Unknown,2014.0,2014,4,2,2,1,0,1,282,0,201,0,19,329,27,12,16,12,92,102,120.0,100,22
733971,2014-05-02,Chennai Super Kings,Kolkata Knight Riders,RA Jadeja,Chennai Super Kings,bat,JSCA International Stadium Complex,Ranchi,2014.0,2014,5,4,2,1,1,0,256,0,268,0,16,261,9,12,15,12,14,14,120.0,104,94
733971,2014-05-02,Kolkata Knight Riders,Chennai Super Kings,RA Jadeja,Chennai Super Kings,bat,JSCA International Stadium Complex,Ranchi,2014.0,2014,5,4,2,0,1,0,269,0,257,0,16,261,9,12,15,12,14,14,120.0,94,104
733973,2014-05-03,Kings XI Punjab,Mumbai Indians,CJ Anderson,Kings XI Punjab,bat,Wankhede Stadium,Mumbai,2014.0,2014,5,5,2,1,1,0,190,0,282,0,19,338,19,10,14,11,146,366,120.0,95,101
733973,2014-05-03,Mumbai Indians,Kings XI Punjab,CJ Anderson,Kings XI Punjab,bat,Wankhede Stadium,Mumbai,2014.0,2014,5,5,2,0,1,0,282,0,190,0,19,338,19,10,14,11,146,366,120.0,101,95
733975,2014-05-03,Delhi Daredevils,Rajasthan Royals,KK Nair,Rajasthan Royals,field,Feroz Shah Kotla,Delhi,2014.0,2014,5,5,2,0,0,1,161,0,240,0,19,308,8,8,11,12,119,197,120.0,97,96
733975,2014-05-03,Rajasthan Royals,Delhi Daredevils,KK Nair,Rajasthan Royals,field,Feroz Shah Kotla,Delhi,2014.0,2014,5,5,2,1,0,1,239,0,160,0,19,308,8,8,11,12,119,197,120.0,96,96
733977,2014-05-04,Sunrisers Hyderabad,Royal Challengers Bangalore,AB de Villiers,Royal Challengers Bangalore,field,M Chinnaswamy Stadium,Bangalore,2014.0,2014,5,6,2,0,0,1,200,0,239,0,19,313,15,12,16,11,129,129,120.0,23,99
733977,2014-05-04,Royal Challengers Bangalore,Sunrisers Hyderabad,AB de Villiers,Royal Challengers Bangalore,field,M Chinnaswamy Stadium,Bangalore,2014.0,2014,5,6,2,1,0,1,240,0,201,0,19,313,15,12,16,11,129,129,120.0,99,23
733979,2014-05-05,Rajasthan Royals,Kolkata Knight Riders,PV Tambe,Kolkata Knight Riders,field,"Sardar Patel Stadium, Motera",Ahmedabad,2014.0,2014,5,0,2,0,0,1,239,0,268,0,19,330,17,12,16,12,24,92,120.0,97,95
733979,2014-05-05,Kolkata Knight Riders,Rajasthan Royals,PV Tambe,Kolkata Knight Riders,field,"Sardar Patel Stadium, Motera",Ahmedabad,2014.0,2014,5,0,2,1,0,1,269,0,240,0,19,330,17,12,16,12,24,92,120.0,95,97
733981,2014-05-05,Delhi Daredevils,Chennai Super Kings,DR Smith,Chennai Super Kings,field,Feroz Shah Kotla,Delhi,2014.0,2014,5,0,2,0,0,1,161,0,257,0,19,359,22,7,11,11,119,197,120.0,98,105
733981,2014-05-05,Chennai Super Kings,Delhi Daredevils,DR Smith,Chennai Super Kings,field,Feroz Shah Kotla,Delhi,2014.0,2014,5,0,2,1,0,1,256,0,160,0,19,359,22,7,11,11,119,197,120.0,105,97
733983,2014-05-06,Mumbai Indians,Royal Challengers Bangalore,RG Sharma,Royal Challengers Bangalore,field,Wankhede Stadium,Mumbai,2014.0,2014,5,1,2,0,0,1,282,0,239,0,19,354,34,13,16,12,146,366,120.0,102,100
733983,2014-05-06,Royal Challengers Bangalore,Mumbai Indians,RG Sharma,Royal Challengers Bangalore,field,Wankhede Stadium,Mumbai,2014.0,2014,5,1,2,1,0,1,240,0,282,0,19,354,34,13,16,12,146,366,120.0,100,102
733985,2014-05-07,Delhi Daredevils,Kolkata Knight Riders,G Gambhir,Delhi Daredevils,bat,Feroz Shah Kotla,Delhi,2014.0,2014,5,2,2,1,1,0,161,0,268,0,19,321,20,7,11,12,119,197,120.0,99,96
733985,2014-05-07,Kolkata Knight Riders,Delhi Daredevils,G Gambhir,Delhi Daredevils,bat,Feroz Shah Kotla,Delhi,2014.0,2014,5,2,2,0,1,0,269,0,160,0,19,321,20,7,11,12,119,197,120.0,96,98
733987,2014-05-07,Kings XI Punjab,Chennai Super Kings,GJ Maxwell,Chennai Super Kings,field,Barabati Stadium,Cuttack,2014.0,2014,5,2,2,0,0,1,190,0,257,0,19,416,12,10,14,12,14,14,120.0,96,106
733987,2014-05-07,Chennai Super Kings,Kings XI Punjab,GJ Maxwell,Chennai Super Kings,field,Barabati Stadium,Cuttack,2014.0,2014,5,2,2,1,0,1,256,0,190,0,19,416,12,10,14,12,14,14,120.0,106,96
733989,2014-05-08,Sunrisers Hyderabad,Rajasthan Royals,B Kumar,Rajasthan Royals,field,"Sardar Patel Stadium, Motera",Ahmedabad,2014.0,2014,5,3,2,0,0,1,200,0,240,0,19,235,21,19,22,12,24,92,120.0,24,98
733989,2014-05-08,Rajasthan Royals,Sunrisers Hyderabad,B Kumar,Rajasthan Royals,field,"Sardar Patel Stadium, Motera",Ahmedabad,2014.0,2014,5,3,2,1,0,1,239,0,201,0,19,235,21,19,22,12,24,92,120.0,98,24
733991,2014-05-09,Kings XI Punjab,Royal Challengers Bangalore,Sandeep Sharma,Royal Challengers Bangalore,field,M Chinnaswamy Stadium,Bangalore,2014.0,2014,5,4,2,0,0,1,190,0,239,0,19,363,20,17,21,12,129,129,120.0,97,101
733991,2014-05-09,Royal Challengers Bangalore,Kings XI Punjab,Sandeep Sharma,Royal Challengers Bangalore,field,M Chinnaswamy Stadium,Bangalore,2014.0,2014,5,4,2,1,0,1,240,0,190,0,19,363,20,17,21,12,129,129,120.0,101,97
733993,2014-05-10,Delhi Daredevils,Sunrisers Hyderabad,DW Steyn,Sunrisers Hyderabad,field,Feroz Shah Kotla,Delhi,2014.0,2014,5,5,2,0,0,1,161,0,201,0,19,186,15,9,12,11,119,197,120.0,100,25
733993,2014-05-10,Sunrisers Hyderabad,Delhi Daredevils,DW Steyn,Sunrisers Hyderabad,field,Feroz Shah Kotla,Delhi,2014.0,2014,5,5,2,1,0,1,200,0,160,0,19,186,15,9,12,11,119,197,120.0,25,99
733995,2014-05-10,Mumbai Indians,Chennai Super Kings,DR Smith,Chennai Super Kings,field,Wankhede Stadium,Mumbai,2014.0,2014,5,5,2,0,0,1,282,0,257,0,19,317,16,12,14,11,146,366,120.0,103,107
733995,2014-05-10,Chennai Super Kings,Mumbai Indians,DR Smith,Chennai Super Kings,field,Wankhede Stadium,Mumbai,2014.0,2014,5,5,2,1,0,1,256,0,282,0,19,317,16,12,14,11,146,366,120.0,107,103
733997,2014-05-11,Kings XI Punjab,Kolkata Knight Riders,G Gambhir,Kolkata Knight Riders,field,Barabati Stadium,Cuttack,2014.0,2014,5,6,2,0,0,1,190,0,268,0,19,299,9,9,12,12,14,14,120.0,98,97
733997,2014-05-11,Kolkata Knight Riders,Kings XI Punjab,G Gambhir,Kolkata Knight Riders,field,Barabati Stadium,Cuttack,2014.0,2014,5,6,2,1,0,1,269,0,190,0,19,299,9,9,12,12,14,14,120.0,97,98
733999,2014-05-11,Royal Challengers Bangalore,Rajasthan Royals,JP Faulkner,Royal Challengers Bangalore,bat,M Chinnaswamy Stadium,Bangalore,2014.0,2014,5,6,2,1,1,0,240,0,240,0,19,380,13,10,14,12,129,129,120.0,102,99
733999,2014-05-11,Rajasthan Royals,Royal Challengers Bangalore,JP Faulkner,Royal Challengers Bangalore,bat,M Chinnaswamy Stadium,Bangalore,2014.0,2014,5,6,2,0,1,0,239,0,239,0,19,380,13,10,14,12,129,129,120.0,99,102
734001,2014-05-12,Sunrisers Hyderabad,Mumbai Indians,AT Rayudu,Sunrisers Hyderabad,bat,"Rajiv Gandhi International Stadium, Uppal",Hyderabad,2014.0,2014,5,0,2,1,1,0,200,0,282,0,19,317,9,6,10,12,98,169,120.0,26,104
734001,2014-05-12,Mumbai Indians,Sunrisers Hyderabad,AT Rayudu,Sunrisers Hyderabad,bat,"Rajiv Gandhi International Stadium, Uppal",Hyderabad,2014.0,2014,5,0,2,0,1,0,282,0,201,0,19,317,9,6,10,12,98,169,120.0,104,26
734003,2014-05-13,Rajasthan Royals,Chennai Super Kings,RA Jadeja,Rajasthan Royals,bat,JSCA International Stadium Complex,Ranchi,2014.0,2014,5,1,2,1,1,0,239,0,257,0,19,297,20,13,16,11,14,14,120.0,100,108
734003,2014-05-13,Chennai Super Kings,Rajasthan Royals,RA Jadeja,Rajasthan Royals,bat,JSCA International Stadium Complex,Ranchi,2014.0,2014,5,1,2,0,1,0,256,0,240,0,19,297,20,13,16,11,14,14,120.0,108,100
734005,2014-05-13,Royal Challengers Bangalore,Delhi Daredevils,Yuvraj Singh,Delhi Daredevils,field,M Chinnaswamy Stadium,Bangalore,2014.0,2014,5,1,2,0,0,1,240,0,160,0,19,356,19,11,15,10,129,129,120.0,103,100
734005,2014-05-13,Delhi Daredevils,Royal Challengers Bangalore,Yuvraj Singh,Delhi Daredevils,field,M Chinnaswamy Stadium,Bangalore,2014.0,2014,5,1,2,1,0,1,161,0,239,0,19,356,19,11,15,10,129,129,120.0,101,103
734007,2014-05-14,Sunrisers Hyderabad,Kings XI Punjab,WP Saha,Kings XI Punjab,field,"Rajiv Gandhi International Stadium, Uppal",Hyderabad,2014.0,2014,5,2,2,0,0,1,200,0,190,0,19,416,19,9,13,11,98,169,120.0,27,99
734007,2014-05-14,Kings XI Punjab,Sunrisers Hyderabad,WP Saha,Kings XI Punjab,field,"Rajiv Gandhi International Stadium, Uppal",Hyderabad,2014.0,2014,5,2,2,1,0,1,190,0,201,0,19,416,19,9,13,11,98,169,120.0,99,27
734009,2014-05-14,Mumbai Indians,Kolkata Knight Riders,RV Uthappa,Kolkata Knight Riders,field,Barabati Stadium,Cuttack,2014.0,2014,5,2,2,0,0,1,282,0,268,0,19,283,12,9,12,12,14,14,120.0,105,98
734009,2014-05-14,Kolkata Knight Riders,Mumbai Indians,RV Uthappa,Kolkata Knight Riders,field,Barabati Stadium,Cuttack,2014.0,2014,5,2,2,1,0,1,269,0,282,0,19,283,12,9,12,12,14,14,120.0,98,105
734011,2014-05-15,Rajasthan Royals,Delhi Daredevils,AM Rahane,Delhi Daredevils,field,"Sardar Patel Stadium, Motera",Ahmedabad,2014.0,2014,5,3,2,0,0,1,239,0,160,0,19,340,24,15,18,13,24,92,120.0,101,101
734011,2014-05-15,Delhi Daredevils,Rajasthan Royals,AM Rahane,Delhi Daredevils,field,"Sardar Patel Stadium, Motera",Ahmedabad,2014.0,2014,5,3,2,1,0,1,161,0,240,0,19,340,24,15,18,13,24,92,120.0,102,101
734013,2014-05-18,Chennai Super Kings,Royal Challengers Bangalore,AB de Villiers,Chennai Super Kings,bat,JSCA International Stadium Complex,Ranchi,2014.0,2014,5,6,2,1,1,0,256,0,239,0,19,280,19,9,13,12,14,14,120.0,109,104
734013,2014-05-18,Royal Challengers Bangalore,Chennai Super Kings,AB de Villiers,Chennai Super Kings,bat,JSCA International Stadium Complex,Ranchi,2014.0,2014,5,6,2,0,1,0,240,0,257,0,19,280,19,9,13,12,14,14,120.0,104,109
734015,2014-05-18,Sunrisers Hyderabad,Kolkata Knight Riders,UT Yadav,Sunrisers Hyderabad,bat,"Rajiv Gandhi International Stadium, Uppal",Hyderabad,2014.0,2014,5,6,2,1,1,0,200,0,268,0,19,288,11,11,14,12,98,169,120.0,28,99
734015,2014-05-18,Kolkata Knight Riders,Sunrisers Hyderabad,UT Yadav,Sunrisers Hyderabad,bat,"Rajiv Gandhi International Stadium, Uppal",Hyderabad,2014.0,2014,5,6,2,0,1,0,269,0,201,0,19,288,11,11,14,12,98,169,120.0,99,28
734017,2014-05-19,Mumbai Indians,Rajasthan Royals,MEK Hussey,Mumbai Indians,bat,"Sardar Patel Stadium, Motera",Ahmedabad,2014.0,2014,5,0,2,1,1,0,282,0,240,0,19,331,14,11,14,12,24,92,120.0,106,102
734017,2014-05-19,Rajasthan Royals,Mumbai Indians,MEK Hussey,Mumbai Indians,bat,"Sardar Patel Stadium, Motera",Ahmedabad,2014.0,2014,5,0,2,0,1,0,239,0,282,0,19,331,14,11,14,12,24,92,120.0,102,106
734019,2014-05-19,Delhi Daredevils,Kings XI Punjab,AR Patel,Kings XI Punjab,field,Feroz Shah Kotla,Delhi,2014.0,2014,5,0,2,0,0,1,161,0,190,0,19,327,18,13,17,10,119,197,120.0,103,100
734019,2014-05-19,Kings XI Punjab,Delhi Daredevils,AR Patel,Kings XI Punjab,field,Feroz Shah Kotla,Delhi,2014.0,2014,5,0,2,1,0,1,190,0,160,0,19,327,18,13,17,10,119,197,120.0,100,102
734021,2014-05-20,Royal Challengers Bangalore,Sunrisers Hyderabad,DA Warner,Royal Challengers Bangalore,bat,"Rajiv Gandhi International Stadium, Uppal",Hyderabad,2014.0,2014,5,1,2,1,1,0,240,0,201,0,19,320,13,9,12,13,98,169,120.0,105,29
734021,2014-05-20,Sunrisers Hyderabad,Royal Challengers Bangalore,DA Warner,Royal Challengers Bangalore,bat,"Rajiv Gandhi International Stadium, Uppal",Hyderabad,2014.0,2014,5,1,2,0,1,0,200,0,239,0,19,320,13,9,12,13,98,169,120.0,29,105
734023,2014-05-20,Chennai Super Kings,Kolkata Knight Riders,RV Uthappa,Kolkata Knight Riders,field,Eden Gardens,Kolkata,2014.0,2014,5,1,2,0,0,1,256,0,268,0,19,310,7,6,10,11,154,205,120.0,110,100
734023,2014-05-20,Kolkata Knight Riders,Chennai Super Kings,RV Uthappa,Kolkata Knight Riders,field,Eden Gardens,Kolkata,2014.0,2014,5,1,2,1,0,1,269,0,257,0,19,310,7,6,10,11,154,205,120.0,100,110
734025,2014-05-21,Kings XI Punjab,Mumbai Indians,LMP Simmons,Mumbai Indians,field,"Punjab Cricket Association Stadium, Mohali",Chandigarh,2014.0,2014,5,2,2,0,0,1,190,0,282,0,19,315,18,11,15,10,70,122,120.0,101,107
734025,2014-05-21,Mumbai Indians,Kings XI Punjab,LMP Simmons,Mumbai Indians,field,"Punjab Cricket Association Stadium, Mohali",Chandigarh,2014.0,2014,5,2,2,1,0,1,282,0,190,0,19,315,18,11,15,10,70,122,120.0,107,101
734027,2014-05-22,Kolkata Knight Riders,Royal Challengers Bangalore,RV Uthappa,Royal Challengers Bangalore,field,Eden Gardens,Kolkata,2014.0,2014,5,3,2,0,0,1,269,0,239,0,19,360,17,9,13,11,154,205,120.0,101,106
734027,2014-05-22,Royal Challengers Bangalore,Kolkata Knight Riders,RV Uthappa,Royal Challengers Bangalore,field,Eden Gardens,Kolkata,2014.0,2014,5,3,2,1,0,1,240,0,268,0,19,360,17,9,13,11,154,205,120.0,106,101
734029,2014-05-22,Chennai Super Kings,Sunrisers Hyderabad,DA Warner,Sunrisers Hyderabad,field,JSCA International Stadium Complex,Ranchi,2014.0,2014,5,3,2,0,0,1,256,0,201,0,19,374,13,7,11,12,14,14,120.0,111,30
734029,2014-05-22,Sunrisers Hyderabad,Chennai Super Kings,DA Warner,Sunrisers Hyderabad,field,JSCA International Stadium Complex,Ranchi,2014.0,2014,5,3,2,1,0,1,200,0,257,0,19,374,13,7,11,12,14,14,120.0,30,111
734031,2014-05-23,Mumbai Indians,Delhi Daredevils,MEK Hussey,Delhi Daredevils,field,Wankhede Stadium,Mumbai,2014.0,2014,5,4,2,0,0,1,282,0,160,0,19,331,15,14,17,12,146,366,120.0,108,103
734031,2014-05-23,Delhi Daredevils,Mumbai Indians,MEK Hussey,Delhi Daredevils,field,Wankhede Stadium,Mumbai,2014.0,2014,5,4,2,1,0,1,161,0,282,0,19,331,15,14,17,12,146,366,120.0,104,108
734033,2014-05-23,Kings XI Punjab,Rajasthan Royals,SE Marsh,Rajasthan Royals,field,"Punjab Cricket Association Stadium, Mohali",Chandigarh,2014.0,2014,5,4,2,0,0,1,190,0,240,0,19,342,21,12,16,11,70,122,120.0,102,103
734033,2014-05-23,Rajasthan Royals,Kings XI Punjab,SE Marsh,Rajasthan Royals,field,"Punjab Cricket Association Stadium, Mohali",Chandigarh,2014.0,2014,5,4,2,1,0,1,239,0,190,0,19,342,21,12,16,11,70,122,120.0,103,102
734035,2014-05-24,Royal Challengers Bangalore,Chennai Super Kings,MS Dhoni,Chennai Super Kings,field,M Chinnaswamy Stadium,Bangalore,2014.0,2014,5,5,2,0,0,1,240,0,257,0,19,314,11,8,12,12,129,129,120.0,107,112
734035,2014-05-24,Chennai Super Kings,Royal Challengers Bangalore,MS Dhoni,Chennai Super Kings,field,M Chinnaswamy Stadium,Bangalore,2014.0,2014,5,5,2,1,0,1,256,0,239,0,19,314,11,8,12,12,129,129,120.0,112,107
734037,2014-05-24,Sunrisers Hyderabad,Kolkata Knight Riders,YK Pathan,Kolkata Knight Riders,field,Eden Gardens,Kolkata,2014.0,2014,5,5,2,0,0,1,200,0,268,0,19,321,26,13,15,11,154,205,120.0,31,102
734037,2014-05-24,Kolkata Knight Riders,Sunrisers Hyderabad,YK Pathan,Kolkata Knight Riders,field,Eden Gardens,Kolkata,2014.0,2014,5,5,2,1,0,1,269,0,201,0,19,321,26,13,15,11,154,205,120.0,102,31
734039,2014-05-25,Delhi Daredevils,Kings XI Punjab,M Vohra,Kings XI Punjab,field,"Punjab Cricket Association Stadium, Mohali",Chandigarh,2014.0,2014,5,6,2,0,0,1,161,0,190,0,18,234,22,13,16,11,70,122,120.0,105,103
734039,2014-05-25,Kings XI Punjab,Delhi Daredevils,M Vohra,Kings XI Punjab,field,"Punjab Cricket Association Stadium, Mohali",Chandigarh,2014.0,2014,5,6,2,1,0,1,190,0,160,0,18,234,22,13,16,11,70,122,120.0,103,104
734041,2014-05-25,Rajasthan Royals,Mumbai Indians,CJ Anderson,Mumbai Indians,field,Wankhede Stadium,Mumbai,2014.0,2014,5,6,2,0,0,1,239,0,282,0,19,384,12,9,12,11,146,366,120.0,104,109
734041,2014-05-25,Mumbai Indians,Rajasthan Royals,CJ Anderson,Mumbai Indians,field,Wankhede Stadium,Mumbai,2014.0,2014,5,6,2,1,0,1,282,0,240,0,19,384,12,9,12,11,146,366,120.0,109,104
734043,2014-05-27,Kolkata Knight Riders,Kings XI Punjab,UT Yadav,Kings XI Punjab,field,Eden Gardens,Kolkata,2014.0,2014,5,1,2,0,0,1,269,0,190,0,19,298,12,16,18,10,154,205,120.0,103,104
734043,2014-05-27,Kings XI Punjab,Kolkata Knight Riders,UT Yadav,Kings XI Punjab,field,Eden Gardens,Kolkata,2014.0,2014,5,1,2,1,0,1,190,0,268,0,19,298,12,16,18,10,154,205,120.0,104,103
734045,2014-05-28,Mumbai Indians,Chennai Super Kings,SK Raina,Chennai Super Kings,field,Brabourne Stadium,Mumbai,2014.0,2014,5,2,2,0,0,1,282,0,257,0,19,347,9,11,15,12,20,366,120.0,110,113
734045,2014-05-28,Chennai Super Kings,Mumbai Indians,SK Raina,Chennai Super Kings,field,Brabourne Stadium,Mumbai,2014.0,2014,5,2,2,1,0,1,256,0,282,0,19,347,9,11,15,12,20,366,120.0,113,110
734047,2014-05-30,Kings XI Punjab,Chennai Super Kings,V Sehwag,Chennai Super Kings,field,Wankhede Stadium,Mumbai,2014.0,2014,5,4,2,0,0,1,190,0,257,0,19,427,26,13,16,11,146,366,120.0,105,114
734047,2014-05-30,Chennai Super Kings,Kings XI Punjab,V Sehwag,Chennai Super Kings,field,Wankhede Stadium,Mumbai,2014.0,2014,5,4,2,1,0,1,256,0,190,0,19,427,26,13,16,11,146,366,120.0,114,105
734049,2014-06-01,Kings XI Punjab,Kolkata Knight Riders,MK Pandey,Kolkata Knight Riders,field,M Chinnaswamy Stadium,Bangalore,2014.0,2014,6,6,2,0,0,1,190,0,268,0,19,399,14,11,15,10,129,129,120.0,106,104
734049,2014-06-01,Kolkata Knight Riders,Kings XI Punjab,MK Pandey,Kolkata Knight Riders,field,M Chinnaswamy Stadium,Bangalore,2014.0,2014,6,6,2,1,0,1,269,0,190,0,19,399,14,11,15,10,129,129,120.0,104,106
829705,2015-04-08,Mumbai Indians,Kolkata Knight Riders,M Morkel,Kolkata Knight Riders,field,Eden Gardens,Kolkata,2015.0,2015,4,2,2,0,0,1,282,0,268,0,19,337,6,6,10,12,154,205,117.0,111,105
829705,2015-04-08,Kolkata Knight Riders,Mumbai Indians,M Morkel,Kolkata Knight Riders,field,Eden Gardens,Kolkata,2015.0,2015,4,2,2,1,0,1,269,0,282,0,19,337,6,6,10,12,154,205,117.0,105,111
829707,2015-04-09,Chennai Super Kings,Delhi Daredevils,A Nehra,Delhi Daredevils,field,"MA Chidambaram Stadium, Chepauk",Chennai,2015.0,2015,4,3,2,0,0,1,256,0,160,0,19,299,19,16,19,11,96,188,117.0,115,105
829707,2015-04-09,Delhi Daredevils,Chennai Super Kings,A Nehra,Delhi Daredevils,field,"MA Chidambaram Stadium, Chepauk",Chennai,2015.0,2015,4,3,2,1,0,1,161,0,257,0,19,299,19,16,19,11,96,188,117.0,106,115
829709,2015-04-10,Rajasthan Royals,Kings XI Punjab,JP Faulkner,Kings XI Punjab,field,Maharashtra Cricket Association Stadium,Pune,2015.0,2015,4,4,2,0,0,1,239,0,190,0,19,297,29,15,18,11,44,102,117.0,105,107
829709,2015-04-10,Kings XI Punjab,Rajasthan Royals,JP Faulkner,Kings XI Punjab,field,Maharashtra Cricket Association Stadium,Pune,2015.0,2015,4,4,2,1,0,1,190,0,240,0,19,297,29,15,18,11,44,102,117.0,107,105
829711,2015-04-11,Chennai Super Kings,Sunrisers Hyderabad,BB McCullum,Chennai Super Kings,bat,"MA Chidambaram Stadium, Chepauk",Chennai,2015.0,2015,4,5,2,1,1,0,256,0,201,0,19,372,25,10,13,12,96,188,117.0,116,32
829711,2015-04-11,Sunrisers Hyderabad,Chennai Super Kings,BB McCullum,Chennai Super Kings,bat,"MA Chidambaram Stadium, Chepauk",Chennai,2015.0,2015,4,5,2,0,1,0,200,0,257,0,19,372,25,10,13,12,96,188,117.0,32,116
829713,2015-04-11,Kolkata Knight Riders,Royal Challengers Bangalore,CH Gayle,Royal Challengers Bangalore,field,Eden Gardens,Kolkata,2015.0,2015,4,5,2,0,0,1,269,0,239,0,19,356,14,13,16,13,154,205,117.0,106,108
829713,2015-04-11,Royal Challengers Bangalore,Kolkata Knight Riders,CH Gayle,Royal Challengers Bangalore,field,Eden Gardens,Kolkata,2015.0,2015,4,5,2,1,0,1,240,0,268,0,19,356,14,13,16,13,154,205,117.0,108,106
829715,2015-04-12,Delhi Daredevils,Rajasthan Royals,DJ Hooda,Rajasthan Royals,field,Feroz Shah Kotla,Delhi,2015.0,2015,4,6,2,0,0,1,161,0,240,0,19,370,15,10,14,12,119,197,117.0,107,106
829715,2015-04-12,Rajasthan Royals,Delhi Daredevils,DJ Hooda,Rajasthan Royals,field,Feroz Shah Kotla,Delhi,2015.0,2015,4,6,2,1,0,1,239,0,160,0,19,370,15,10,14,12,119,197,117.0,106,106
829717,2015-04-12,Kings XI Punjab,Mumbai Indians,GJ Bailey,Mumbai Indians,field,Wankhede Stadium,Mumbai,2015.0,2015,4,6,2,0,0,1,190,0,282,0,19,336,14,12,15,11,146,366,117.0,108,112
829717,2015-04-12,Mumbai Indians,Kings XI Punjab,GJ Bailey,Mumbai Indians,field,Wankhede Stadium,Mumbai,2015.0,2015,4,6,2,1,0,1,282,0,190,0,19,336,14,12,15,11,146,366,117.0,112,108
829719,2015-04-13,Royal Challengers Bangalore,Sunrisers Hyderabad,DA Warner,Sunrisers Hyderabad,field,M Chinnaswamy Stadium,Bangalore,2015.0,2015,4,0,2,0,0,1,240,0,201,0,19,337,31,12,15,12,129,129,117.0,109,33
829719,2015-04-13,Sunrisers Hyderabad,Royal Challengers Bangalore,DA Warner,Sunrisers Hyderabad,field,M Chinnaswamy Stadium,Bangalore,2015.0,2015,4,0,2,1,0,1,200,0,239,0,19,337,31,12,15,12,129,129,117.0,33,109
829721,2015-04-14,Mumbai Indians,Rajasthan Royals,SPD Smith,Mumbai Indians,bat,"Sardar Patel Stadium, Motera",Ahmedabad,2015.0,2015,4,1,2,1,1,0,282,0,240,0,19,329,9,9,13,13,24,92,117.0,113,107
829721,2015-04-14,Rajasthan Royals,Mumbai Indians,SPD Smith,Mumbai Indians,bat,"Sardar Patel Stadium, Motera",Ahmedabad,2015.0,2015,4,1,2,0,1,0,239,0,282,0,19,329,9,9,13,13,24,92,117.0,107,113
829725,2015-04-15,Kings XI Punjab,Delhi Daredevils,MA Agarwal,Kings XI Punjab,bat,Maharashtra Cricket Association Stadium,Pune,2015.0,2015,4,2,2,1,1,0,190,0,160,0,19,333,18,12,13,13,44,102,117.0,109,107
829725,2015-04-15,Delhi Daredevils,Kings XI Punjab,MA Agarwal,Kings XI Punjab,bat,Maharashtra Cricket Association Stadium,Pune,2015.0,2015,4,2,2,0,1,0,161,0,190,0,19,333,18,12,13,13,44,102,117.0,108,109
829727,2015-04-16,Sunrisers Hyderabad,Rajasthan Royals,AM Rahane,Rajasthan Royals,field,Dr. Y.S. Rajasekhara Reddy ACA-VDCA Cricket Stadium,Visakhapatnam,2015.0,2015,4,3,2,0,0,1,200,0,240,0,19,258,13,9,13,13,26,34,117.0,34,108
829727,2015-04-16,Rajasthan Royals,Sunrisers Hyderabad,AM Rahane,Rajasthan Royals,field,Dr. Y.S. Rajasekhara Reddy ACA-VDCA Cricket Stadium,Visakhapatnam,2015.0,2015,4,3,2,1,0,1,239,0,201,0,19,258,13,9,13,13,26,34,117.0,108,34
829729,2015-04-17,Mumbai Indians,Chennai Super Kings,A Nehra,Mumbai Indians,bat,Wankhede Stadium,Mumbai,2015.0,2015,4,4,2,1,1,0,282,0,257,0,19,370,16,11,14,12,146,366,117.0,114,117
829729,2015-04-17,Chennai Super Kings,Mumbai Indians,A Nehra,Mumbai Indians,bat,Wankhede Stadium,Mumbai,2015.0,2015,4,4,2,0,1,0,256,0,282,0,19,370,16,11,14,12,146,366,117.0,117,114
829731,2015-04-18,Delhi Daredevils,Sunrisers Hyderabad,JP Duminy,Delhi Daredevils,bat,Dr. Y.S. Rajasekhara Reddy ACA-VDCA Cricket Stadium,Visakhapatnam,2015.0,2015,4,5,2,1,1,0,161,0,201,0,19,330,13,12,15,13,26,34,117.0,109,35
829731,2015-04-18,Sunrisers Hyderabad,Delhi Daredevils,JP Duminy,Delhi Daredevils,bat,Dr. Y.S. Rajasekhara Reddy ACA-VDCA Cricket Stadium,Visakhapatnam,2015.0,2015,4,5,2,0,1,0,200,0,160,0,19,330,13,12,15,13,26,34,117.0,35,108
829733,2015-04-18,Kings XI Punjab,Kolkata Knight Riders,AD Russell,Kolkata Knight Riders,field,Maharashtra Cricket Association Stadium,Pune,2015.0,2015,4,5,2,0,0,1,190,0,268,0,19,313,14,15,18,10,44,102,117.0,110,107
829733,2015-04-18,Kolkata Knight Riders,Kings XI Punjab,AD Russell,Kolkata Knight Riders,field,Maharashtra Cricket Association Stadium,Pune,2015.0,2015,4,5,2,1,0,1,269,0,190,0,19,313,14,15,18,10,44,102,117.0,107,110
829735,2015-04-19,Chennai Super Kings,Rajasthan Royals,AM Rahane,Chennai Super Kings,bat,"Sardar Patel Stadium, Motera",Ahmedabad,2015.0,2015,4,6,2,1,1,0,256,0,240,0,19,313,7,6,10,13,24,92,117.0,118,109
829735,2015-04-19,Rajasthan Royals,Chennai Super Kings,AM Rahane,Chennai Super Kings,bat,"Sardar Patel Stadium, Motera",Ahmedabad,2015.0,2015,4,6,2,0,1,0,239,0,257,0,19,313,7,6,10,13,24,92,117.0,109,118
829737,2015-04-19,Mumbai Indians,Royal Challengers Bangalore,Harbhajan Singh,Royal Challengers Bangalore,field,M Chinnaswamy Stadium,Bangalore,2015.0,2015,4,6,2,0,0,1,282,0,239,0,19,395,28,14,17,11,129,129,117.0,115,110
829737,2015-04-19,Royal Challengers Bangalore,Mumbai Indians,Harbhajan Singh,Royal Challengers Bangalore,field,M Chinnaswamy Stadium,Bangalore,2015.0,2015,4,6,2,1,0,1,240,0,282,0,19,395,28,14,17,11,129,129,117.0,110,115
829739,2015-04-20,Delhi Daredevils,Kolkata Knight Riders,UT Yadav,Kolkata Knight Riders,field,Feroz Shah Kotla,Delhi,2015.0,2015,4,0,2,0,0,1,161,0,268,0,19,292,19,12,15,12,119,197,117.0,110,108
829739,2015-04-20,Kolkata Knight Riders,Delhi Daredevils,UT Yadav,Kolkata Knight Riders,field,Feroz Shah Kotla,Delhi,2015.0,2015,4,0,2,1,0,1,269,0,160,0,19,292,19,12,15,12,119,197,117.0,108,109
829741,2015-04-21,Rajasthan Royals,Kings XI Punjab,SE Marsh,Kings XI Punjab,field,"Sardar Patel Stadium, Motera",Ahmedabad,2015.0,2015,4,1,2,0,0,1,239,0,190,0,19,403,18,16,16,13,24,92,117.0,110,111
829741,2015-04-21,Kings XI Punjab,Rajasthan Royals,SE Marsh,Kings XI Punjab,field,"Sardar Patel Stadium, Motera",Ahmedabad,2015.0,2015,4,1,2,1,0,1,190,0,240,0,19,403,18,16,16,13,24,92,117.0,111,110
829743,2015-04-22,Sunrisers Hyderabad,Kolkata Knight Riders,DA Warner,Kolkata Knight Riders,field,Dr. Y.S. Rajasekhara Reddy ACA-VDCA Cricket Stadium,Visakhapatnam,2015.0,2015,4,2,2,0,0,1,200,0,268,0,19,277,7,8,12,14,26,34,117.0,36,109
829743,2015-04-22,Kolkata Knight Riders,Sunrisers Hyderabad,DA Warner,Kolkata Knight Riders,field,Dr. Y.S. Rajasekhara Reddy ACA-VDCA Cricket Stadium,Visakhapatnam,2015.0,2015,4,2,2,1,0,1,269,0,201,0,19,277,7,8,12,14,26,34,117.0,109,36
829745,2015-04-22,Chennai Super Kings,Royal Challengers Bangalore,SK Raina,Royal Challengers Bangalore,field,M Chinnaswamy Stadium,Bangalore,2015.0,2015,4,2,2,0,0,1,256,0,239,0,19,335,16,16,19,11,129,129,117.0,119,111
829745,2015-04-22,Royal Challengers Bangalore,Chennai Super Kings,SK Raina,Royal Challengers Bangalore,field,M Chinnaswamy Stadium,Bangalore,2015.0,2015,4,2,2,1,0,1,240,0,257,0,19,335,16,16,19,11,129,129,117.0,111,119
829747,2015-04-23,Delhi Daredevils,Mumbai Indians,SS Iyer,Mumbai Indians,field,Feroz Shah Kotla,Delhi,2015.0,2015,4,3,2,0,0,1,161,0,282,0,19,340,16,13,16,13,119,197,117.0,111,116
829747,2015-04-23,Mumbai Indians,Delhi Daredevils,SS Iyer,Mumbai Indians,field,Feroz Shah Kotla,Delhi,2015.0,2015,4,3,2,1,0,1,282,0,160,0,19,340,16,13,16,13,119,197,117.0,116,110
829749,2015-04-24,Rajasthan Royals,Royal Challengers Bangalore,MA Starc,Royal Challengers Bangalore,field,"Sardar Patel Stadium, Motera",Ahmedabad,2015.0,2015,4,4,2,0,0,1,239,0,239,0,19,264,9,10,14,12,24,92,117.0,111,112
829749,2015-04-24,Royal Challengers Bangalore,Rajasthan Royals,MA Starc,Royal Challengers Bangalore,field,"Sardar Patel Stadium, Motera",Ahmedabad,2015.0,2015,4,4,2,1,0,1,240,0,240,0,19,264,9,10,14,12,24,92,117.0,112,111
829751,2015-04-25,Mumbai Indians,Sunrisers Hyderabad,SL Malinga,Mumbai Indians,bat,Wankhede Stadium,Mumbai,2015.0,2015,4,5,2,1,1,0,282,0,201,0,19,293,14,16,20,10,146,366,117.0,117,37
829751,2015-04-25,Sunrisers Hyderabad,Mumbai Indians,SL Malinga,Mumbai Indians,bat,Wankhede Stadium,Mumbai,2015.0,2015,4,5,2,0,1,0,200,0,282,0,19,293,14,16,20,10,146,366,117.0,37,117
829753,2015-04-25,Chennai Super Kings,Kings XI Punjab,BB McCullum,Chennai Super Kings,bat,"MA Chidambaram Stadium, Chepauk",Chennai,2015.0,2015,4,5,2,1,1,0,256,0,190,0,19,287,20,12,16,11,96,188,117.0,120,112
829753,2015-04-25,Kings XI Punjab,Chennai Super Kings,BB McCullum,Chennai Super Kings,bat,"MA Chidambaram Stadium, Chepauk",Chennai,2015.0,2015,4,5,2,0,1,0,190,0,257,0,19,287,20,12,16,11,96,188,117.0,112,120
829757,2015-04-26,Delhi Daredevils,Royal Challengers Bangalore,VR Aaron,Royal Challengers Bangalore,field,Feroz Shah Kotla,Delhi,2015.0,2015,4,6,2,0,0,1,161,0,239,0,18,194,10,10,13,11,119,197,117.0,112,113
829757,2015-04-26,Royal Challengers Bangalore,Delhi Daredevils,VR Aaron,Royal Challengers Bangalore,field,Feroz Shah Kotla,Delhi,2015.0,2015,4,6,2,1,0,1,240,0,160,0,18,194,10,10,13,11,119,197,117.0,113,111
829759,2015-04-27,Sunrisers Hyderabad,Kings XI Punjab,TA Boult,Kings XI Punjab,field,"Punjab Cricket Association Stadium, Mohali",Chandigarh,2015.0,2015,4,0,2,0,0,1,200,0,190,0,19,279,7,15,19,11,70,122,117.0,38,113
829759,2015-04-27,Kings XI Punjab,Sunrisers Hyderabad,TA Boult,Kings XI Punjab,field,"Punjab Cricket Association Stadium, Mohali",Chandigarh,2015.0,2015,4,0,2,1,0,1,190,0,201,0,19,279,7,15,19,11,70,122,117.0,113,38
829765,2015-04-28,Chennai Super Kings,Kolkata Knight Riders,DJ Bravo,Kolkata Knight Riders,field,"MA Chidambaram Stadium, Chepauk",Chennai,2015.0,2015,4,1,2,0,0,1,256,0,268,0,19,266,17,15,19,12,96,188,117.0,121,110
829765,2015-04-28,Kolkata Knight Riders,Chennai Super Kings,DJ Bravo,Kolkata Knight Riders,field,"MA Chidambaram Stadium, Chepauk",Chennai,2015.0,2015,4,1,2,1,0,1,269,0,257,0,19,266,17,15,19,12,96,188,117.0,110,121
829763,2015-04-29,Royal Challengers Bangalore,Rajasthan Royals,Unknown,Rajasthan Royals,field,M Chinnaswamy Stadium,Bangalore,2015.0,2015,4,2,2,0,0,1,240,0,240,0,19,200,16,7,8,6,129,129,117.0,114,112
829723,2015-04-30,Chennai Super Kings,Kolkata Knight Riders,AD Russell,Kolkata Knight Riders,field,Eden Gardens,Kolkata,2015.0,2015,4,3,2,0,0,1,256,0,268,0,19,334,30,12,16,12,154,205,117.0,122,111
829723,2015-04-30,Kolkata Knight Riders,Chennai Super Kings,AD Russell,Kolkata Knight Riders,field,Eden Gardens,Kolkata,2015.0,2015,4,3,2,1,0,1,269,0,257,0,19,334,30,12,16,12,154,205,117.0,111,122
829767,2015-05-01,Kings XI Punjab,Delhi Daredevils,NM Coulter-Nile,Delhi Daredevils,field,Feroz Shah Kotla,Delhi,2015.0,2015,5,4,2,0,0,1,190,0,160,0,19,236,15,9,13,11,119,197,117.0,114,112
829767,2015-05-01,Delhi Daredevils,Kings XI Punjab,NM Coulter-Nile,Delhi Daredevils,field,Feroz Shah Kotla,Delhi,2015.0,2015,5,4,2,1,0,1,161,0,190,0,19,236,15,9,13,11,119,197,117.0,113,114
829769,2015-05-01,Mumbai Indians,Rajasthan Royals,AT Rayudu,Rajasthan Royals,field,Wankhede Stadium,Mumbai,2015.0,2015,5,4,2,0,0,1,282,0,240,0,19,366,21,12,15,11,146,366,117.0,118,113
829769,2015-05-01,Rajasthan Royals,Mumbai Indians,AT Rayudu,Rajasthan Royals,field,Wankhede Stadium,Mumbai,2015.0,2015,5,4,2,1,0,1,239,0,282,0,19,366,21,12,15,11,146,366,117.0,112,118
829771,2015-05-02,Kolkata Knight Riders,Royal Challengers Bangalore,Mandeep Singh,Royal Challengers Bangalore,field,M Chinnaswamy Stadium,Bangalore,2015.0,2015,5,5,2,0,0,1,269,0,239,0,9,225,11,7,11,10,129,129,117.0,112,114
829771,2015-05-02,Royal Challengers Bangalore,Kolkata Knight Riders,Mandeep Singh,Royal Challengers Bangalore,field,M Chinnaswamy Stadium,Bangalore,2015.0,2015,5,5,2,1,0,1,240,0,268,0,9,225,11,7,11,10,129,129,117.0,115,112
829773,2015-05-02,Sunrisers Hyderabad,Chennai Super Kings,DA Warner,Chennai Super Kings,field,"Rajiv Gandhi International Stadium, Uppal",Hyderabad,2015.0,2015,5,5,2,0,0,1,200,0,257,0,19,362,12,13,16,12,98,169,117.0,39,123
829773,2015-05-02,Chennai Super Kings,Sunrisers Hyderabad,DA Warner,Chennai Super Kings,field,"Rajiv Gandhi International Stadium, Uppal",Hyderabad,2015.0,2015,5,5,2,1,0,1,256,0,201,0,19,362,12,13,16,12,98,169,117.0,123,39
829775,2015-05-03,Mumbai Indians,Kings XI Punjab,LMP Simmons,Mumbai Indians,bat,"Punjab Cricket Association Stadium, Mohali",Chandigarh,2015.0,2015,5,6,2,1,1,0,282,0,190,0,19,320,16,10,13,13,70,122,117.0,119,115
829775,2015-05-03,Kings XI Punjab,Mumbai Indians,LMP Simmons,Mumbai Indians,bat,"Punjab Cricket Association Stadium, Mohali",Chandigarh,2015.0,2015,5,6,2,0,1,0,190,0,282,0,19,320,16,10,13,13,70,122,117.0,115,119
829777,2015-05-03,Rajasthan Royals,Delhi Daredevils,AM Rahane,Delhi Daredevils,field,Brabourne Stadium,Mumbai,2015.0,2015,5,6,2,0,0,1,239,0,160,0,19,362,21,9,13,11,20,366,117.0,113,113
829777,2015-05-03,Delhi Daredevils,Rajasthan Royals,AM Rahane,Delhi Daredevils,field,Brabourne Stadium,Mumbai,2015.0,2015,5,6,2,1,0,1,161,0,240,0,19,362,21,9,13,11,20,366,117.0,114,114
829779,2015-05-04,Chennai Super Kings,Royal Challengers Bangalore,SK Raina,Chennai Super Kings,bat,"MA Chidambaram Stadium, Chepauk",Chennai,2015.0,2015,5,0,2,1,1,0,256,0,239,0,19,272,7,19,18,12,96,188,117.0,124,115
829779,2015-05-04,Royal Challengers Bangalore,Chennai Super Kings,SK Raina,Chennai Super Kings,bat,"MA Chidambaram Stadium, Chepauk",Chennai,2015.0,2015,5,0,2,0,1,0,240,0,257,0,19,272,7,19,18,12,96,188,117.0,116,124
829781,2015-05-04,Kolkata Knight Riders,Sunrisers Hyderabad,UT Yadav,Sunrisers Hyderabad,field,Eden Gardens,Kolkata,2015.0,2015,5,0,2,0,0,1,269,0,201,0,19,299,11,16,20,13,154,205,117.0,113,40
829781,2015-05-04,Sunrisers Hyderabad,Kolkata Knight Riders,UT Yadav,Sunrisers Hyderabad,field,Eden Gardens,Kolkata,2015.0,2015,5,0,2,1,0,1,200,0,268,0,19,299,11,16,20,13,154,205,117.0,40,113
829783,2015-05-05,Delhi Daredevils,Mumbai Indians,Harbhajan Singh,Delhi Daredevils,bat,Wankhede Stadium,Mumbai,2015.0,2015,5,1,2,1,1,0,161,0,282,0,19,303,11,11,15,12,146,366,117.0,115,120
829783,2015-05-05,Mumbai Indians,Delhi Daredevils,Harbhajan Singh,Delhi Daredevils,bat,Wankhede Stadium,Mumbai,2015.0,2015,5,1,2,0,1,0,282,0,160,0,19,303,11,11,15,12,146,366,117.0,120,114
829785,2015-05-06,Royal Challengers Bangalore,Kings XI Punjab,CH Gayle,Kings XI Punjab,field,M Chinnaswamy Stadium,Bangalore,2015.0,2015,5,2,2,0,0,1,240,0,190,0,19,314,20,13,16,11,129,129,117.0,117,116
829785,2015-05-06,Kings XI Punjab,Royal Challengers Bangalore,CH Gayle,Kings XI Punjab,field,M Chinnaswamy Stadium,Bangalore,2015.0,2015,5,2,2,1,0,1,190,0,239,0,19,314,20,13,16,11,129,129,117.0,116,116
829761,2015-05-07,Kolkata Knight Riders,Delhi Daredevils,PP Chawla,Kolkata Knight Riders,bat,Eden Gardens,Kolkata,2015.0,2015,5,3,2,1,1,0,269,0,160,0,19,329,19,13,16,13,154,205,117.0,114,115
829761,2015-05-07,Delhi Daredevils,Kolkata Knight Riders,PP Chawla,Kolkata Knight Riders,bat,Eden Gardens,Kolkata,2015.0,2015,5,3,2,0,1,0,161,0,268,0,19,329,19,13,16,13,154,205,117.0,116,114
829787,2015-05-07,Sunrisers Hyderabad,Rajasthan Royals,EJG Morgan,Rajasthan Royals,field,Brabourne Stadium,Mumbai,2015.0,2015,5,3,2,0,0,1,200,0,240,0,19,395,22,11,15,12,20,366,117.0,41,115
829787,2015-05-07,Rajasthan Royals,Sunrisers Hyderabad,EJG Morgan,Rajasthan Royals,field,Brabourne Stadium,Mumbai,2015.0,2015,5,3,2,1,0,1,239,0,201,0,19,395,22,11,15,12,20,366,117.0,114,41
829789,2015-05-08,Chennai Super Kings,Mumbai Indians,HH Pandya,Chennai Super Kings,bat,"MA Chidambaram Stadium, Chepauk",Chennai,2015.0,2015,5,4,2,1,1,0,256,0,282,0,19,317,8,9,12,12,96,188,117.0,125,121
829789,2015-05-08,Mumbai Indians,Chennai Super Kings,HH Pandya,Chennai Super Kings,bat,"MA Chidambaram Stadium, Chepauk",Chennai,2015.0,2015,5,4,2,0,1,0,282,0,257,0,19,317,8,9,12,12,96,188,117.0,121,125
829791,2015-05-09,Kings XI Punjab,Kolkata Knight Riders,AD Russell,Kings XI Punjab,bat,Eden Gardens,Kolkata,2015.0,2015,5,5,2,1,1,0,190,0,268,0,19,367,16,14,16,12,154,205,117.0,117,115
829791,2015-05-09,Kolkata Knight Riders,Kings XI Punjab,AD Russell,Kings XI Punjab,bat,Eden Gardens,Kolkata,2015.0,2015,5,5,2,0,1,0,269,0,190,0,19,367,16,14,16,12,154,205,117.0,115,117
829793,2015-05-09,Sunrisers Hyderabad,Delhi Daredevils,MC Henriques,Sunrisers Hyderabad,bat,Shaheed Veer Narayan Singh International Stadium,Raipur,2015.0,2015,5,5,2,1,1,0,200,0,160,0,19,320,8,8,12,13,12,12,117.0,42,116
829793,2015-05-09,Delhi Daredevils,Sunrisers Hyderabad,MC Henriques,Sunrisers Hyderabad,bat,Shaheed Veer Narayan Singh International Stadium,Raipur,2015.0,2015,5,5,2,0,1,0,161,0,201,0,19,320,8,8,12,13,12,12,117.0,117,42
829795,2015-05-10,Royal Challengers Bangalore,Mumbai Indians,AB de Villiers,Royal Challengers Bangalore,bat,Wankhede Stadium,Mumbai,2015.0,2015,5,6,2,1,1,0,240,0,282,0,19,431,11,8,12,11,146,366,117.0,118,122
829795,2015-05-10,Mumbai Indians,Royal Challengers Bangalore,AB de Villiers,Royal Challengers Bangalore,bat,Wankhede Stadium,Mumbai,2015.0,2015,5,6,2,0,1,0,282,0,239,0,19,431,11,8,12,11,146,366,117.0,122,117
829797,2015-05-10,Chennai Super Kings,Rajasthan Royals,RA Jadeja,Chennai Super Kings,bat,"MA Chidambaram Stadium, Chepauk",Chennai,2015.0,2015,5,6,2,1,1,0,256,0,240,0,19,302,14,14,18,11,96,188,117.0,126,116
829797,2015-05-10,Rajasthan Royals,Chennai Super Kings,RA Jadeja,Chennai Super Kings,bat,"MA Chidambaram Stadium, Chepauk",Chennai,2015.0,2015,5,6,2,0,1,0,239,0,257,0,19,302,14,14,18,11,96,188,117.0,115,126
829799,2015-05-11,Sunrisers Hyderabad,Kings XI Punjab,DA Warner,Sunrisers Hyderabad,bat,"Rajiv Gandhi International Stadium, Uppal",Hyderabad,2015.0,2015,5,0,2,1,1,0,200,0,190,0,19,365,12,12,15,12,98,169,117.0,43,118
829799,2015-05-11,Kings XI Punjab,Sunrisers Hyderabad,DA Warner,Sunrisers Hyderabad,bat,"Rajiv Gandhi International Stadium, Uppal",Hyderabad,2015.0,2015,5,0,2,0,1,0,190,0,201,0,19,365,12,12,15,12,98,169,117.0,118,43
829801,2015-05-12,Chennai Super Kings,Delhi Daredevils,Z Khan,Chennai Super Kings,bat,Shaheed Veer Narayan Singh International Stadium,Raipur,2015.0,2015,5,1,2,1,1,0,256,0,160,0,19,239,7,10,14,12,12,12,117.0,127,117
829801,2015-05-12,Delhi Daredevils,Chennai Super Kings,Z Khan,Chennai Super Kings,bat,Shaheed Veer Narayan Singh International Stadium,Raipur,2015.0,2015,5,1,2,0,1,0,161,0,257,0,19,239,7,10,14,12,12,12,117.0,118,127
829803,2015-05-13,Kings XI Punjab,Royal Challengers Bangalore,AR Patel,Royal Challengers Bangalore,field,"Punjab Cricket Association Stadium, Mohali",Chandigarh,2015.0,2015,5,2,2,0,0,1,190,0,239,0,9,190,12,12,15,10,70,122,117.0,119,118
829803,2015-05-13,Royal Challengers Bangalore,Kings XI Punjab,AR Patel,Royal Challengers Bangalore,field,"Punjab Cricket Association Stadium, Mohali",Chandigarh,2015.0,2015,5,2,2,1,0,1,240,0,190,0,9,190,12,12,15,10,70,122,117.0,119,119
829805,2015-05-14,Mumbai Indians,Kolkata Knight Riders,HH Pandya,Kolkata Knight Riders,field,Wankhede Stadium,Mumbai,2015.0,2015,5,3,2,0,0,1,282,0,268,0,19,337,18,11,15,13,146,366,117.0,123,116
829805,2015-05-14,Kolkata Knight Riders,Mumbai Indians,HH Pandya,Kolkata Knight Riders,field,Wankhede Stadium,Mumbai,2015.0,2015,5,3,2,1,0,1,269,0,282,0,19,337,18,11,15,13,146,366,117.0,116,123
829807,2015-05-15,Sunrisers Hyderabad,Royal Challengers Bangalore,V Kohli,Sunrisers Hyderabad,bat,"Rajiv Gandhi International Stadium, Uppal",Hyderabad,2015.0,2015,5,4,2,1,1,0,200,0,239,0,10,218,8,7,9,10,98,169,117.0,44,119
829807,2015-05-15,Royal Challengers Bangalore,Sunrisers Hyderabad,V Kohli,Sunrisers Hyderabad,bat,"Rajiv Gandhi International Stadium, Uppal",Hyderabad,2015.0,2015,5,4,2,0,1,0,240,0,201,0,10,218,8,7,9,10,98,169,117.0,120,44
829809,2015-05-16,Kings XI Punjab,Chennai Super Kings,P Negi,Kings XI Punjab,bat,"Punjab Cricket Association Stadium, Mohali",Chandigarh,2015.0,2015,5,5,2,1,1,0,190,0,257,0,19,264,15,10,14,14,70,122,117.0,120,128
829809,2015-05-16,Chennai Super Kings,Kings XI Punjab,P Negi,Kings XI Punjab,bat,"Punjab Cricket Association Stadium, Mohali",Chandigarh,2015.0,2015,5,5,2,0,1,0,256,0,190,0,19,264,15,10,14,14,70,122,117.0,128,120
829811,2015-05-16,Rajasthan Royals,Kolkata Knight Riders,SR Watson,Rajasthan Royals,bat,Brabourne Stadium,Mumbai,2015.0,2015,5,5,2,1,1,0,239,0,268,0,19,387,34,15,18,12,20,366,117.0,116,117
829811,2015-05-16,Kolkata Knight Riders,Rajasthan Royals,SR Watson,Rajasthan Royals,bat,Brabourne Stadium,Mumbai,2015.0,2015,5,5,2,0,1,0,269,0,240,0,19,387,34,15,18,12,20,366,117.0,117,117
829813,2015-05-17,Delhi Daredevils,Royal Challengers Bangalore,Unknown,Royal Challengers Bangalore,field,M Chinnaswamy Stadium,Bangalore,2015.0,2015,5,6,2,0,0,1,161,0,239,0,19,189,6,5,9,8,129,129,117.0,119,120
829813,2015-05-17,Royal Challengers Bangalore,Delhi Daredevils,Unknown,Royal Challengers Bangalore,field,M Chinnaswamy Stadium,Bangalore,2015.0,2015,5,6,2,1,0,1,240,0,160,0,19,189,6,5,9,8,129,129,117.0,121,118
829815,2015-05-17,Sunrisers Hyderabad,Mumbai Indians,MJ McClenaghan,Sunrisers Hyderabad,bat,"Rajiv Gandhi International Stadium, Uppal",Hyderabad,2015.0,2015,5,6,2,1,1,0,200,0,282,0,19,227,14,11,14,12,98,169,117.0,45,124
829815,2015-05-17,Mumbai Indians,Sunrisers Hyderabad,MJ McClenaghan,Sunrisers Hyderabad,bat,"Rajiv Gandhi International Stadium, Uppal",Hyderabad,2015.0,2015,5,6,2,0,1,0,282,0,201,0,19,227,14,11,14,12,98,169,117.0,124,45
829817,2015-05-19,Mumbai Indians,Chennai Super Kings,KA Pollard,Mumbai Indians,bat,Wankhede Stadium,Mumbai,2015.0,2015,5,1,2,1,1,0,282,0,257,0,19,346,14,16,19,12,146,366,117.0,125,129
829817,2015-05-19,Chennai Super Kings,Mumbai Indians,KA Pollard,Mumbai Indians,bat,Wankhede Stadium,Mumbai,2015.0,2015,5,1,2,0,1,0,256,0,282,0,19,346,14,16,19,12,146,366,117.0,129,125
829819,2015-05-20,Royal Challengers Bangalore,Rajasthan Royals,AB de Villiers,Royal Challengers Bangalore,bat,Maharashtra Cricket Association Stadium,Pune,2015.0,2015,5,2,2,1,1,0,240,0,240,0,19,289,15,14,17,11,44,102,117.0,122,118
829819,2015-05-20,Rajasthan Royals,Royal Challengers Bangalore,AB de Villiers,Royal Challengers Bangalore,bat,Maharashtra Cricket Association Stadium,Pune,2015.0,2015,5,2,2,0,1,0,239,0,239,0,19,289,15,14,17,11,44,102,117.0,117,121
829821,2015-05-22,Royal Challengers Bangalore,Chennai Super Kings,A Nehra,Chennai Super Kings,field,JSCA International Stadium Complex,Ranchi,2015.0,2015,5,4,2,0,0,1,240,0,257,0,19,279,14,15,18,12,14,14,117.0,123,130
829821,2015-05-22,Chennai Super Kings,Royal Challengers Bangalore,A Nehra,Chennai Super Kings,field,JSCA International Stadium Complex,Ranchi,2015.0,2015,5,4,2,1,0,1,256,0,239,0,19,279,14,15,18,12,14,14,117.0,130,122
829823,2015-05-24,Mumbai Indians,Chennai Super Kings,RG Sharma,Chennai Super Kings,field,Eden Gardens,Kolkata,2015.0,2015,5,6,2,0,0,1,282,0,257,0,19,363,13,13,17,12,154,205,117.0,126,131
829823,2015-05-24,Chennai Super Kings,Mumbai Indians,RG Sharma,Chennai Super Kings,field,Eden Gardens,Kolkata,2015.0,2015,5,6,2,1,0,1,256,0,282,0,19,363,13,13,17,12,154,205,117.0,131,126
980901,2016-04-09,Mumbai Indians,Rising Pune Supergiants,AM Rahane,Mumbai Indians,bat,Wankhede Stadium,Mumbai,2016.0,2016,4,5,2,1,1,0,282,0,14,0,19,247,18,9,13,12,146,366,120.0,127,1
980901,2016-04-09,Rising Pune Supergiants,Mumbai Indians,AM Rahane,Mumbai Indians,bat,Wankhede Stadium,Mumbai,2016.0,2016,4,5,2,0,1,0,14,0,282,0,19,247,18,9,13,12,146,366,120.0,1,127
980903,2016-04-10,Delhi Daredevils,Kolkata Knight Riders,AD Russell,Kolkata Knight Riders,field,Eden Gardens,Kolkata,2016.0,2016,4,6,2,0,0,1,161,0,268,0,17,197,23,11,14,11,154,205,120.0,120,118
980903,2016-04-10,Kolkata Knight Riders,Delhi Daredevils,AD Russell,Kolkata Knight Riders,field,Eden Gardens,Kolkata,2016.0,2016,4,6,2,1,0,1,269,0,160,0,17,197,23,11,14,11,154,205,120.0,118,119
980905,2016-04-11,Kings XI Punjab,Gujarat Lions,AJ Finch,Gujarat Lions,field,"Punjab Cricket Association IS Bindra Stadium, Mohali",Chandigarh,2016.0,2016,4,0,2,0,0,1,190,0,30,0,19,322,12,11,14,12,22,122,120.0,121,1
980905,2016-04-11,Gujarat Lions,Kings XI Punjab,AJ Finch,Gujarat Lions,field,"Punjab Cricket Association IS Bindra Stadium, Mohali",Chandigarh,2016.0,2016,4,0,2,1,0,1,30,0,190,0,19,322,12,11,14,12,22,122,120.0,1,121
980907,2016-04-12,Royal Challengers Bangalore,Sunrisers Hyderabad,AB de Villiers,Sunrisers Hyderabad,field,M Chinnaswamy Stadium,Bangalore,2016.0,2016,4,1,2,0,0,1,240,0,201,0,19,409,18,10,14,11,129,129,120.0,124,46
980907,2016-04-12,Sunrisers Hyderabad,Royal Challengers Bangalore,AB de Villiers,Sunrisers Hyderabad,field,M Chinnaswamy Stadium,Bangalore,2016.0,2016,4,1,2,1,0,1,200,0,239,0,19,409,18,10,14,11,129,129,120.0,46,123
980909,2016-04-13,Kolkata Knight Riders,Mumbai Indians,RG Sharma,Mumbai Indians,field,Eden Gardens,Kolkata,2016.0,2016,4,2,2,0,0,1,269,0,282,0,19,375,20,9,13,11,154,205,120.0,119,128
980909,2016-04-13,Mumbai Indians,Kolkata Knight Riders,RG Sharma,Mumbai Indians,field,Eden Gardens,Kolkata,2016.0,2016,4,2,2,1,0,1,282,0,268,0,19,375,20,9,13,11,154,205,120.0,128,119
980911,2016-04-14,Rising Pune Supergiants,Gujarat Lions,AJ Finch,Rising Pune Supergiants,bat,Saurashtra Cricket Association Stadium,Rajkot,2016.0,2016,4,3,2,1,1,0,14,0,30,0,19,327,17,8,12,12,20,20,120.0,2,2
980911,2016-04-14,Gujarat Lions,Rising Pune Supergiants,AJ Finch,Rising Pune Supergiants,bat,Saurashtra Cricket Association Stadium,Rajkot,2016.0,2016,4,3,2,0,1,0,30,0,14,0,19,327,17,8,12,12,20,20,120.0,2,2
980913,2016-04-15,Kings XI Punjab,Delhi Daredevils,A Mishra,Delhi Daredevils,field,Feroz Shah Kotla,Delhi,2016.0,2016,4,4,2,0,0,1,190,0,160,0,19,224,14,11,15,12,119,197,120.0,122,120
980913,2016-04-15,Delhi Daredevils,Kings XI Punjab,A Mishra,Delhi Daredevils,field,Feroz Shah Kotla,Delhi,2016.0,2016,4,4,2,1,0,1,161,0,190,0,19,224,14,11,15,12,119,197,120.0,121,122
980915,2016-04-16,Sunrisers Hyderabad,Kolkata Knight Riders,G Gambhir,Sunrisers Hyderabad,bat,"Rajiv Gandhi International Stadium, Uppal",Hyderabad,2016.0,2016,4,5,2,1,1,0,200,0,268,0,19,287,12,9,13,12,98,169,120.0,47,120
980915,2016-04-16,Kolkata Knight Riders,Sunrisers Hyderabad,G Gambhir,Sunrisers Hyderabad,bat,"Rajiv Gandhi International Stadium, Uppal",Hyderabad,2016.0,2016,4,5,2,0,1,0,269,0,201,0,19,287,12,9,13,12,98,169,120.0,120,47
980917,2016-04-16,Mumbai Indians,Gujarat Lions,AJ Finch,Gujarat Lions,field,Wankhede Stadium,Mumbai,2016.0,2016,4,5,2,0,0,1,282,0,30,0,19,289,20,15,18,12,146,366,120.0,129,3
980917,2016-04-16,Gujarat Lions,Mumbai Indians,AJ Finch,Gujarat Lions,field,Wankhede Stadium,Mumbai,2016.0,2016,4,5,2,1,0,1,30,0,282,0,19,289,20,15,18,12,146,366,120.0,3,129
980919,2016-04-17,Rising Pune Supergiants,Kings XI Punjab,M Vohra,Rising Pune Supergiants,bat,"Punjab Cricket Association IS Bindra Stadium, Mohali",Chandigarh,2016.0,2016,4,6,2,1,1,0,14,0,190,0,19,305,13,11,14,12,22,122,120.0,3,123
980919,2016-04-17,Kings XI Punjab,Rising Pune Supergiants,M Vohra,Rising Pune Supergiants,bat,"Punjab Cricket Association IS Bindra Stadium, Mohali",Chandigarh,2016.0,2016,4,6,2,0,1,0,190,0,14,0,19,305,13,11,14,12,22,122,120.0,123,3
980921,2016-04-17,Royal Challengers Bangalore,Delhi Daredevils,Q de Kock,Delhi Daredevils,field,M Chinnaswamy Stadium,Bangalore,2016.0,2016,4,6,2,0,0,1,240,0,160,0,19,383,23,8,12,12,129,129,120.0,125,121
980921,2016-04-17,Delhi Daredevils,Royal Challengers Bangalore,Q de Kock,Delhi Daredevils,field,M Chinnaswamy Stadium,Bangalore,2016.0,2016,4,6,2,1,0,1,161,0,239,0,19,383,23,8,12,12,129,129,120.0,122,124
980923,2016-04-18,Mumbai Indians,Sunrisers Hyderabad,DA Warner,Sunrisers Hyderabad,field,"Rajiv Gandhi International Stadium, Uppal",Hyderabad,2016.0,2016,4,0,2,0,0,1,282,0,201,0,19,287,13,9,13,10,98,169,120.0,130,48
980923,2016-04-18,Sunrisers Hyderabad,Mumbai Indians,DA Warner,Sunrisers Hyderabad,field,"Rajiv Gandhi International Stadium, Uppal",Hyderabad,2016.0,2016,4,0,2,1,0,1,200,0,282,0,19,287,13,9,13,10,98,169,120.0,48,130
980925,2016-04-19,Kings XI Punjab,Kolkata Knight Riders,RV Uthappa,Kolkata Knight Riders,field,"Punjab Cricket Association IS Bindra Stadium, Mohali",Chandigarh,2016.0,2016,4,1,2,0,0,1,190,0,268,0,19,279,15,12,16,13,22,122,120.0,124,121
980925,2016-04-19,Kolkata Knight Riders,Kings XI Punjab,RV Uthappa,Kolkata Knight Riders,field,"Punjab Cricket Association IS Bindra Stadium, Mohali",Chandigarh,2016.0,2016,4,1,2,1,0,1,269,0,190,0,19,279,15,12,16,13,22,122,120.0,121,124
980927,2016-04-20,Royal Challengers Bangalore,Mumbai Indians,RG Sharma,Mumbai Indians,field,Wankhede Stadium,Mumbai,2016.0,2016,4,2,2,0,0,1,240,0,282,0,19,340,16,11,14,12,146,366,120.0,126,131
980927,2016-04-20,Mumbai Indians,Royal Challengers Bangalore,RG Sharma,Mumbai Indians,field,Wankhede Stadium,Mumbai,2016.0,2016,4,2,2,1,0,1,282,0,239,0,19,340,16,11,14,12,146,366,120.0,131,125
980929,2016-04-21,Gujarat Lions,Sunrisers Hyderabad,B Kumar,Sunrisers Hyderabad,field,Saurashtra Cricket Association Stadium,Rajkot,2016.0,2016,4,3,2,0,0,1,30,0,201,0,19,272,15,8,11,13,20,20,120.0,4,49
980929,2016-04-21,Sunrisers Hyderabad,Gujarat Lions,B Kumar,Sunrisers Hyderabad,field,Saurashtra Cricket Association Stadium,Rajkot,2016.0,2016,4,3,2,1,0,1,200,0,30,0,19,272,15,8,11,13,20,20,120.0,49,4
980931,2016-04-22,Royal Challengers Bangalore,Rising Pune Supergiants,AB de Villiers,Rising Pune Supergiants,field,Maharashtra Cricket Association Stadium,Pune,2016.0,2016,4,4,2,0,0,1,240,0,14,0,19,356,18,12,15,12,44,102,120.0,127,4
980931,2016-04-22,Rising Pune Supergiants,Royal Challengers Bangalore,AB de Villiers,Rising Pune Supergiants,field,Maharashtra Cricket Association Stadium,Pune,2016.0,2016,4,4,2,1,0,1,14,0,239,0,19,356,18,12,15,12,44,102,120.0,4,126
980933,2016-04-23,Delhi Daredevils,Mumbai Indians,SV Samson,Mumbai Indians,field,Feroz Shah Kotla,Delhi,2016.0,2016,4,5,2,0,0,1,161,0,282,0,19,317,14,11,15,13,119,197,120.0,123,132
980933,2016-04-23,Mumbai Indians,Delhi Daredevils,SV Samson,Mumbai Indians,field,Feroz Shah Kotla,Delhi,2016.0,2016,4,5,2,1,0,1,282,0,160,0,19,317,14,11,15,13,119,197,120.0,132,122
980935,2016-04-23,Kings XI Punjab,Sunrisers Hyderabad,Mustafizur Rahman,Sunrisers Hyderabad,field,"Rajiv Gandhi International Stadium, Uppal",Hyderabad,2016.0,2016,4,5,2,0,0,1,190,0,201,0,19,288,9,11,15,11,98,169,120.0,125,50
980935,2016-04-23,Sunrisers Hyderabad,Kings XI Punjab,Mustafizur Rahman,Sunrisers Hyderabad,field,"Rajiv Gandhi International Stadium, Uppal",Hyderabad,2016.0,2016,4,5,2,1,0,1,200,0,190,0,19,288,9,11,15,11,98,169,120.0,50,125
980937,2016-04-24,Royal Challengers Bangalore,Gujarat Lions,V Kohli,Royal Challengers Bangalore,bat,Saurashtra Cricket Association Stadium,Rajkot,2016.0,2016,4,6,2,1,1,0,240,0,30,0,19,362,17,6,10,11,20,20,120.0,128,5
980937,2016-04-24,Gujarat Lions,Royal Challengers Bangalore,V Kohli,Royal Challengers Bangalore,bat,Saurashtra Cricket Association Stadium,Rajkot,2016.0,2016,4,6,2,0,1,0,30,0,239,0,19,362,17,6,10,11,20,20,120.0,5,127
980939,2016-04-24,Rising Pune Supergiants,Kolkata Knight Riders,SA Yadav,Kolkata Knight Riders,field,Maharashtra Cricket Association Stadium,Pune,2016.0,2016,4,6,2,0,0,1,14,0,268,0,19,321,15,13,16,13,44,102,120.0,5,122
980939,2016-04-24,Kolkata Knight Riders,Rising Pune Supergiants,SA Yadav,Kolkata Knight Riders,field,Maharashtra Cricket Association Stadium,Pune,2016.0,2016,4,6,2,1,0,1,269,0,14,0,19,321,15,13,16,13,44,102,120.0,122,5
980941,2016-04-25,Mumbai Indians,Kings XI Punjab,PA Patel,Kings XI Punjab,field,"Punjab Cricket Association IS Bindra Stadium, Mohali",Chandigarh,2016.0,2016,4,0,2,0,0,1,282,0,190,0,19,353,10,13,14,12,22,122,120.0,133,126
980941,2016-04-25,Kings XI Punjab,Mumbai Indians,PA Patel,Kings XI Punjab,field,"Punjab Cricket Association IS Bindra Stadium, Mohali",Chandigarh,2016.0,2016,4,0,2,1,0,1,190,0,282,0,19,353,10,13,14,12,22,122,120.0,126,133
980943,2016-04-26,Sunrisers Hyderabad,Rising Pune Supergiants,AB Dinda,Rising Pune Supergiants,field,"Rajiv Gandhi International Stadium, Uppal",Hyderabad,2016.0,2016,4,1,2,0,0,1,200,0,14,0,19,212,21,11,13,11,98,169,120.0,51,6
980943,2016-04-26,Rising Pune Supergiants,Sunrisers Hyderabad,AB Dinda,Rising Pune Supergiants,field,"Rajiv Gandhi International Stadium, Uppal",Hyderabad,2016.0,2016,4,1,2,1,0,1,14,0,201,0,19,212,21,11,13,11,98,169,120.0,6,51
980945,2016-04-27,Gujarat Lions,Delhi Daredevils,CH Morris,Delhi Daredevils,field,Feroz Shah Kotla,Delhi,2016.0,2016,4,2,2,0,0,1,30,0,160,0,19,343,6,11,15,14,119,197,120.0,6,123
980945,2016-04-27,Delhi Daredevils,Gujarat Lions,CH Morris,Delhi Daredevils,field,Feroz Shah Kotla,Delhi,2016.0,2016,4,2,2,1,0,1,161,0,30,0,19,343,6,11,15,14,119,197,120.0,124,6
980947,2016-04-28,Kolkata Knight Riders,Mumbai Indians,RG Sharma,Mumbai Indians,field,Wankhede Stadium,Mumbai,2016.0,2016,4,3,2,0,0,1,269,0,282,0,19,352,6,9,13,12,146,366,120.0,123,134
980947,2016-04-28,Mumbai Indians,Kolkata Knight Riders,RG Sharma,Mumbai Indians,field,Wankhede Stadium,Mumbai,2016.0,2016,4,3,2,1,0,1,282,0,268,0,19,352,6,9,13,12,146,366,120.0,134,123
980949,2016-04-29,Rising Pune Supergiants,Gujarat Lions,DR Smith,Gujarat Lions,field,Maharashtra Cricket Association Stadium,Pune,2016.0,2016,4,4,2,0,0,1,14,0,30,0,19,391,14,10,13,12,44,102,120.0,7,7
980949,2016-04-29,Gujarat Lions,Rising Pune Supergiants,DR Smith,Gujarat Lions,field,Maharashtra Cricket Association Stadium,Pune,2016.0,2016,4,4,2,1,0,1,30,0,14,0,19,391,14,10,13,12,44,102,120.0,7,7
980951,2016-04-30,Delhi Daredevils,Kolkata Knight Riders,CR Brathwaite,Kolkata Knight Riders,field,Feroz Shah Kotla,Delhi,2016.0,2016,4,5,2,0,0,1,161,0,268,0,19,345,23,18,19,11,119,197,120.0,125,124
980951,2016-04-30,Kolkata Knight Riders,Delhi Daredevils,CR Brathwaite,Kolkata Knight Riders,field,Feroz Shah Kotla,Delhi,2016.0,2016,4,5,2,1,0,1,269,0,160,0,19,345,23,18,19,11,119,197,120.0,124,124
980953,2016-04-30,Sunrisers Hyderabad,Royal Challengers Bangalore,DA Warner,Royal Challengers Bangalore,field,"Rajiv Gandhi International Stadium, Uppal",Hyderabad,2016.0,2016,4,5,2,0,0,1,200,0,239,0,19,373,8,11,14,11,98,169,120.0,52,128
980953,2016-04-30,Royal Challengers Bangalore,Sunrisers Hyderabad,DA Warner,Royal Challengers Bangalore,field,"Rajiv Gandhi International Stadium, Uppal",Hyderabad,2016.0,2016,4,5,2,1,0,1,240,0,201,0,19,373,8,11,14,11,98,169,120.0,129,52
980955,2016-05-01,Kings XI Punjab,Gujarat Lions,AR Patel,Gujarat Lions,field,Saurashtra Cricket Association Stadium,Rajkot,2016.0,2016,5,6,2,0,0,1,190,0,30,0,19,284,7,19,21,12,20,20,120.0,127,8
980955,2016-05-01,Gujarat Lions,Kings XI Punjab,AR Patel,Gujarat Lions,field,Saurashtra Cricket Association Stadium,Rajkot,2016.0,2016,5,6,2,1,0,1,30,0,190,0,19,284,7,19,21,12,20,20,120.0,8,127
980957,2016-05-01,Rising Pune Supergiants,Mumbai Indians,RG Sharma,Mumbai Indians,field,Maharashtra Cricket Association Stadium,Pune,2016.0,2016,5,6,2,0,0,1,14,0,282,0,19,320,14,7,11,12,44,102,120.0,8,135
980957,2016-05-01,Mumbai Indians,Rising Pune Supergiants,RG Sharma,Mumbai Indians,field,Maharashtra Cricket Association Stadium,Pune,2016.0,2016,5,6,2,1,0,1,282,0,14,0,19,320,14,7,11,12,44,102,120.0,135,8
980959,2016-05-02,Royal Challengers Bangalore,Kolkata Knight Riders,AD Russell,Kolkata Knight Riders,field,M Chinnaswamy Stadium,Bangalore,2016.0,2016,5,0,2,0,0,1,240,0,268,0,19,374,23,12,14,11,129,129,120.0,130,125
980959,2016-05-02,Kolkata Knight Riders,Royal Challengers Bangalore,AD Russell,Kolkata Knight Riders,field,M Chinnaswamy Stadium,Bangalore,2016.0,2016,5,0,2,1,0,1,269,0,239,0,19,374,23,12,14,11,129,129,120.0,125,129
980961,2016-05-03,Gujarat Lions,Delhi Daredevils,RR Pant,Delhi Daredevils,field,Saurashtra Cricket Association Stadium,Rajkot,2016.0,2016,5,1,2,0,0,1,30,0,160,0,19,299,9,9,12,13,20,20,120.0,9,125
980961,2016-05-03,Delhi Daredevils,Gujarat Lions,RR Pant,Delhi Daredevils,field,Saurashtra Cricket Association Stadium,Rajkot,2016.0,2016,5,1,2,1,0,1,161,0,30,0,19,299,9,9,12,13,20,20,120.0,126,9
980963,2016-05-04,Kolkata Knight Riders,Kings XI Punjab,AD Russell,Kings XI Punjab,field,Eden Gardens,Kolkata,2016.0,2016,5,2,2,0,0,1,269,0,190,0,19,319,15,12,15,13,154,205,120.0,126,128
980963,2016-05-04,Kings XI Punjab,Kolkata Knight Riders,AD Russell,Kings XI Punjab,field,Eden Gardens,Kolkata,2016.0,2016,5,2,2,1,0,1,190,0,268,0,19,319,15,12,15,13,154,205,120.0,128,126
980965,2016-05-05,Delhi Daredevils,Rising Pune Supergiants,AM Rahane,Rising Pune Supergiants,field,Feroz Shah Kotla,Delhi,2016.0,2016,5,3,2,0,0,1,161,0,14,0,19,328,19,10,14,13,119,197,120.0,127,9
980965,2016-05-05,Rising Pune Supergiants,Delhi Daredevils,AM Rahane,Rising Pune Supergiants,field,Feroz Shah Kotla,Delhi,2016.0,2016,5,3,2,1,0,1,14,0,160,0,19,328,19,10,14,13,119,197,120.0,9,126
980967,2016-05-06,Gujarat Lions,Sunrisers Hyderabad,B Kumar,Sunrisers Hyderabad,field,"Rajiv Gandhi International Stadium, Uppal",Hyderabad,2016.0,2016,5,4,2,0,0,1,30,0,201,0,19,254,10,11,15,12,98,169,120.0,10,53
980967,2016-05-06,Sunrisers Hyderabad,Gujarat Lions,B Kumar,Sunrisers Hyderabad,field,"Rajiv Gandhi International Stadium, Uppal",Hyderabad,2016.0,2016,5,4,2,1,0,1,200,0,30,0,19,254,10,11,15,12,98,169,120.0,53,10
980969,2016-05-07,Rising Pune Supergiants,Royal Challengers Bangalore,V Kohli,Royal Challengers Bangalore,field,M Chinnaswamy Stadium,Bangalore,2016.0,2016,5,5,2,0,0,1,14,0,239,0,19,386,13,9,13,12,129,129,120.0,10,130
980969,2016-05-07,Royal Challengers Bangalore,Rising Pune Supergiants,V Kohli,Royal Challengers Bangalore,field,M Chinnaswamy Stadium,Bangalore,2016.0,2016,5,5,2,1,0,1,240,0,14,0,19,386,13,9,13,12,129,129,120.0,131,10
980971,2016-05-07,Kings XI Punjab,Delhi Daredevils,MP Stoinis,Delhi Daredevils,field,"Punjab Cricket Association IS Bindra Stadium, Mohali",Chandigarh,2016.0,2016,5,5,2,0,0,1,190,0,160,0,19,353,17,10,14,11,22,122,120.0,129,127
980971,2016-05-07,Delhi Daredevils,Kings XI Punjab,MP Stoinis,Delhi Daredevils,field,"Punjab Cricket Association IS Bindra Stadium, Mohali",Chandigarh,2016.0,2016,5,5,2,1,0,1,161,0,190,0,19,353,17,10,14,11,22,122,120.0,128,129
980973,2016-05-08,Sunrisers Hyderabad,Mumbai Indians,A Nehra,Mumbai Indians,field,Dr. Y.S. Rajasekhara Reddy ACA-VDCA Cricket Stadium,Visakhapatnam,2016.0,2016,5,6,2,0,0,1,200,0,282,0,19,268,10,13,16,12,26,34,120.0,54,136
980973,2016-05-08,Mumbai Indians,Sunrisers Hyderabad,A Nehra,Mumbai Indians,field,Dr. Y.S. Rajasekhara Reddy ACA-VDCA Cricket Stadium,Visakhapatnam,2016.0,2016,5,6,2,1,0,1,282,0,201,0,19,268,10,13,16,12,26,34,120.0,136,54
980975,2016-05-08,Kolkata Knight Riders,Gujarat Lions,P Kumar,Gujarat Lions,field,Eden Gardens,Kolkata,2016.0,2016,5,6,2,0,0,1,269,0,30,0,19,322,11,9,12,13,154,205,120.0,127,11
980975,2016-05-08,Gujarat Lions,Kolkata Knight Riders,P Kumar,Gujarat Lions,field,Eden Gardens,Kolkata,2016.0,2016,5,6,2,1,0,1,30,0,268,0,19,322,11,9,12,13,154,205,120.0,11,127
980977,2016-05-09,Royal Challengers Bangalore,Kings XI Punjab,SR Watson,Kings XI Punjab,field,"Punjab Cricket Association IS Bindra Stadium, Mohali",Chandigarh,2016.0,2016,5,0,2,0,0,1,240,0,190,0,19,349,9,10,12,12,22,122,120.0,132,130
980977,2016-05-09,Kings XI Punjab,Royal Challengers Bangalore,SR Watson,Kings XI Punjab,field,"Punjab Cricket Association IS Bindra Stadium, Mohali",Chandigarh,2016.0,2016,5,0,2,1,0,1,190,0,239,0,19,349,9,10,12,12,22,122,120.0,130,131
980979,2016-05-10,Sunrisers Hyderabad,Rising Pune Supergiants,A Zampa,Sunrisers Hyderabad,bat,Dr. Y.S. Rajasekhara Reddy ACA-VDCA Cricket Stadium,Visakhapatnam,2016.0,2016,5,1,2,1,1,0,200,0,14,0,19,270,8,16,17,12,26,34,120.0,55,11
980979,2016-05-10,Rising Pune Supergiants,Sunrisers Hyderabad,A Zampa,Sunrisers Hyderabad,bat,Dr. Y.S. Rajasekhara Reddy ACA-VDCA Cricket Stadium,Visakhapatnam,2016.0,2016,5,1,2,0,1,0,14,0,201,0,19,270,8,16,17,12,26,34,120.0,11,55
980981,2016-05-11,Royal Challengers Bangalore,Mumbai Indians,KH Pandya,Mumbai Indians,field,M Chinnaswamy Stadium,Bangalore,2016.0,2016,5,2,2,0,0,1,240,0,282,0,19,303,16,8,12,12,129,129,120.0,133,137
980981,2016-05-11,Mumbai Indians,Royal Challengers Bangalore,KH Pandya,Mumbai Indians,field,M Chinnaswamy Stadium,Bangalore,2016.0,2016,5,2,2,1,0,1,282,0,239,0,19,303,16,8,12,12,129,129,120.0,137,132
980983,2016-05-12,Sunrisers Hyderabad,Delhi Daredevils,CH Morris,Delhi Daredevils,field,"Rajiv Gandhi International Stadium, Uppal",Hyderabad,2016.0,2016,5,3,2,0,0,1,200,0,160,0,19,296,14,11,15,13,98,169,120.0,56,128
980983,2016-05-12,Delhi Daredevils,Sunrisers Hyderabad,CH Morris,Delhi Daredevils,field,"Rajiv Gandhi International Stadium, Uppal",Hyderabad,2016.0,2016,5,3,2,1,0,1,161,0,201,0,19,296,14,11,15,13,98,169,120.0,129,56
980985,2016-05-13,Mumbai Indians,Kings XI Punjab,MP Stoinis,Mumbai Indians,bat,Dr. Y.S. Rajasekhara Reddy ACA-VDCA Cricket Stadium,Visakhapatnam,2016.0,2016,5,4,2,1,1,0,282,0,190,0,19,251,19,12,16,10,26,34,120.0,138,131
980985,2016-05-13,Kings XI Punjab,Mumbai Indians,MP Stoinis,Mumbai Indians,bat,Dr. Y.S. Rajasekhara Reddy ACA-VDCA Cricket Stadium,Visakhapatnam,2016.0,2016,5,4,2,0,1,0,190,0,282,0,19,251,19,12,16,10,26,34,120.0,131,138
980987,2016-05-14,Royal Challengers Bangalore,Gujarat Lions,AB de Villiers,Gujarat Lions,field,M Chinnaswamy Stadium,Bangalore,2016.0,2016,5,5,2,0,0,1,240,0,30,0,19,351,15,13,15,16,129,129,120.0,134,12
980987,2016-05-14,Gujarat Lions,Royal Challengers Bangalore,AB de Villiers,Gujarat Lions,field,M Chinnaswamy Stadium,Bangalore,2016.0,2016,5,5,2,1,0,1,30,0,239,0,19,351,15,13,15,16,129,129,120.0,12,133
980989,2016-05-14,Rising Pune Supergiants,Kolkata Knight Riders,YK Pathan,Rising Pune Supergiants,bat,Eden Gardens,Kolkata,2016.0,2016,5,5,2,1,1,0,14,0,268,0,17,168,15,8,12,10,154,205,120.0,12,128
980989,2016-05-14,Kolkata Knight Riders,Rising Pune Supergiants,YK Pathan,Rising Pune Supergiants,bat,Eden Gardens,Kolkata,2016.0,2016,5,5,2,0,1,0,269,0,14,0,17,168,15,8,12,10,154,205,120.0,128,12
980991,2016-05-15,Kings XI Punjab,Sunrisers Hyderabad,HM Amla,Kings XI Punjab,bat,"Punjab Cricket Association IS Bindra Stadium, Mohali",Chandigarh,2016.0,2016,5,6,2,1,1,0,190,0,201,0,19,359,12,7,10,14,22,122,120.0,132,57
980991,2016-05-15,Sunrisers Hyderabad,Kings XI Punjab,HM Amla,Kings XI Punjab,bat,"Punjab Cricket Association IS Bindra Stadium, Mohali",Chandigarh,2016.0,2016,5,6,2,0,1,0,200,0,190,0,19,359,12,7,10,14,22,122,120.0,57,132
980993,2016-05-15,Mumbai Indians,Delhi Daredevils,KH Pandya,Delhi Daredevils,field,Dr. Y.S. Rajasekhara Reddy ACA-VDCA Cricket Stadium,Visakhapatnam,2016.0,2016,5,6,2,0,0,1,282,0,160,0,19,332,10,14,17,11,26,34,120.0,139,129
980993,2016-05-15,Delhi Daredevils,Mumbai Indians,KH Pandya,Delhi Daredevils,field,Dr. Y.S. Rajasekhara Reddy ACA-VDCA Cricket Stadium,Visakhapatnam,2016.0,2016,5,6,2,1,0,1,161,0,282,0,19,332,10,14,17,11,26,34,120.0,130,139
980995,2016-05-16,Kolkata Knight Riders,Royal Challengers Bangalore,V Kohli,Royal Challengers Bangalore,field,Eden Gardens,Kolkata,2016.0,2016,5,0,2,0,0,1,269,0,239,0,19,369,15,6,10,12,154,205,120.0,129,134
980995,2016-05-16,Royal Challengers Bangalore,Kolkata Knight Riders,V Kohli,Royal Challengers Bangalore,field,Eden Gardens,Kolkata,2016.0,2016,5,0,2,1,0,1,240,0,268,0,19,369,15,6,10,12,154,205,120.0,135,129
980997,2016-05-17,Delhi Daredevils,Rising Pune Supergiants,AB Dinda,Rising Pune Supergiants,field,Dr. Y.S. Rajasekhara Reddy ACA-VDCA Cricket Stadium,Visakhapatnam,2016.0,2016,5,1,2,0,0,1,161,0,14,0,19,195,7,7,11,11,26,34,120.0,131,13
980997,2016-05-17,Rising Pune Supergiants,Delhi Daredevils,AB Dinda,Rising Pune Supergiants,field,Dr. Y.S. Rajasekhara Reddy ACA-VDCA Cricket Stadium,Visakhapatnam,2016.0,2016,5,1,2,1,0,1,14,0,160,0,19,195,7,7,11,11,26,34,120.0,13,130
980999,2016-05-18,Royal Challengers Bangalore,Kings XI Punjab,V Kohli,Kings XI Punjab,field,M Chinnaswamy Stadium,Bangalore,2016.0,2016,5,2,2,0,0,1,240,0,190,0,14,331,14,12,16,13,129,129,120.0,136,133
980999,2016-05-18,Kings XI Punjab,Royal Challengers Bangalore,V Kohli,Kings XI Punjab,field,M Chinnaswamy Stadium,Bangalore,2016.0,2016,5,2,2,1,0,1,190,0,239,0,14,331,14,12,16,13,129,129,120.0,133,135
981001,2016-05-19,Kolkata Knight Riders,Gujarat Lions,DR Smith,Gujarat Lions,field,Green Park,Kanpur,2016.0,2016,5,3,2,0,0,1,269,0,30,0,19,248,23,12,16,11,8,8,120.0,130,13
981001,2016-05-19,Gujarat Lions,Kolkata Knight Riders,DR Smith,Gujarat Lions,field,Green Park,Kanpur,2016.0,2016,5,3,2,1,0,1,30,0,268,0,19,248,23,12,16,11,8,8,120.0,13,130
981003,2016-05-20,Sunrisers Hyderabad,Delhi Daredevils,KK Nair,Delhi Daredevils,field,Shaheed Veer Narayan Singh International Stadium,Raipur,2016.0,2016,5,4,2,0,0,1,200,0,160,0,19,318,16,11,14,13,12,12,120.0,58,131
981003,2016-05-20,Delhi Daredevils,Sunrisers Hyderabad,KK Nair,Delhi Daredevils,field,Shaheed Veer Narayan Singh International Stadium,Raipur,2016.0,2016,5,4,2,1,0,1,161,0,201,0,19,318,16,11,14,13,12,12,120.0,132,58
981005,2016-05-21,Kings XI Punjab,Rising Pune Supergiants,MS Dhoni,Kings XI Punjab,bat,Dr. Y.S. Rajasekhara Reddy ACA-VDCA Cricket Stadium,Visakhapatnam,2016.0,2016,5,5,2,1,1,0,190,0,14,0,19,344,11,13,17,12,26,34,120.0,134,14
981005,2016-05-21,Rising Pune Supergiants,Kings XI Punjab,MS Dhoni,Kings XI Punjab,bat,Dr. Y.S. Rajasekhara Reddy ACA-VDCA Cricket Stadium,Visakhapatnam,2016.0,2016,5,5,2,0,1,0,14,0,190,0,19,344,11,13,17,12,26,34,120.0,14,134
981007,2016-05-21,Mumbai Indians,Gujarat Lions,SK Raina,Gujarat Lions,field,Green Park,Kanpur,2016.0,2016,5,5,2,0,0,1,282,0,30,0,19,345,14,12,15,12,8,8,120.0,140,14
981007,2016-05-21,Gujarat Lions,Mumbai Indians,SK Raina,Gujarat Lions,field,Green Park,Kanpur,2016.0,2016,5,5,2,1,0,1,30,0,282,0,19,345,14,12,15,12,8,8,120.0,14,140
981009,2016-05-22,Kolkata Knight Riders,Sunrisers Hyderabad,YK Pathan,Sunrisers Hyderabad,field,Eden Gardens,Kolkata,2016.0,2016,5,6,2,0,0,1,269,0,201,0,19,318,13,14,18,14,154,205,120.0,131,59
981009,2016-05-22,Sunrisers Hyderabad,Kolkata Knight Riders,YK Pathan,Sunrisers Hyderabad,field,Eden Gardens,Kolkata,2016.0,2016,5,6,2,1,0,1,200,0,268,0,19,318,13,14,18,14,154,205,120.0,59,131
981011,2016-05-22,Delhi Daredevils,Royal Challengers Bangalore,V Kohli,Royal Challengers Bangalore,field,Shaheed Veer Narayan Singh International Stadium,Raipur,2016.0,2016,5,6,2,0,0,1,161,0,239,0,19,277,16,12,15,13,12,12,120.0,133,136
981011,2016-05-22,Royal Challengers Bangalore,Delhi Daredevils,V Kohli,Royal Challengers Bangalore,field,Shaheed Veer Narayan Singh International Stadium,Raipur,2016.0,2016,5,6,2,1,0,1,240,0,160,0,19,277,16,12,15,13,12,12,120.0,137,132
981013,2016-05-24,Gujarat Lions,Royal Challengers Bangalore,AB de Villiers,Royal Challengers Bangalore,field,M Chinnaswamy Stadium,Bangalore,2016.0,2016,5,1,2,0,0,1,30,0,239,0,19,316,26,16,19,12,129,129,120.0,15,137
981013,2016-05-24,Royal Challengers Bangalore,Gujarat Lions,AB de Villiers,Royal Challengers Bangalore,field,M Chinnaswamy Stadium,Bangalore,2016.0,2016,5,1,2,1,0,1,240,0,30,0,19,316,26,16,19,12,129,129,120.0,138,15
981015,2016-05-25,Sunrisers Hyderabad,Kolkata Knight Riders,MC Henriques,Kolkata Knight Riders,field,Feroz Shah Kotla,Delhi,2016.0,2016,5,2,2,0,0,1,200,0,268,0,19,302,15,16,18,13,119,197,120.0,60,132
981015,2016-05-25,Kolkata Knight Riders,Sunrisers Hyderabad,MC Henriques,Kolkata Knight Riders,field,Feroz Shah Kotla,Delhi,2016.0,2016,5,2,2,1,0,1,269,0,201,0,19,302,15,16,18,13,119,197,120.0,132,60
981017,2016-05-27,Gujarat Lions,Sunrisers Hyderabad,DA Warner,Sunrisers Hyderabad,field,Feroz Shah Kotla,Delhi,2016.0,2016,5,4,2,0,0,1,30,0,201,0,19,325,7,13,17,12,119,197,120.0,16,61
981017,2016-05-27,Sunrisers Hyderabad,Gujarat Lions,DA Warner,Sunrisers Hyderabad,field,Feroz Shah Kotla,Delhi,2016.0,2016,5,4,2,1,0,1,200,0,30,0,19,325,7,13,17,12,119,197,120.0,61,16
981019,2016-05-29,Sunrisers Hyderabad,Royal Challengers Bangalore,BCJ Cutting,Sunrisers Hyderabad,bat,M Chinnaswamy Stadium,Bangalore,2016.0,2016,5,6,2,1,1,0,200,0,239,0,19,407,22,14,18,12,129,129,120.0,62,138
981019,2016-05-29,Royal Challengers Bangalore,Sunrisers Hyderabad,BCJ Cutting,Sunrisers Hyderabad,bat,M Chinnaswamy Stadium,Bangalore,2016.0,2016,5,6,2,0,1,0,240,0,201,0,19,407,22,14,18,12,129,129,120.0,139,62
1082591,2017-04-05,Sunrisers Hyderabad,Royal Challengers Bangalore,Yuvraj Singh,Royal Challengers Bangalore,field,"Rajiv Gandhi International Stadium, Uppal",Hyderabad,2017.0,2017,4,2,2,0,0,1,200,0,239,0,19,378,12,14,17,14,98,169,118.0,63,139
1082591,2017-04-05,Royal Challengers Bangalore,Sunrisers Hyderabad,Yuvraj Singh,Royal Challengers Bangalore,field,"Rajiv Gandhi International Stadium, Uppal",Hyderabad,2017.0,2017,4,2,2,1,0,1,240,0,201,0,19,378,12,14,17,14,98,169,118.0,140,63
1082592,2017-04-06,Mumbai Indians,Rising Pune Supergiant,SPD Smith,Rising Pune Supergiant,field,Maharashtra Cricket Association Stadium,Pune,2017.0,2017,4,3,2,0,0,1,282,0,16,0,19,371,12,11,14,12,44,102,118.0,141,1
1082592,2017-04-06,Rising Pune Supergiant,Mumbai Indians,SPD Smith,Rising Pune Supergiant,field,Maharashtra Cricket Association Stadium,Pune,2017.0,2017,4,3,2,1,0,1,16,0,282,0,19,371,12,11,14,12,44,102,118.0,1,141
1082593,2017-04-07,Gujarat Lions,Kolkata Knight Riders,CA Lynn,Kolkata Knight Riders,field,Saurashtra Cricket Association Stadium,Rajkot,2017.0,2017,4,4,2,0,0,1,30,0,268,0,19,367,19,4,7,12,20,20,118.0,17,133
1082593,2017-04-07,Kolkata Knight Riders,Gujarat Lions,CA Lynn,Kolkata Knight Riders,field,Saurashtra Cricket Association Stadium,Rajkot,2017.0,2017,4,4,2,1,0,1,269,0,30,0,19,367,19,4,7,12,20,20,118.0,133,17
1082594,2017-04-08,Rising Pune Supergiant,Kings XI Punjab,GJ Maxwell,Kings XI Punjab,field,Holkar Cricket Stadium,Indore,2017.0,2017,4,5,2,0,0,1,16,0,190,0,19,324,13,10,13,12,18,18,118.0,2,135
1082594,2017-04-08,Kings XI Punjab,Rising Pune Supergiant,GJ Maxwell,Kings XI Punjab,field,Holkar Cricket Stadium,Indore,2017.0,2017,4,5,2,1,0,1,190,0,16,0,19,324,13,10,13,12,18,18,118.0,135,2
1082595,2017-04-08,Royal Challengers Bangalore,Delhi Daredevils,KM Jadhav,Royal Challengers Bangalore,bat,M.Chinnaswamy Stadium,Bengaluru,2017.0,2017,4,5,2,1,1,0,240,0,160,0,19,298,10,17,20,12,30,74,118.0,141,133
1082595,2017-04-08,Delhi Daredevils,Royal Challengers Bangalore,KM Jadhav,Royal Challengers Bangalore,bat,M.Chinnaswamy Stadium,Bengaluru,2017.0,2017,4,5,2,0,1,0,161,0,239,0,19,298,10,17,20,12,30,74,118.0,134,140
1082596,2017-04-09,Gujarat Lions,Sunrisers Hyderabad,Rashid Khan,Sunrisers Hyderabad,field,"Rajiv Gandhi International Stadium, Uppal",Hyderabad,2017.0,2017,4,6,2,0,0,1,30,0,201,0,19,275,6,8,12,12,98,169,118.0,18,64
1082596,2017-04-09,Sunrisers Hyderabad,Gujarat Lions,Rashid Khan,Sunrisers Hyderabad,field,"Rajiv Gandhi International Stadium, Uppal",Hyderabad,2017.0,2017,4,6,2,1,0,1,200,0,30,0,19,275,6,8,12,12,98,169,118.0,64,18
1082597,2017-04-09,Kolkata Knight Riders,Mumbai Indians,N Rana,Mumbai Indians,field,Wankhede Stadium,Mumbai,2017.0,2017,4,6,2,0,0,1,269,0,282,0,19,356,19,13,16,10,146,366,118.0,134,142
1082597,2017-04-09,Mumbai Indians,Kolkata Knight Riders,N Rana,Mumbai Indians,field,Wankhede Stadium,Mumbai,2017.0,2017,4,6,2,1,0,1,282,0,268,0,19,356,19,13,16,10,146,366,118.0,142,134
1082598,2017-04-10,Royal Challengers Bangalore,Kings XI Punjab,AR Patel,Royal Challengers Bangalore,bat,Holkar Cricket Stadium,Indore,2017.0,2017,4,0,2,1,1,0,240,0,190,0,19,298,10,6,10,12,18,18,118.0,142,136
1082598,2017-04-10,Kings XI Punjab,Royal Challengers Bangalore,AR Patel,Royal Challengers Bangalore,bat,Holkar Cricket Stadium,Indore,2017.0,2017,4,0,2,0,1,0,190,0,239,0,19,298,10,6,10,12,18,18,118.0,136,141
1082599,2017-04-11,Delhi Daredevils,Rising Pune Supergiant,SV Samson,Rising Pune Supergiant,field,Maharashtra Cricket Association Stadium,Pune,2017.0,2017,4,1,2,0,0,1,161,0,16,0,19,312,12,14,17,12,44,102,118.0,135,3
1082599,2017-04-11,Rising Pune Supergiant,Delhi Daredevils,SV Samson,Rising Pune Supergiant,field,Maharashtra Cricket Association Stadium,Pune,2017.0,2017,4,1,2,1,0,1,16,0,160,0,19,312,12,14,17,12,44,102,118.0,3,134
1082600,2017-04-12,Sunrisers Hyderabad,Mumbai Indians,JJ Bumrah,Mumbai Indians,field,Wankhede Stadium,Mumbai,2017.0,2017,4,2,2,0,0,1,200,0,282,0,19,317,15,14,17,12,146,366,118.0,65,143
1082600,2017-04-12,Mumbai Indians,Sunrisers Hyderabad,JJ Bumrah,Mumbai Indians,field,Wankhede Stadium,Mumbai,2017.0,2017,4,2,2,1,0,1,282,0,201,0,19,317,15,14,17,12,146,366,118.0,143,65
1082601,2017-04-13,Kings XI Punjab,Kolkata Knight Riders,SP Narine,Kolkata Knight Riders,field,Eden Gardens,Kolkata,2017.0,2017,4,3,2,0,0,1,190,0,268,0,19,341,27,11,13,13,154,205,118.0,137,135
1082601,2017-04-13,Kolkata Knight Riders,Kings XI Punjab,SP Narine,Kolkata Knight Riders,field,Eden Gardens,Kolkata,2017.0,2017,4,3,2,1,0,1,269,0,190,0,19,341,27,11,13,13,154,205,118.0,135,137
1082602,2017-04-14,Royal Challengers Bangalore,Mumbai Indians,KA Pollard,Mumbai Indians,field,M Chinnaswamy Stadium,Bangalore,2017.0,2017,4,4,2,0,0,1,240,0,282,0,19,287,24,11,15,12,129,129,118.0,143,144
1082602,2017-04-14,Mumbai Indians,Royal Challengers Bangalore,KA Pollard,Mumbai Indians,field,M Chinnaswamy Stadium,Bangalore,2017.0,2017,4,4,2,1,0,1,282,0,239,0,19,287,24,11,15,12,129,129,118.0,144,142
1082603,2017-04-14,Rising Pune Supergiant,Gujarat Lions,AJ Tye,Gujarat Lions,field,Saurashtra Cricket Association Stadium,Rajkot,2017.0,2017,4,4,2,0,0,1,16,0,30,0,19,343,10,11,15,13,20,20,118.0,4,19
1082603,2017-04-14,Gujarat Lions,Rising Pune Supergiant,AJ Tye,Gujarat Lions,field,Saurashtra Cricket Association Stadium,Rajkot,2017.0,2017,4,4,2,1,0,1,30,0,16,0,19,343,10,11,15,13,20,20,118.0,19,4
1082604,2017-04-15,Kolkata Knight Riders,Sunrisers Hyderabad,RV Uthappa,Sunrisers Hyderabad,field,Eden Gardens,Kolkata,2017.0,2017,4,5,2,0,0,1,269,0,201,0,19,326,17,12,16,12,154,205,118.0,136,66
1082604,2017-04-15,Sunrisers Hyderabad,Kolkata Knight Riders,RV Uthappa,Sunrisers Hyderabad,field,Eden Gardens,Kolkata,2017.0,2017,4,5,2,1,0,1,200,0,268,0,19,326,17,12,16,12,154,205,118.0,66,136
1082605,2017-04-15,Delhi Daredevils,Kings XI Punjab,CJ Anderson,Delhi Daredevils,bat,Feroz Shah Kotla,Delhi,2017.0,2017,4,5,2,1,1,0,161,0,190,0,19,325,12,15,18,12,119,197,118.0,136,138
1082605,2017-04-15,Kings XI Punjab,Delhi Daredevils,CJ Anderson,Delhi Daredevils,bat,Feroz Shah Kotla,Delhi,2017.0,2017,4,5,2,0,1,0,190,0,160,0,19,325,12,15,18,12,119,197,118.0,138,135
1082606,2017-04-16,Gujarat Lions,Mumbai Indians,N Rana,Mumbai Indians,field,Wankhede Stadium,Mumbai,2017.0,2017,4,6,2,0,0,1,30,0,282,0,19,350,21,8,12,12,146,366,118.0,20,145
1082606,2017-04-16,Mumbai Indians,Gujarat Lions,N Rana,Mumbai Indians,field,Wankhede Stadium,Mumbai,2017.0,2017,4,6,2,1,0,1,282,0,30,0,19,350,21,8,12,12,146,366,118.0,145,20
1082607,2017-04-16,Rising Pune Supergiant,Royal Challengers Bangalore,BA Stokes,Royal Challengers Bangalore,field,M Chinnaswamy Stadium,Bangalore,2017.0,2017,4,6,2,0,0,1,16,0,239,0,19,295,21,17,20,11,129,129,118.0,5,143
1082607,2017-04-16,Royal Challengers Bangalore,Rising Pune Supergiant,BA Stokes,Royal Challengers Bangalore,field,M Chinnaswamy Stadium,Bangalore,2017.0,2017,4,6,2,1,0,1,240,0,16,0,19,295,21,17,20,11,129,129,118.0,144,5
1082608,2017-04-17,Delhi Daredevils,Kolkata Knight Riders,NM Coulter-Nile,Delhi Daredevils,bat,Feroz Shah Kotla,Delhi,2017.0,2017,4,0,2,1,1,0,161,0,268,0,19,337,14,13,17,12,119,197,118.0,137,137
1082608,2017-04-17,Kolkata Knight Riders,Delhi Daredevils,NM Coulter-Nile,Delhi Daredevils,bat,Feroz Shah Kotla,Delhi,2017.0,2017,4,0,2,0,1,0,269,0,160,0,19,337,14,13,17,12,119,197,118.0,137,136
1082609,2017-04-17,Sunrisers Hyderabad,Kings XI Punjab,B Kumar,Kings XI Punjab,field,"Rajiv Gandhi International Stadium, Uppal",Hyderabad,2017.0,2017,4,0,2,0,0,1,200,0,190,0,19,313,21,16,19,11,98,169,118.0,67,139
1082609,2017-04-17,Kings XI Punjab,Sunrisers Hyderabad,B Kumar,Kings XI Punjab,field,"Rajiv Gandhi International Stadium, Uppal",Hyderabad,2017.0,2017,4,0,2,1,0,1,190,0,201,0,19,313,21,16,19,11,98,169,118.0,139,67
1082610,2017-04-18,Royal Challengers Bangalore,Gujarat Lions,CH Gayle,Gujarat Lions,field,Saurashtra Cricket Association Stadium,Rajkot,2017.0,2017,4,1,2,0,0,1,240,0,30,0,19,404,11,9,13,12,20,20,118.0,145,21
1082610,2017-04-18,Gujarat Lions,Royal Challengers Bangalore,CH Gayle,Gujarat Lions,field,Saurashtra Cricket Association Stadium,Rajkot,2017.0,2017,4,1,2,1,0,1,30,0,239,0,19,404,11,9,13,12,20,20,118.0,21,144
1082611,2017-04-19,Sunrisers Hyderabad,Delhi Daredevils,KS Williamson,Sunrisers Hyderabad,bat,"Rajiv Gandhi International Stadium, Uppal",Hyderabad,2017.0,2017,4,2,2,1,1,0,200,0,160,0,19,367,11,9,12,12,98,169,118.0,68,137
1082611,2017-04-19,Delhi Daredevils,Sunrisers Hyderabad,KS Williamson,Sunrisers Hyderabad,bat,"Rajiv Gandhi International Stadium, Uppal",Hyderabad,2017.0,2017,4,2,2,0,1,0,161,0,201,0,19,367,11,9,12,12,98,169,118.0,138,68
1082612,2017-04-20,Kings XI Punjab,Mumbai Indians,JC Buttler,Mumbai Indians,field,Holkar Cricket Stadium,Indore,2017.0,2017,4,3,2,0,0,1,190,0,282,0,19,397,20,6,10,12,18,18,118.0,140,146
1082612,2017-04-20,Mumbai Indians,Kings XI Punjab,JC Buttler,Mumbai Indians,field,Holkar Cricket Stadium,Indore,2017.0,2017,4,3,2,1,0,1,282,0,190,0,19,397,20,6,10,12,18,18,118.0,146,140
1082613,2017-04-21,Kolkata Knight Riders,Gujarat Lions,SK Raina,Gujarat Lions,field,Eden Gardens,Kolkata,2017.0,2017,4,4,2,0,0,1,269,0,30,0,19,375,8,11,15,13,154,205,118.0,138,22
1082613,2017-04-21,Gujarat Lions,Kolkata Knight Riders,SK Raina,Gujarat Lions,field,Eden Gardens,Kolkata,2017.0,2017,4,4,2,1,0,1,30,0,268,0,19,375,8,11,15,13,154,205,118.0,22,138
1082614,2017-04-22,Mumbai Indians,Delhi Daredevils,MJ McClenaghan,Delhi Daredevils,field,Wankhede Stadium,Mumbai,2017.0,2017,4,5,2,0,0,1,282,0,160,0,19,268,22,15,19,11,146,366,118.0,147,138
1082614,2017-04-22,Delhi Daredevils,Mumbai Indians,MJ McClenaghan,Delhi Daredevils,field,Wankhede Stadium,Mumbai,2017.0,2017,4,5,2,1,0,1,161,0,282,0,19,268,22,15,19,11,146,366,118.0,139,147
1082615,2017-04-22,Sunrisers Hyderabad,Rising Pune Supergiant,MS Dhoni,Rising Pune Supergiant,field,Maharashtra Cricket Association Stadium,Pune,2017.0,2017,4,5,2,0,0,1,200,0,16,0,19,353,9,7,11,12,44,102,118.0,69,6
1082615,2017-04-22,Rising Pune Supergiant,Sunrisers Hyderabad,MS Dhoni,Rising Pune Supergiant,field,Maharashtra Cricket Association Stadium,Pune,2017.0,2017,4,5,2,1,0,1,16,0,201,0,19,353,9,7,11,12,44,102,118.0,6,69
1082616,2017-04-23,Kings XI Punjab,Gujarat Lions,HM Amla,Gujarat Lions,field,Saurashtra Cricket Association Stadium,Rajkot,2017.0,2017,4,6,2,0,0,1,190,0,30,0,19,350,12,14,17,13,20,20,118.0,141,23
1082616,2017-04-23,Gujarat Lions,Kings XI Punjab,HM Amla,Gujarat Lions,field,Saurashtra Cricket Association Stadium,Rajkot,2017.0,2017,4,6,2,1,0,1,30,0,190,0,19,350,12,14,17,13,20,20,118.0,23,141
1082617,2017-04-23,Kolkata Knight Riders,Royal Challengers Bangalore,NM Coulter-Nile,Royal Challengers Bangalore,field,Eden Gardens,Kolkata,2017.0,2017,4,6,2,0,0,1,269,0,239,0,19,179,14,20,22,10,154,205,118.0,139,145
1082617,2017-04-23,Royal Challengers Bangalore,Kolkata Knight Riders,NM Coulter-Nile,Royal Challengers Bangalore,field,Eden Gardens,Kolkata,2017.0,2017,4,6,2,1,0,1,240,0,268,0,19,179,14,20,22,10,154,205,118.0,146,139
1082618,2017-04-24,Rising Pune Supergiant,Mumbai Indians,BA Stokes,Mumbai Indians,field,Wankhede Stadium,Mumbai,2017.0,2017,4,0,2,0,0,1,16,0,282,0,19,317,10,14,16,11,146,366,118.0,7,148
1082618,2017-04-24,Mumbai Indians,Rising Pune Supergiant,BA Stokes,Mumbai Indians,field,Wankhede Stadium,Mumbai,2017.0,2017,4,0,2,1,0,1,282,0,16,0,19,317,10,14,16,11,146,366,118.0,148,7
1082620,2017-04-26,Rising Pune Supergiant,Kolkata Knight Riders,RV Uthappa,Kolkata Knight Riders,field,Maharashtra Cricket Association Stadium,Pune,2017.0,2017,4,2,2,0,0,1,16,0,268,0,19,365,19,8,10,12,44,102,118.0,8,140
1082620,2017-04-26,Kolkata Knight Riders,Rising Pune Supergiant,RV Uthappa,Kolkata Knight Riders,field,Maharashtra Cricket Association Stadium,Pune,2017.0,2017,4,2,2,1,0,1,269,0,16,0,19,365,19,8,10,12,44,102,118.0,140,8
1082621,2017-04-27,Royal Challengers Bangalore,Gujarat Lions,AJ Tye,Gujarat Lions,field,M Chinnaswamy Stadium,Bangalore,2017.0,2017,4,3,2,0,0,1,240,0,30,0,19,268,19,13,16,12,129,129,118.0,147,24
1082621,2017-04-27,Gujarat Lions,Royal Challengers Bangalore,AJ Tye,Gujarat Lions,field,M Chinnaswamy Stadium,Bangalore,2017.0,2017,4,3,2,1,0,1,30,0,239,0,19,268,19,13,16,12,129,129,118.0,24,146
1082622,2017-04-28,Delhi Daredevils,Kolkata Knight Riders,G Gambhir,Kolkata Knight Riders,field,Eden Gardens,Kolkata,2017.0,2017,4,4,2,0,0,1,161,0,268,0,19,321,17,9,12,12,154,205,118.0,140,141
1082622,2017-04-28,Kolkata Knight Riders,Delhi Daredevils,G Gambhir,Kolkata Knight Riders,field,Eden Gardens,Kolkata,2017.0,2017,4,4,2,1,0,1,269,0,160,0,19,321,17,9,12,12,154,205,118.0,141,139
1082623,2017-04-28,Sunrisers Hyderabad,Kings XI Punjab,Rashid Khan,Kings XI Punjab,field,"Punjab Cricket Association IS Bindra Stadium, Mohali",Chandigarh,2017.0,2017,4,4,2,0,0,1,200,0,190,0,19,388,8,12,15,12,22,122,118.0,70,142
1082623,2017-04-28,Kings XI Punjab,Sunrisers Hyderabad,Rashid Khan,Kings XI Punjab,field,"Punjab Cricket Association IS Bindra Stadium, Mohali",Chandigarh,2017.0,2017,4,4,2,1,0,1,190,0,201,0,19,388,8,12,15,12,22,122,118.0,142,70
1082624,2017-04-29,Rising Pune Supergiant,Royal Challengers Bangalore,LH Ferguson,Royal Challengers Bangalore,field,Maharashtra Cricket Association Stadium,Pune,2017.0,2017,4,5,2,0,0,1,16,0,239,0,19,253,8,12,16,12,44,102,118.0,9,147
1082624,2017-04-29,Royal Challengers Bangalore,Rising Pune Supergiant,LH Ferguson,Royal Challengers Bangalore,field,Maharashtra Cricket Association Stadium,Pune,2017.0,2017,4,5,2,1,0,1,240,0,16,0,19,253,8,12,16,12,44,102,118.0,148,9
1082625,2017-04-29,Gujarat Lions,Mumbai Indians,KH Pandya,Gujarat Lions,bat,Saurashtra Cricket Association Stadium,Rajkot,2017.0,2017,4,5,2,1,1,0,30,0,282,0,19,322,15,21,22,12,20,20,118.0,25,149
1082625,2017-04-29,Mumbai Indians,Gujarat Lions,KH Pandya,Gujarat Lions,bat,Saurashtra Cricket Association Stadium,Rajkot,2017.0,2017,4,5,2,0,1,0,282,0,30,0,19,322,15,21,22,12,20,20,118.0,149,25
1082626,2017-04-30,Delhi Daredevils,Kings XI Punjab,Sandeep Sharma,Kings XI Punjab,field,"Punjab Cricket Association IS Bindra Stadium, Mohali",Chandigarh,2017.0,2017,4,6,2,0,0,1,161,0,190,0,17,135,7,10,13,11,22,122,118.0,141,143
1082626,2017-04-30,Kings XI Punjab,Delhi Daredevils,Sandeep Sharma,Kings XI Punjab,field,"Punjab Cricket Association IS Bindra Stadium, Mohali",Chandigarh,2017.0,2017,4,6,2,1,0,1,190,0,160,0,17,135,7,10,13,11,22,122,118.0,143,140
1082627,2017-04-30,Sunrisers Hyderabad,Kolkata Knight Riders,DA Warner,Kolkata Knight Riders,field,"Rajiv Gandhi International Stadium, Uppal",Hyderabad,2017.0,2017,4,6,2,0,0,1,200,0,268,0,19,370,13,10,12,12,98,169,118.0,71,142
1082627,2017-04-30,Kolkata Knight Riders,Sunrisers Hyderabad,DA Warner,Kolkata Knight Riders,field,"Rajiv Gandhi International Stadium, Uppal",Hyderabad,2017.0,2017,4,6,2,1,0,1,269,0,201,0,19,370,13,10,12,12,98,169,118.0,142,71
1082628,2017-05-01,Royal Challengers Bangalore,Mumbai Indians,RG Sharma,Royal Challengers Bangalore,bat,Wankhede Stadium,Mumbai,2017.0,2017,5,0,2,1,1,0,240,0,282,0,19,327,11,14,16,12,146,366,118.0,149,150
1082628,2017-05-01,Mumbai Indians,Royal Challengers Bangalore,RG Sharma,Royal Challengers Bangalore,bat,Wankhede Stadium,Mumbai,2017.0,2017,5,0,2,0,1,0,282,0,239,0,19,327,11,14,16,12,146,366,118.0,150,148
1082629,2017-05-01,Gujarat Lions,Rising Pune Supergiant,BA Stokes,Rising Pune Supergiant,field,Maharashtra Cricket Association Stadium,Pune,2017.0,2017,5,0,2,0,0,1,30,0,16,0,19,327,13,15,18,12,44,102,118.0,26,10
1082629,2017-05-01,Rising Pune Supergiant,Gujarat Lions,BA Stokes,Rising Pune Supergiant,field,Maharashtra Cricket Association Stadium,Pune,2017.0,2017,5,0,2,1,0,1,16,0,30,0,19,327,13,15,18,12,44,102,118.0,10,26
1082630,2017-05-02,Sunrisers Hyderabad,Delhi Daredevils,Mohammed Shami,Delhi Daredevils,field,Feroz Shah Kotla,Delhi,2017.0,2017,5,1,2,0,0,1,200,0,160,0,19,374,11,7,11,11,119,197,118.0,72,141
1082630,2017-05-02,Delhi Daredevils,Sunrisers Hyderabad,Mohammed Shami,Delhi Daredevils,field,Feroz Shah Kotla,Delhi,2017.0,2017,5,1,2,1,0,1,161,0,201,0,19,374,11,7,11,11,119,197,118.0,142,72
1082631,2017-05-03,Kolkata Knight Riders,Rising Pune Supergiant,RA Tripathi,Rising Pune Supergiant,field,Eden Gardens,Kolkata,2017.0,2017,5,2,2,0,0,1,269,0,16,0,19,313,13,14,18,12,154,205,118.0,143,11
1082631,2017-05-03,Rising Pune Supergiant,Kolkata Knight Riders,RA Tripathi,Rising Pune Supergiant,field,Eden Gardens,Kolkata,2017.0,2017,5,2,2,1,0,1,16,0,268,0,19,313,13,14,18,12,154,205,118.0,11,143
1082632,2017-05-04,Gujarat Lions,Delhi Daredevils,RR Pant,Delhi Daredevils,field,Feroz Shah Kotla,Delhi,2017.0,2017,5,3,2,0,0,1,30,0,160,0,19,422,17,10,14,14,119,197,118.0,27,142
1082632,2017-05-04,Delhi Daredevils,Gujarat Lions,RR Pant,Delhi Daredevils,field,Feroz Shah Kotla,Delhi,2017.0,2017,5,3,2,1,0,1,161,0,30,0,19,422,17,10,14,14,119,197,118.0,143,27
1082633,2017-05-05,Kings XI Punjab,Royal Challengers Bangalore,Sandeep Sharma,Royal Challengers Bangalore,field,M Chinnaswamy Stadium,Bangalore,2017.0,2017,5,4,2,0,0,1,190,0,239,0,19,256,18,17,20,12,129,129,118.0,144,149
1082633,2017-05-05,Royal Challengers Bangalore,Kings XI Punjab,Sandeep Sharma,Royal Challengers Bangalore,field,M Chinnaswamy Stadium,Bangalore,2017.0,2017,5,4,2,1,0,1,240,0,190,0,19,256,18,17,20,12,129,129,118.0,150,144
1082634,2017-05-06,Rising Pune Supergiant,Sunrisers Hyderabad,JD Unadkat,Sunrisers Hyderabad,field,"Rajiv Gandhi International Stadium, Uppal",Hyderabad,2017.0,2017,5,5,2,0,0,1,16,0,201,0,19,284,9,17,19,12,98,169,118.0,12,73
1082634,2017-05-06,Sunrisers Hyderabad,Rising Pune Supergiant,JD Unadkat,Sunrisers Hyderabad,field,"Rajiv Gandhi International Stadium, Uppal",Hyderabad,2017.0,2017,5,5,2,1,0,1,200,0,16,0,19,284,9,17,19,12,98,169,118.0,73,12
1082635,2017-05-06,Mumbai Indians,Delhi Daredevils,LMP Simmons,Delhi Daredevils,field,Feroz Shah Kotla,Delhi,2017.0,2017,5,5,2,0,0,1,282,0,160,0,19,278,22,13,16,12,119,197,118.0,151,143
1082635,2017-05-06,Delhi Daredevils,Mumbai Indians,LMP Simmons,Delhi Daredevils,field,Feroz Shah Kotla,Delhi,2017.0,2017,5,5,2,1,0,1,161,0,282,0,19,278,22,13,16,12,119,197,118.0,144,151
1082636,2017-05-07,Royal Challengers Bangalore,Kolkata Knight Riders,SP Narine,Kolkata Knight Riders,field,M Chinnaswamy Stadium,Bangalore,2017.0,2017,5,6,2,0,0,1,240,0,268,0,19,316,8,10,13,12,129,129,118.0,151,144
1082636,2017-05-07,Kolkata Knight Riders,Royal Challengers Bangalore,SP Narine,Kolkata Knight Riders,field,M Chinnaswamy Stadium,Bangalore,2017.0,2017,5,6,2,1,0,1,269,0,239,0,19,316,8,10,13,12,129,129,118.0,144,150
1082637,2017-05-07,Kings XI Punjab,Gujarat Lions,DR Smith,Gujarat Lions,field,"Punjab Cricket Association IS Bindra Stadium, Mohali",Chandigarh,2017.0,2017,5,6,2,0,0,1,190,0,30,0,19,380,8,7,11,12,22,122,118.0,145,28
1082637,2017-05-07,Gujarat Lions,Kings XI Punjab,DR Smith,Gujarat Lions,field,"Punjab Cricket Association IS Bindra Stadium, Mohali",Chandigarh,2017.0,2017,5,6,2,1,0,1,30,0,190,0,19,380,8,7,11,12,22,122,118.0,28,145
1082638,2017-05-08,Mumbai Indians,Sunrisers Hyderabad,S Dhawan,Mumbai Indians,bat,"Rajiv Gandhi International Stadium, Uppal",Hyderabad,2017.0,2017,5,0,2,1,1,0,282,0,201,0,19,278,14,10,14,12,98,169,118.0,152,74
1082638,2017-05-08,Sunrisers Hyderabad,Mumbai Indians,S Dhawan,Mumbai Indians,bat,"Rajiv Gandhi International Stadium, Uppal",Hyderabad,2017.0,2017,5,0,2,0,1,0,200,0,282,0,19,278,14,10,14,12,98,169,118.0,74,152
1082639,2017-05-09,Kings XI Punjab,Kolkata Knight Riders,MM Sharma,Kolkata Knight Riders,field,"Punjab Cricket Association IS Bindra Stadium, Mohali",Chandigarh,2017.0,2017,5,1,2,0,0,1,190,0,268,0,19,320,16,12,16,12,22,122,118.0,146,145
1082639,2017-05-09,Kolkata Knight Riders,Kings XI Punjab,MM Sharma,Kolkata Knight Riders,field,"Punjab Cricket Association IS Bindra Stadium, Mohali",Chandigarh,2017.0,2017,5,1,2,1,0,1,269,0,190,0,19,320,16,12,16,12,22,122,118.0,145,146
1082640,2017-05-10,Gujarat Lions,Delhi Daredevils,SS Iyer,Delhi Daredevils,field,Green Park,Kanpur,2017.0,2017,5,2,2,0,0,1,30,0,160,0,19,391,13,13,17,12,8,8,118.0,29,144
1082640,2017-05-10,Delhi Daredevils,Gujarat Lions,SS Iyer,Delhi Daredevils,field,Green Park,Kanpur,2017.0,2017,5,2,2,1,0,1,161,0,30,0,19,391,13,13,17,12,8,8,118.0,145,29
1082641,2017-05-11,Kings XI Punjab,Mumbai Indians,WP Saha,Mumbai Indians,field,Wankhede Stadium,Mumbai,2017.0,2017,5,3,2,0,0,1,190,0,282,0,19,453,18,9,13,13,146,366,118.0,147,153
1082641,2017-05-11,Mumbai Indians,Kings XI Punjab,WP Saha,Mumbai Indians,field,Wankhede Stadium,Mumbai,2017.0,2017,5,3,2,1,0,1,282,0,190,0,19,453,18,9,13,13,146,366,118.0,153,147
1082642,2017-05-12,Delhi Daredevils,Rising Pune Supergiant,KK Nair,Delhi Daredevils,bat,Feroz Shah Kotla,Delhi,2017.0,2017,5,4,2,1,1,0,161,0,16,0,19,329,17,15,17,13,119,197,118.0,146,13
1082642,2017-05-12,Rising Pune Supergiant,Delhi Daredevils,KK Nair,Delhi Daredevils,bat,Feroz Shah Kotla,Delhi,2017.0,2017,5,4,2,0,1,0,16,0,160,0,19,329,17,15,17,13,119,197,118.0,13,145
1082643,2017-05-13,Gujarat Lions,Sunrisers Hyderabad,Mohammed Siraj,Sunrisers Hyderabad,field,Green Park,Kanpur,2017.0,2017,5,5,2,0,0,1,30,0,201,0,19,311,9,12,15,12,8,8,118.0,30,75
1082643,2017-05-13,Sunrisers Hyderabad,Gujarat Lions,Mohammed Siraj,Sunrisers Hyderabad,field,Green Park,Kanpur,2017.0,2017,5,5,2,1,0,1,200,0,30,0,19,311,9,12,15,12,8,8,118.0,75,30
1082644,2017-05-13,Mumbai Indians,Kolkata Knight Riders,AT Rayudu,Kolkata Knight Riders,field,Eden Gardens,Kolkata,2017.0,2017,5,5,2,0,0,1,282,0,268,0,19,336,24,13,17,12,154,205,118.0,154,146
1082644,2017-05-13,Kolkata Knight Riders,Mumbai Indians,AT Rayudu,Kolkata Knight Riders,field,Eden Gardens,Kolkata,2017.0,2017,5,5,2,1,0,1,269,0,282,0,19,336,24,13,17,12,154,205,118.0,146,154
1082645,2017-05-14,Kings XI Punjab,Rising Pune Supergiant,JD Unadkat,Rising Pune Supergiant,field,Maharashtra Cricket Association Stadium,Pune,2017.0,2017,5,6,2,0,0,1,190,0,16,0,15,151,4,11,13,12,44,102,118.0,148,14
1082645,2017-05-14,Rising Pune Supergiant,Kings XI Punjab,JD Unadkat,Rising Pune Supergiant,field,Maharashtra Cricket Association Stadium,Pune,2017.0,2017,5,6,2,1,0,1,16,0,190,0,15,151,4,11,13,12,44,102,118.0,14,148
1082646,2017-05-14,Royal Challengers Bangalore,Delhi Daredevils,HV Patel,Royal Challengers Bangalore,bat,Feroz Shah Kotla,Delhi,2017.0,2017,5,6,2,1,1,0,240,0,160,0,19,311,15,16,19,12,119,197,118.0,152,146
1082646,2017-05-14,Delhi Daredevils,Royal Challengers Bangalore,HV Patel,Royal Challengers Bangalore,bat,Feroz Shah Kotla,Delhi,2017.0,2017,5,6,2,0,1,0,161,0,239,0,19,311,15,16,19,12,119,197,118.0,147,151
1082647,2017-05-16,Rising Pune Supergiant,Mumbai Indians,Washington Sundar,Mumbai Indians,field,Wankhede Stadium,Mumbai,2017.0,2017,5,1,2,0,0,1,16,0,282,0,19,302,14,13,16,12,146,366,118.0,15,155
1082647,2017-05-16,Mumbai Indians,Rising Pune Supergiant,Washington Sundar,Mumbai Indians,field,Wankhede Stadium,Mumbai,2017.0,2017,5,1,2,1,0,1,282,0,16,0,19,302,14,13,16,12,146,366,118.0,155,15
1082648,2017-05-17,Sunrisers Hyderabad,Kolkata Knight Riders,NM Coulter-Nile,Kolkata Knight Riders,field,M Chinnaswamy Stadium,Bangalore,2017.0,2017,5,2,2,0,0,1,200,0,268,0,19,175,10,10,13,11,129,129,118.0,76,147
1082648,2017-05-17,Kolkata Knight Riders,Sunrisers Hyderabad,NM Coulter-Nile,Kolkata Knight Riders,field,M Chinnaswamy Stadium,Bangalore,2017.0,2017,5,2,2,1,0,1,269,0,201,0,19,175,10,10,13,11,129,129,118.0,147,76
1082649,2017-05-19,Kolkata Knight Riders,Mumbai Indians,KV Sharma,Mumbai Indians,field,M Chinnaswamy Stadium,Bangalore,2017.0,2017,5,4,2,0,0,1,269,0,282,0,18,218,15,14,17,11,129,129,118.0,148,156
1082649,2017-05-19,Mumbai Indians,Kolkata Knight Riders,KV Sharma,Mumbai Indians,field,M Chinnaswamy Stadium,Bangalore,2017.0,2017,5,4,2,1,0,1,282,0,268,0,18,218,15,14,17,11,129,129,118.0,156,148
1082650,2017-05-21,Mumbai Indians,Rising Pune Supergiant,KH Pandya,Mumbai Indians,bat,"Rajiv Gandhi International Stadium, Uppal",Hyderabad,2017.0,2017,5,6,2,1,1,0,282,0,16,0,19,257,17,14,16,11,98,169,118.0,157,16
1082650,2017-05-21,Rising Pune Supergiant,Mumbai Indians,KH Pandya,Mumbai Indians,bat,"Rajiv Gandhi International Stadium, Uppal",Hyderabad,2017.0,2017,5,6,2,0,1,0,16,0,282,0,19,257,17,14,16,11,98,169,118.0,16,157
1136561,2018-04-07,Mumbai Indians,Chennai Super Kings,DJ Bravo,Chennai Super Kings,field,Wankhede Stadium,Mumbai,2018.0,2018,4,5,2,0,0,1,282,0,257,0,19,333,10,13,17,12,146,366,120.0,158,132
1136561,2018-04-07,Chennai Super Kings,Mumbai Indians,DJ Bravo,Chennai Super Kings,field,Wankhede Stadium,Mumbai,2018.0,2018,4,5,2,1,0,1,256,0,282,0,19,333,10,13,17,12,146,366,120.0,132,158
1136562,2018-04-08,Delhi Daredevils,Kings XI Punjab,KL Rahul,Kings XI Punjab,field,Punjab Cricket Association IS Bindra Stadium,Chandigarh,2018.0,2018,4,6,2,0,0,1,161,0,190,0,19,333,7,11,14,12,20,122,120.0,148,149
1136562,2018-04-08,Kings XI Punjab,Delhi Daredevils,KL Rahul,Kings XI Punjab,field,Punjab Cricket Association IS Bindra Stadium,Chandigarh,2018.0,2018,4,6,2,1,0,1,190,0,160,0,19,333,7,11,14,12,20,122,120.0,149,147
1136563,2018-04-08,Royal Challengers Bangalore,Kolkata Knight Riders,SP Narine,Kolkata Knight Riders,field,Eden Gardens,Kolkata,2018.0,2018,4,6,2,0,0,1,240,0,268,0,19,351,17,13,15,12,154,205,120.0,153,149
1136563,2018-04-08,Kolkata Knight Riders,Royal Challengers Bangalore,SP Narine,Kolkata Knight Riders,field,Eden Gardens,Kolkata,2018.0,2018,4,6,2,1,0,1,269,0,239,0,19,351,17,13,15,12,154,205,120.0,149,152
1136564,2018-04-09,Rajasthan Royals,Sunrisers Hyderabad,S Dhawan,Sunrisers Hyderabad,field,Rajiv Gandhi International Stadium,Hyderabad,2018.0,2018,4,0,2,0,0,1,239,0,201,0,19,252,16,10,14,12,30,169,120.0,118,77
1136564,2018-04-09,Sunrisers Hyderabad,Rajasthan Royals,S Dhawan,Sunrisers Hyderabad,field,Rajiv Gandhi International Stadium,Hyderabad,2018.0,2018,4,0,2,1,0,1,200,0,240,0,19,252,16,10,14,12,30,169,120.0,77,119
1136565,2018-04-10,Kolkata Knight Riders,Chennai Super Kings,SW Billings,Chennai Super Kings,field,MA Chidambaram Stadium,Chennai,2018.0,2018,4,1,2,0,0,1,269,0,257,0,19,407,12,11,15,13,18,188,120.0,150,133
1136565,2018-04-10,Chennai Super Kings,Kolkata Knight Riders,SW Billings,Chennai Super Kings,field,MA Chidambaram Stadium,Chennai,2018.0,2018,4,1,2,1,0,1,256,0,268,0,19,407,12,11,15,13,18,188,120.0,133,150
1136566,2018-04-11,Rajasthan Royals,Delhi Daredevils,SV Samson,Delhi Daredevils,field,Sawai Mansingh Stadium,Jaipur,2018.0,2018,4,2,2,0,0,1,239,0,160,0,17,213,6,9,11,9,94,128,120.0,119,148
1136566,2018-04-11,Delhi Daredevils,Rajasthan Royals,SV Samson,Delhi Daredevils,field,Sawai Mansingh Stadium,Jaipur,2018.0,2018,4,2,2,1,0,1,161,0,240,0,17,213,6,9,11,9,94,128,120.0,149,120
1136567,2018-04-12,Mumbai Indians,Sunrisers Hyderabad,Rashid Khan,Sunrisers Hyderabad,field,Rajiv Gandhi International Stadium,Hyderabad,2018.0,2018,4,3,2,0,0,1,282,0,201,0,19,298,12,17,21,11,30,169,120.0,159,78
1136567,2018-04-12,Sunrisers Hyderabad,Mumbai Indians,Rashid Khan,Sunrisers Hyderabad,field,Rajiv Gandhi International Stadium,Hyderabad,2018.0,2018,4,3,2,1,0,1,200,0,282,0,19,298,12,17,21,11,30,169,120.0,78,159
1136568,2018-04-13,Kings XI Punjab,Royal Challengers Bangalore,UT Yadav,Royal Challengers Bangalore,field,M.Chinnaswamy Stadium,Bengaluru,2018.0,2018,4,4,2,0,0,1,190,0,239,0,19,314,10,16,19,10,30,74,120.0,150,153
1136568,2018-04-13,Royal Challengers Bangalore,Kings XI Punjab,UT Yadav,Royal Challengers Bangalore,field,M.Chinnaswamy Stadium,Bengaluru,2018.0,2018,4,4,2,1,0,1,240,0,190,0,19,314,10,16,19,10,30,74,120.0,154,150
1136569,2018-04-14,Mumbai Indians,Delhi Daredevils,JJ Roy,Delhi Daredevils,field,Wankhede Stadium,Mumbai,2018.0,2018,4,5,2,0,0,1,282,0,160,0,19,389,12,10,14,12,146,366,120.0,160,149
1136569,2018-04-14,Delhi Daredevils,Mumbai Indians,JJ Roy,Delhi Daredevils,field,Wankhede Stadium,Mumbai,2018.0,2018,4,5,2,1,0,1,161,0,282,0,19,389,12,10,14,12,146,366,120.0,150,160
1136570,2018-04-14,Kolkata Knight Riders,Sunrisers Hyderabad,B Stanlake,Sunrisers Hyderabad,field,Eden Gardens,Kolkata,2018.0,2018,4,5,2,0,0,1,269,0,201,0,19,277,12,13,16,11,154,205,120.0,151,79
1136570,2018-04-14,Sunrisers Hyderabad,Kolkata Knight Riders,B Stanlake,Sunrisers Hyderabad,field,Eden Gardens,Kolkata,2018.0,2018,4,5,2,1,0,1,200,0,268,0,19,277,12,13,16,11,154,205,120.0,79,151
1136571,2018-04-15,Rajasthan Royals,Royal Challengers Bangalore,SV Samson,Royal Challengers Bangalore,field,M.Chinnaswamy Stadium,Bengaluru,2018.0,2018,4,6,2,0,0,1,239,0,239,0,19,414,19,10,14,13,30,74,120.0,120,154
1136571,2018-04-15,Royal Challengers Bangalore,Rajasthan Royals,SV Samson,Royal Challengers Bangalore,field,M.Chinnaswamy Stadium,Bengaluru,2018.0,2018,4,6,2,1,0,1,240,0,240,0,19,414,19,10,14,13,30,74,120.0,155,121
1136572,2018-04-15,Kings XI Punjab,Chennai Super Kings,CH Gayle,Chennai Super Kings,field,Punjab Cricket Association IS Bindra Stadium,Chandigarh,2018.0,2018,4,6,2,0,0,1,190,0,257,0,19,390,14,12,15,12,20,122,120.0,151,134
1136572,2018-04-15,Chennai Super Kings,Kings XI Punjab,CH Gayle,Chennai Super Kings,field,Punjab Cricket Association IS Bindra Stadium,Chandigarh,2018.0,2018,4,6,2,1,0,1,256,0,190,0,19,390,14,12,15,12,20,122,120.0,134,151
1136573,2018-04-16,Kolkata Knight Riders,Delhi Daredevils,N Rana,Delhi Daredevils,field,Eden Gardens,Kolkata,2018.0,2018,4,0,2,0,0,1,269,0,160,0,19,328,13,19,20,12,154,205,120.0,152,150
1136573,2018-04-16,Delhi Daredevils,Kolkata Knight Riders,N Rana,Delhi Daredevils,field,Eden Gardens,Kolkata,2018.0,2018,4,0,2,1,0,1,161,0,268,0,19,328,13,19,20,12,154,205,120.0,151,152
1136574,2018-04-17,Mumbai Indians,Royal Challengers Bangalore,RG Sharma,Royal Challengers Bangalore,field,Wankhede Stadium,Mumbai,2018.0,2018,4,1,2,0,0,1,282,0,239,0,19,379,23,14,18,12,146,366,120.0,161,155
1136574,2018-04-17,Royal Challengers Bangalore,Mumbai Indians,RG Sharma,Royal Challengers Bangalore,field,Wankhede Stadium,Mumbai,2018.0,2018,4,1,2,1,0,1,240,0,282,0,19,379,23,14,18,12,146,366,120.0,156,161
1136575,2018-04-18,Rajasthan Royals,Kolkata Knight Riders,N Rana,Kolkata Knight Riders,field,Sawai Mansingh Stadium,Jaipur,2018.0,2018,4,2,2,0,0,1,239,0,268,0,19,322,7,11,14,12,94,128,120.0,121,153
1136575,2018-04-18,Kolkata Knight Riders,Rajasthan Royals,N Rana,Kolkata Knight Riders,field,Sawai Mansingh Stadium,Jaipur,2018.0,2018,4,2,2,1,0,1,269,0,240,0,19,322,7,11,14,12,94,128,120.0,153,122
1136576,2018-04-19,Kings XI Punjab,Sunrisers Hyderabad,CH Gayle,Kings XI Punjab,bat,Punjab Cricket Association IS Bindra Stadium,Chandigarh,2018.0,2018,4,3,2,1,1,0,190,0,201,0,19,371,21,8,12,11,20,122,120.0,152,80
1136576,2018-04-19,Sunrisers Hyderabad,Kings XI Punjab,CH Gayle,Kings XI Punjab,bat,Punjab Cricket Association IS Bindra Stadium,Chandigarh,2018.0,2018,4,3,2,0,1,0,200,0,190,0,19,371,21,8,12,11,20,122,120.0,80,152
1136577,2018-04-20,Chennai Super Kings,Rajasthan Royals,SR Watson,Rajasthan Royals,field,Maharashtra Cricket Association Stadium,Pune,2018.0,2018,4,4,2,0,0,1,256,0,240,0,19,343,13,15,18,13,44,102,120.0,135,123
1136577,2018-04-20,Rajasthan Royals,Chennai Super Kings,SR Watson,Rajasthan Royals,field,Maharashtra Cricket Association Stadium,Pune,2018.0,2018,4,4,2,1,0,1,239,0,257,0,19,343,13,15,18,13,44,102,120.0,122,135
1136578,2018-04-21,Kolkata Knight Riders,Kings XI Punjab,KL Rahul,Kings XI Punjab,field,Eden Gardens,Kolkata,2018.0,2018,4,5,2,0,0,1,269,0,190,0,19,316,10,8,12,13,154,205,120.0,154,153
1136578,2018-04-21,Kings XI Punjab,Kolkata Knight Riders,KL Rahul,Kings XI Punjab,field,Eden Gardens,Kolkata,2018.0,2018,4,5,2,1,0,1,190,0,268,0,19,316,10,8,12,13,154,205,120.0,153,154
1136579,2018-04-21,Delhi Daredevils,Royal Challengers Bangalore,AB de Villiers,Royal Challengers Bangalore,field,M.Chinnaswamy Stadium,Bengaluru,2018.0,2018,4,5,2,0,0,1,161,0,239,0,19,350,16,9,12,12,30,74,120.0,152,156
1136579,2018-04-21,Royal Challengers Bangalore,Delhi Daredevils,AB de Villiers,Royal Challengers Bangalore,field,M.Chinnaswamy Stadium,Bengaluru,2018.0,2018,4,5,2,1,0,1,240,0,160,0,19,350,16,9,12,12,30,74,120.0,157,151
1136580,2018-04-22,Chennai Super Kings,Sunrisers Hyderabad,AT Rayudu,Sunrisers Hyderabad,field,Rajiv Gandhi International Stadium,Hyderabad,2018.0,2018,4,6,2,0,0,1,256,0,201,0,19,360,6,9,13,12,30,169,120.0,136,81
1136580,2018-04-22,Sunrisers Hyderabad,Chennai Super Kings,AT Rayudu,Sunrisers Hyderabad,field,Rajiv Gandhi International Stadium,Hyderabad,2018.0,2018,4,6,2,1,0,1,200,0,257,0,19,360,6,9,13,12,30,169,120.0,81,136
1136581,2018-04-22,Mumbai Indians,Rajasthan Royals,JC Archer,Mumbai Indians,bat,Sawai Mansingh Stadium,Jaipur,2018.0,2018,4,6,2,1,1,0,282,0,240,0,19,334,10,14,17,12,94,128,120.0,162,124
1136581,2018-04-22,Rajasthan Royals,Mumbai Indians,JC Archer,Mumbai Indians,bat,Sawai Mansingh Stadium,Jaipur,2018.0,2018,4,6,2,0,1,0,239,0,282,0,19,334,10,14,17,12,94,128,120.0,123,162
1136582,2018-04-23,Kings XI Punjab,Delhi Daredevils,AS Rajpoot,Delhi Daredevils,field,Arun Jaitley Stadium,Delhi,2018.0,2018,4,0,2,0,0,1,190,0,160,0,19,281,22,16,18,12,28,197,120.0,154,152
1136582,2018-04-23,Delhi Daredevils,Kings XI Punjab,AS Rajpoot,Delhi Daredevils,field,Arun Jaitley Stadium,Delhi,2018.0,2018,4,0,2,1,0,1,161,0,190,0,19,281,22,16,18,12,28,197,120.0,153,154
1136583,2018-04-24,Sunrisers Hyderabad,Mumbai Indians,Rashid Khan,Mumbai Indians,field,Wankhede Stadium,Mumbai,2018.0,2018,4,1,2,0,0,1,200,0,282,0,18,205,14,20,22,12,146,366,120.0,82,163
1136583,2018-04-24,Mumbai Indians,Sunrisers Hyderabad,Rashid Khan,Mumbai Indians,field,Wankhede Stadium,Mumbai,2018.0,2018,4,1,2,1,0,1,282,0,201,0,18,205,14,20,22,12,146,366,120.0,163,82
1136584,2018-04-25,Royal Challengers Bangalore,Chennai Super Kings,MS Dhoni,Chennai Super Kings,field,M.Chinnaswamy Stadium,Bengaluru,2018.0,2018,4,2,2,0,0,1,240,0,257,0,19,410,17,13,16,13,30,74,120.0,158,137
1136584,2018-04-25,Chennai Super Kings,Royal Challengers Bangalore,MS Dhoni,Chennai Super Kings,field,M.Chinnaswamy Stadium,Bengaluru,2018.0,2018,4,2,2,1,0,1,256,0,239,0,19,410,17,13,16,13,30,74,120.0,137,157
1136585,2018-04-26,Sunrisers Hyderabad,Kings XI Punjab,AS Rajpoot,Kings XI Punjab,field,Rajiv Gandhi International Stadium,Hyderabad,2018.0,2018,4,3,2,0,0,1,200,0,190,0,19,251,10,16,18,12,30,169,120.0,83,155
1136585,2018-04-26,Kings XI Punjab,Sunrisers Hyderabad,AS Rajpoot,Kings XI Punjab,field,Rajiv Gandhi International Stadium,Hyderabad,2018.0,2018,4,3,2,1,0,1,190,0,201,0,19,251,10,16,18,12,30,169,120.0,155,83
1136586,2018-04-27,Delhi Daredevils,Kolkata Knight Riders,SS Iyer,Kolkata Knight Riders,field,Arun Jaitley Stadium,Delhi,2018.0,2018,4,4,2,0,0,1,161,0,268,0,19,383,8,13,16,13,28,197,120.0,154,155
1136586,2018-04-27,Kolkata Knight Riders,Delhi Daredevils,SS Iyer,Kolkata Knight Riders,field,Arun Jaitley Stadium,Delhi,2018.0,2018,4,4,2,1,0,1,269,0,160,0,19,383,8,13,16,13,28,197,120.0,155,153
1136587,2018-04-28,Chennai Super Kings,Mumbai Indians,RG Sharma,Mumbai Indians,field,Maharashtra Cricket Association Stadium,Pune,2018.0,2018,4,5,2,0,0,1,256,0,282,0,19,339,17,7,10,12,44,102,120.0,138,164
1136587,2018-04-28,Mumbai Indians,Chennai Super Kings,RG Sharma,Mumbai Indians,field,Maharashtra Cricket Association Stadium,Pune,2018.0,2018,4,5,2,1,0,1,282,0,257,0,19,339,17,7,10,12,44,102,120.0,164,138
1136588,2018-04-29,Sunrisers Hyderabad,Rajasthan Royals,KS Williamson,Sunrisers Hyderabad,bat,Sawai Mansingh Stadium,Jaipur,2018.0,2018,4,6,2,1,1,0,200,0,240,0,19,291,2,13,16,13,94,128,120.0,84,125
1136588,2018-04-29,Rajasthan Royals,Sunrisers Hyderabad,KS Williamson,Sunrisers Hyderabad,bat,Sawai Mansingh Stadium,Jaipur,2018.0,2018,4,6,2,0,1,0,239,0,201,0,19,291,2,13,16,13,94,128,120.0,124,84
1136589,2018-04-29,Royal Challengers Bangalore,Kolkata Knight Riders,CA Lynn,Kolkata Knight Riders,field,M.Chinnaswamy Stadium,Bengaluru,2018.0,2018,4,6,2,0,0,1,240,0,268,0,19,351,18,9,13,11,30,74,120.0,159,156
1136589,2018-04-29,Kolkata Knight Riders,Royal Challengers Bangalore,CA Lynn,Kolkata Knight Riders,field,M.Chinnaswamy Stadium,Bengaluru,2018.0,2018,4,6,2,1,0,1,269,0,239,0,19,351,18,9,13,11,30,74,120.0,156,158
1136590,2018-04-30,Chennai Super Kings,Delhi Daredevils,SR Watson,Delhi Daredevils,field,Maharashtra Cricket Association Stadium,Pune,2018.0,2018,4,0,2,0,0,1,256,0,160,0,19,409,15,9,12,13,44,102,120.0,139,154
1136590,2018-04-30,Delhi Daredevils,Chennai Super Kings,SR Watson,Delhi Daredevils,field,Maharashtra Cricket Association Stadium,Pune,2018.0,2018,4,0,2,1,0,1,161,0,257,0,19,409,15,9,12,13,44,102,120.0,155,139
1136591,2018-05-01,Royal Challengers Bangalore,Mumbai Indians,TG Southee,Mumbai Indians,field,M.Chinnaswamy Stadium,Bengaluru,2018.0,2018,5,1,2,0,0,1,240,0,282,0,19,320,29,14,17,12,30,74,120.0,160,165
1136591,2018-05-01,Mumbai Indians,Royal Challengers Bangalore,TG Southee,Mumbai Indians,field,M.Chinnaswamy Stadium,Bengaluru,2018.0,2018,5,1,2,1,0,1,282,0,239,0,19,320,29,14,17,12,30,74,120.0,165,159
1136592,2018-05-02,Delhi Daredevils,Rajasthan Royals,RR Pant,Rajasthan Royals,field,Arun Jaitley Stadium,Delhi,2018.0,2018,5,2,2,0,0,1,161,0,240,0,17,340,9,11,13,12,28,197,120.0,156,126
1136592,2018-05-02,Rajasthan Royals,Delhi Daredevils,RR Pant,Rajasthan Royals,field,Arun Jaitley Stadium,Delhi,2018.0,2018,5,2,2,1,0,1,239,0,160,0,17,340,9,11,13,12,28,197,120.0,125,155
1136593,2018-05-03,Chennai Super Kings,Kolkata Knight Riders,SP Narine,Kolkata Knight Riders,field,Eden Gardens,Kolkata,2018.0,2018,5,3,2,0,0,1,256,0,268,0,19,356,18,9,12,13,154,205,120.0,140,157
1136593,2018-05-03,Kolkata Knight Riders,Chennai Super Kings,SP Narine,Kolkata Knight Riders,field,Eden Gardens,Kolkata,2018.0,2018,5,3,2,1,0,1,269,0,257,0,19,356,18,9,12,13,154,205,120.0,157,140
1136594,2018-05-04,Kings XI Punjab,Mumbai Indians,SA Yadav,Mumbai Indians,field,Holkar Cricket Stadium,Indore,2018.0,2018,5,4,2,0,0,1,190,0,282,0,19,350,16,10,13,13,18,18,120.0,156,166
1136594,2018-05-04,Mumbai Indians,Kings XI Punjab,SA Yadav,Mumbai Indians,field,Holkar Cricket Stadium,Indore,2018.0,2018,5,4,2,1,0,1,282,0,190,0,19,350,16,10,13,13,18,18,120.0,166,156
1136595,2018-05-05,Royal Challengers Bangalore,Chennai Super Kings,RA Jadeja,Chennai Super Kings,field,Maharashtra Cricket Association Stadium,Pune,2018.0,2018,5,5,2,0,0,1,240,0,257,0,19,255,11,13,16,12,44,102,120.0,161,141
1136595,2018-05-05,Chennai Super Kings,Royal Challengers Bangalore,RA Jadeja,Chennai Super Kings,field,Maharashtra Cricket Association Stadium,Pune,2018.0,2018,5,5,2,1,0,1,256,0,239,0,19,255,11,13,16,12,44,102,120.0,141,160
1136596,2018-05-05,Delhi Daredevils,Sunrisers Hyderabad,Rashid Khan,Delhi Daredevils,bat,Rajiv Gandhi International Stadium,Hyderabad,2018.0,2018,5,5,2,1,1,0,161,0,201,0,19,327,9,8,12,11,30,169,120.0,157,85
1136596,2018-05-05,Sunrisers Hyderabad,Delhi Daredevils,Rashid Khan,Delhi Daredevils,bat,Rajiv Gandhi International Stadium,Hyderabad,2018.0,2018,5,5,2,0,1,0,200,0,160,0,19,327,9,8,12,11,30,169,120.0,85,156
1136597,2018-05-06,Mumbai Indians,Kolkata Knight Riders,HH Pandya,Kolkata Knight Riders,field,Wankhede Stadium,Mumbai,2018.0,2018,5,6,2,0,0,1,282,0,268,0,19,348,14,10,13,13,146,366,120.0,167,158
1136597,2018-05-06,Kolkata Knight Riders,Mumbai Indians,HH Pandya,Kolkata Knight Riders,field,Wankhede Stadium,Mumbai,2018.0,2018,5,6,2,1,0,1,269,0,282,0,19,348,14,10,13,13,146,366,120.0,158,167
1136598,2018-05-06,Rajasthan Royals,Kings XI Punjab,Mujeeb Ur Rahman,Kings XI Punjab,field,Holkar Cricket Stadium,Indore,2018.0,2018,5,6,2,0,0,1,239,0,190,0,19,307,11,13,16,12,18,18,120.0,126,157
1136598,2018-05-06,Kings XI Punjab,Rajasthan Royals,Mujeeb Ur Rahman,Kings XI Punjab,field,Holkar Cricket Stadium,Indore,2018.0,2018,5,6,2,1,0,1,190,0,240,0,19,307,11,13,16,12,18,18,120.0,157,127
1136599,2018-05-07,Sunrisers Hyderabad,Royal Challengers Bangalore,KS Williamson,Royal Challengers Bangalore,field,Rajiv Gandhi International Stadium,Hyderabad,2018.0,2018,5,0,2,0,0,1,200,0,239,0,19,287,14,16,18,11,30,169,120.0,86,161
1136599,2018-05-07,Royal Challengers Bangalore,Sunrisers Hyderabad,KS Williamson,Royal Challengers Bangalore,field,Rajiv Gandhi International Stadium,Hyderabad,2018.0,2018,5,0,2,1,0,1,240,0,201,0,19,287,14,16,18,11,30,169,120.0,162,86
1136600,2018-05-08,Rajasthan Royals,Kings XI Punjab,JC Buttler,Rajasthan Royals,bat,Sawai Mansingh Stadium,Jaipur,2018.0,2018,5,1,2,1,1,0,239,0,190,0,19,301,10,15,18,13,94,128,120.0,127,158
1136600,2018-05-08,Kings XI Punjab,Rajasthan Royals,JC Buttler,Rajasthan Royals,bat,Sawai Mansingh Stadium,Jaipur,2018.0,2018,5,1,2,0,1,0,190,0,240,0,19,301,10,15,18,13,94,128,120.0,158,128
1136601,2018-05-09,Mumbai Indians,Kolkata Knight Riders,Ishan Kishan,Kolkata Knight Riders,field,Eden Gardens,Kolkata,2018.0,2018,5,2,2,0,0,1,282,0,268,0,19,318,8,16,18,12,154,205,120.0,168,159
1136601,2018-05-09,Kolkata Knight Riders,Mumbai Indians,Ishan Kishan,Kolkata Knight Riders,field,Eden Gardens,Kolkata,2018.0,2018,5,2,2,1,0,1,269,0,282,0,19,318,8,16,18,12,154,205,120.0,159,168
1136602,2018-05-10,Delhi Daredevils,Sunrisers Hyderabad,S Dhawan,Delhi Daredevils,bat,Arun Jaitley Stadium,Delhi,2018.0,2018,5,3,2,1,1,0,161,0,201,0,19,378,5,6,9,12,28,197,120.0,158,87
1136602,2018-05-10,Sunrisers Hyderabad,Delhi Daredevils,S Dhawan,Delhi Daredevils,bat,Arun Jaitley Stadium,Delhi,2018.0,2018,5,3,2,0,1,0,200,0,160,0,19,378,5,6,9,12,28,197,120.0,87,157
1136603,2018-05-11,Chennai Super Kings,Rajasthan Royals,JC Buttler,Chennai Super Kings,bat,Sawai Mansingh Stadium,Jaipur,2018.0,2018,5,4,2,1,1,0,256,0,240,0,19,350,12,10,13,13,94,128,120.0,142,129
1136603,2018-05-11,Rajasthan Royals,Chennai Super Kings,JC Buttler,Chennai Super Kings,bat,Sawai Mansingh Stadium,Jaipur,2018.0,2018,5,4,2,0,1,0,239,0,257,0,19,350,12,10,13,13,94,128,120.0,128,142
1136604,2018-05-12,Kolkata Knight Riders,Kings XI Punjab,SP Narine,Kings XI Punjab,field,Holkar Cricket Stadium,Indore,2018.0,2018,5,5,2,0,0,1,269,0,190,0,19,459,12,14,18,12,18,18,120.0,160,159
1136604,2018-05-12,Kings XI Punjab,Kolkata Knight Riders,SP Narine,Kings XI Punjab,field,Holkar Cricket Stadium,Indore,2018.0,2018,5,5,2,1,0,1,190,0,268,0,19,459,12,14,18,12,18,18,120.0,159,160
1136605,2018-05-12,Delhi Daredevils,Royal Challengers Bangalore,AB de Villiers,Royal Challengers Bangalore,field,Arun Jaitley Stadium,Delhi,2018.0,2018,5,5,2,0,0,1,161,0,239,0,19,368,18,9,13,11,28,197,120.0,159,162
1136605,2018-05-12,Royal Challengers Bangalore,Delhi Daredevils,AB de Villiers,Royal Challengers Bangalore,field,Arun Jaitley Stadium,Delhi,2018.0,2018,5,5,2,1,0,1,240,0,160,0,19,368,18,9,13,11,28,197,120.0,163,158
1136606,2018-05-13,Sunrisers Hyderabad,Chennai Super Kings,AT Rayudu,Chennai Super Kings,field,Maharashtra Cricket Association Stadium,Pune,2018.0,2018,5,6,2,0,0,1,200,0,257,0,19,355,10,6,10,12,44,102,120.0,88,143
1136606,2018-05-13,Chennai Super Kings,Sunrisers Hyderabad,AT Rayudu,Chennai Super Kings,field,Maharashtra Cricket Association Stadium,Pune,2018.0,2018,5,6,2,1,0,1,256,0,201,0,19,355,10,6,10,12,44,102,120.0,143,88
1136607,2018-05-13,Mumbai Indians,Rajasthan Royals,JC Buttler,Rajasthan Royals,field,Wankhede Stadium,Mumbai,2018.0,2018,5,6,2,0,0,1,282,0,240,0,19,339,19,9,11,11,146,366,120.0,169,130
1136607,2018-05-13,Rajasthan Royals,Mumbai Indians,JC Buttler,Rajasthan Royals,field,Wankhede Stadium,Mumbai,2018.0,2018,5,6,2,1,0,1,239,0,282,0,19,339,19,9,11,11,146,366,120.0,129,169
1136608,2018-05-14,Kings XI Punjab,Royal Challengers Bangalore,UT Yadav,Royal Challengers Bangalore,field,Holkar Cricket Stadium,Indore,2018.0,2018,5,0,2,0,0,1,190,0,239,0,15,180,9,10,13,11,18,18,120.0,160,163
1136608,2018-05-14,Royal Challengers Bangalore,Kings XI Punjab,UT Yadav,Royal Challengers Bangalore,field,Holkar Cricket Stadium,Indore,2018.0,2018,5,0,2,1,0,1,240,0,190,0,15,180,9,10,13,11,18,18,120.0,164,160
1136609,2018-05-15,Rajasthan Royals,Kolkata Knight Riders,Kuldeep Yadav,Kolkata Knight Riders,field,Eden Gardens,Kolkata,2018.0,2018,5,1,2,0,0,1,239,0,268,0,18,287,4,14,17,11,154,205,120.0,130,161
1136609,2018-05-15,Kolkata Knight Riders,Rajasthan Royals,Kuldeep Yadav,Kolkata Knight Riders,field,Eden Gardens,Kolkata,2018.0,2018,5,1,2,1,0,1,269,0,240,0,18,287,4,14,17,11,154,205,120.0,161,131
1136610,2018-05-16,Mumbai Indians,Kings XI Punjab,JJ Bumrah,Kings XI Punjab,field,Wankhede Stadium,Mumbai,2018.0,2018,5,2,2,0,0,1,282,0,190,0,19,367,18,13,17,12,146,366,120.0,170,161
1136610,2018-05-16,Kings XI Punjab,Mumbai Indians,JJ Bumrah,Kings XI Punjab,field,Wankhede Stadium,Mumbai,2018.0,2018,5,2,2,1,0,1,190,0,282,0,19,367,18,13,17,12,146,366,120.0,161,170
1136611,2018-05-17,Royal Challengers Bangalore,Sunrisers Hyderabad,AB de Villiers,Sunrisers Hyderabad,field,M.Chinnaswamy Stadium,Bengaluru,2018.0,2018,5,3,2,0,0,1,240,0,201,0,19,422,9,9,13,11,30,74,120.0,165,89
1136611,2018-05-17,Sunrisers Hyderabad,Royal Challengers Bangalore,AB de Villiers,Sunrisers Hyderabad,field,M.Chinnaswamy Stadium,Bengaluru,2018.0,2018,5,3,2,1,0,1,200,0,239,0,19,422,9,9,13,11,30,74,120.0,89,164
1136612,2018-05-18,Delhi Daredevils,Chennai Super Kings,HV Patel,Chennai Super Kings,field,Arun Jaitley Stadium,Delhi,2018.0,2018,5,4,2,0,0,1,161,0,257,0,19,289,10,11,15,12,28,197,120.0,160,144
1136612,2018-05-18,Chennai Super Kings,Delhi Daredevils,HV Patel,Chennai Super Kings,field,Arun Jaitley Stadium,Delhi,2018.0,2018,5,4,2,1,0,1,256,0,160,0,19,289,10,11,15,12,28,197,120.0,144,159
1136613,2018-05-19,Rajasthan Royals,Royal Challengers Bangalore,S Gopal,Rajasthan Royals,bat,Sawai Mansingh Stadium,Jaipur,2018.0,2018,5,5,2,1,1,0,239,0,239,0,19,298,8,15,17,12,94,128,120.0,131,165
1136613,2018-05-19,Royal Challengers Bangalore,Rajasthan Royals,S Gopal,Rajasthan Royals,bat,Sawai Mansingh Stadium,Jaipur,2018.0,2018,5,5,2,0,1,0,240,0,240,0,19,298,8,15,17,12,94,128,120.0,166,132
1136614,2018-05-19,Sunrisers Hyderabad,Kolkata Knight Riders,CA Lynn,Sunrisers Hyderabad,bat,Rajiv Gandhi International Stadium,Hyderabad,2018.0,2018,5,5,2,1,1,0,200,0,268,0,19,344,17,14,15,13,30,169,120.0,90,162
1136614,2018-05-19,Kolkata Knight Riders,Sunrisers Hyderabad,CA Lynn,Sunrisers Hyderabad,bat,Rajiv Gandhi International Stadium,Hyderabad,2018.0,2018,5,5,2,0,1,0,269,0,201,0,19,344,17,14,15,13,30,169,120.0,162,90
1136615,2018-05-20,Delhi Daredevils,Mumbai Indians,A Mishra,Delhi Daredevils,bat,Arun Jaitley Stadium,Delhi,2018.0,2018,5,6,2,1,1,0,161,0,282,0,19,337,19,14,16,12,28,197,120.0,161,171
1136615,2018-05-20,Mumbai Indians,Delhi Daredevils,A Mishra,Delhi Daredevils,bat,Arun Jaitley Stadium,Delhi,2018.0,2018,5,6,2,0,1,0,282,0,160,0,19,337,19,14,16,12,28,197,120.0,171,160
1136616,2018-05-20,Kings XI Punjab,Chennai Super Kings,L Ngidi,Chennai Super Kings,field,Maharashtra Cricket Association Stadium,Pune,2018.0,2018,5,6,2,0,0,1,190,0,257,0,19,311,19,15,18,11,44,102,120.0,162,145
1136616,2018-05-20,Chennai Super Kings,Kings XI Punjab,L Ngidi,Chennai Super Kings,field,Maharashtra Cricket Association Stadium,Pune,2018.0,2018,5,6,2,1,0,1,256,0,190,0,19,311,19,15,18,11,44,102,120.0,145,162
1136617,2018-05-22,Sunrisers Hyderabad,Chennai Super Kings,F du Plessis,Chennai Super Kings,field,Wankhede Stadium,Mumbai,2018.0,2018,5,1,2,0,0,1,200,0,257,0,19,278,13,15,18,11,146,366,120.0,91,146
1136617,2018-05-22,Chennai Super Kings,Sunrisers Hyderabad,F du Plessis,Chennai Super Kings,field,Wankhede Stadium,Mumbai,2018.0,2018,5,1,2,1,0,1,256,0,201,0,19,278,13,15,18,11,146,366,120.0,146,91
1136618,2018-05-23,Kolkata Knight Riders,Rajasthan Royals,AD Russell,Rajasthan Royals,field,Eden Gardens,Kolkata,2018.0,2018,5,2,2,0,0,1,269,0,240,0,19,311,9,11,14,12,154,205,120.0,163,133
1136618,2018-05-23,Rajasthan Royals,Kolkata Knight Riders,AD Russell,Rajasthan Royals,field,Eden Gardens,Kolkata,2018.0,2018,5,2,2,1,0,1,239,0,268,0,19,311,9,11,14,12,154,205,120.0,132,163
1136619,2018-05-25,Sunrisers Hyderabad,Kolkata Knight Riders,Rashid Khan,Kolkata Knight Riders,field,Eden Gardens,Kolkata,2018.0,2018,5,4,2,0,0,1,200,0,268,0,19,334,8,16,19,12,154,205,120.0,92,164
1136619,2018-05-25,Kolkata Knight Riders,Sunrisers Hyderabad,Rashid Khan,Kolkata Knight Riders,field,Eden Gardens,Kolkata,2018.0,2018,5,4,2,1,0,1,269,0,201,0,19,334,8,16,19,12,154,205,120.0,164,92
1136620,2018-05-27,Sunrisers Hyderabad,Chennai Super Kings,SR Watson,Chennai Super Kings,field,Wankhede Stadium,Mumbai,2018.0,2018,5,6,2,0,0,1,200,0,257,0,19,359,14,8,11,12,146,366,120.0,93,147
1136620,2018-05-27,Chennai Super Kings,Sunrisers Hyderabad,SR Watson,Chennai Super Kings,field,Wankhede Stadium,Mumbai,2018.0,2018,5,6,2,1,0,1,256,0,201,0,19,359,14,8,11,12,146,366,120.0,147,93
1175356,2019-03-23,Royal Challengers Bangalore,Chennai Super Kings,Harbhajan Singh,Chennai Super Kings,field,MA Chidambaram Stadium,Chennai,2019.0,2019,3,5,1,0,0,1,240,0,257,0,17,141,9,13,16,12,18,188,120.0,167,148
1175356,2019-03-23,Chennai Super Kings,Royal Challengers Bangalore,Harbhajan Singh,Chennai Super Kings,field,MA Chidambaram Stadium,Chennai,2019.0,2019,3,5,1,1,0,1,256,0,239,0,17,141,9,13,16,12,18,188,120.0,148,166
1175357,2019-03-24,Sunrisers Hyderabad,Kolkata Knight Riders,AD Russell,Kolkata Knight Riders,field,Eden Gardens,Kolkata,2019.0,2019,3,6,1,0,0,1,200,0,268,0,19,363,11,7,11,12,154,205,120.0,94,165
1175357,2019-03-24,Kolkata Knight Riders,Sunrisers Hyderabad,AD Russell,Kolkata Knight Riders,field,Eden Gardens,Kolkata,2019.0,2019,3,6,1,1,0,1,269,0,201,0,19,363,11,7,11,12,154,205,120.0,165,94
1175358,2019-03-24,Delhi Capitals,Mumbai Indians,RR Pant,Mumbai Indians,field,Wankhede Stadium,Mumbai,2019.0,2019,3,6,1,0,0,1,109,0,282,0,19,388,14,15,18,12,146,366,120.0,1,172
1175358,2019-03-24,Mumbai Indians,Delhi Capitals,RR Pant,Mumbai Indians,field,Wankhede Stadium,Mumbai,2019.0,2019,3,6,1,1,0,1,282,0,109,0,19,388,14,15,18,12,146,366,120.0,172,1
1175359,2019-03-25,Kings XI Punjab,Rajasthan Royals,CH Gayle,Rajasthan Royals,field,Sawai Mansingh Stadium,Jaipur,2019.0,2019,3,0,1,0,0,1,190,0,240,0,19,352,19,13,17,11,94,128,120.0,163,134
1175359,2019-03-25,Rajasthan Royals,Kings XI Punjab,CH Gayle,Rajasthan Royals,field,Sawai Mansingh Stadium,Jaipur,2019.0,2019,3,0,1,1,0,1,239,0,190,0,19,352,19,13,17,11,94,128,120.0,133,163
1175360,2019-03-26,Delhi Capitals,Chennai Super Kings,SR Watson,Delhi Capitals,bat,Arun Jaitley Stadium,Delhi,2019.0,2019,3,1,1,1,1,0,109,0,257,0,19,297,15,10,14,12,28,197,120.0,2,149
1175360,2019-03-26,Chennai Super Kings,Delhi Capitals,SR Watson,Delhi Capitals,bat,Arun Jaitley Stadium,Delhi,2019.0,2019,3,1,1,0,1,0,256,0,109,0,19,297,15,10,14,12,28,197,120.0,149,2
1175361,2019-03-27,Kolkata Knight Riders,Kings XI Punjab,AD Russell,Kings XI Punjab,field,Eden Gardens,Kolkata,2019.0,2019,3,2,1,0,0,1,269,0,190,0,19,408,11,8,12,12,154,205,120.0,166,164
1175361,2019-03-27,Kings XI Punjab,Kolkata Knight Riders,AD Russell,Kings XI Punjab,field,Eden Gardens,Kolkata,2019.0,2019,3,2,1,1,0,1,190,0,268,0,19,408,11,8,12,12,154,205,120.0,164,166
1175362,2019-03-28,Mumbai Indians,Royal Challengers Bangalore,JJ Bumrah,Royal Challengers Bangalore,field,M.Chinnaswamy Stadium,Bengaluru,2019.0,2019,3,3,1,0,0,1,282,0,239,0,19,368,15,13,17,12,30,74,120.0,173,167
1175362,2019-03-28,Royal Challengers Bangalore,Mumbai Indians,JJ Bumrah,Royal Challengers Bangalore,field,M.Chinnaswamy Stadium,Bengaluru,2019.0,2019,3,3,1,1,0,1,240,0,282,0,19,368,15,13,17,12,30,74,120.0,168,173
1175363,2019-03-29,Rajasthan Royals,Sunrisers Hyderabad,Rashid Khan,Rajasthan Royals,bat,Rajiv Gandhi International Stadium,Hyderabad,2019.0,2019,3,4,1,1,1,0,239,0,201,0,19,399,11,7,11,12,30,169,120.0,134,95
1175363,2019-03-29,Sunrisers Hyderabad,Rajasthan Royals,Rashid Khan,Rajasthan Royals,bat,Rajiv Gandhi International Stadium,Hyderabad,2019.0,2019,3,4,1,0,1,0,200,0,240,0,19,399,11,7,11,12,30,169,120.0,95,135
1175364,2019-03-30,Mumbai Indians,Kings XI Punjab,MA Agarwal,Kings XI Punjab,field,Punjab Cricket Association IS Bindra Stadium,Chandigarh,2019.0,2019,3,5,1,0,0,1,282,0,190,0,19,352,14,9,12,11,20,122,120.0,174,165
1175364,2019-03-30,Kings XI Punjab,Mumbai Indians,MA Agarwal,Kings XI Punjab,field,Punjab Cricket Association IS Bindra Stadium,Chandigarh,2019.0,2019,3,5,1,1,0,1,190,0,282,0,19,352,14,9,12,11,20,122,120.0,165,174
1175365,2019-03-30,Kolkata Knight Riders,Delhi Capitals,PP Shaw,Delhi Capitals,field,Arun Jaitley Stadium,Delhi,2019.0,2019,3,5,1,0,0,1,269,0,109,0,19,387,12,16,15,11,28,197,120.0,167,3
1175365,2019-03-30,Delhi Capitals,Kolkata Knight Riders,PP Shaw,Delhi Capitals,field,Arun Jaitley Stadium,Delhi,2019.0,2019,3,5,1,1,0,1,109,0,268,0,19,387,12,16,15,11,28,197,120.0,3,167
1175366,2019-03-31,Sunrisers Hyderabad,Royal Challengers Bangalore,JM Bairstow,Royal Challengers Bangalore,field,Rajiv Gandhi International Stadium,Hyderabad,2019.0,2019,3,6,1,0,0,1,200,0,239,0,19,344,10,12,15,12,30,169,120.0,96,168
1175366,2019-03-31,Royal Challengers Bangalore,Sunrisers Hyderabad,JM Bairstow,Royal Challengers Bangalore,field,Rajiv Gandhi International Stadium,Hyderabad,2019.0,2019,3,6,1,1,0,1,240,0,201,0,19,344,10,12,15,12,30,169,120.0,169,96
1175367,2019-03-31,Chennai Super Kings,Rajasthan Royals,MS Dhoni,Rajasthan Royals,field,MA Chidambaram Stadium,Chennai,2019.0,2019,3,6,1,0,0,1,256,0,240,0,19,341,13,13,16,12,18,188,120.0,150,136
1175367,2019-03-31,Rajasthan Royals,Chennai Super Kings,MS Dhoni,Rajasthan Royals,field,MA Chidambaram Stadium,Chennai,2019.0,2019,3,6,1,1,0,1,239,0,257,0,19,341,13,13,16,12,18,188,120.0,135,150
1175368,2019-04-01,Kings XI Punjab,Delhi Capitals,SM Curran,Delhi Capitals,field,Punjab Cricket Association IS Bindra Stadium,Chandigarh,2019.0,2019,4,0,2,0,0,1,190,0,109,0,19,318,20,19,21,12,20,122,120.0,166,4
1175368,2019-04-01,Delhi Capitals,Kings XI Punjab,SM Curran,Delhi Capitals,field,Punjab Cricket Association IS Bindra Stadium,Chandigarh,2019.0,2019,4,0,2,1,0,1,109,0,190,0,19,318,20,19,21,12,20,122,120.0,4,166
1175369,2019-04-02,Royal Challengers Bangalore,Rajasthan Royals,S Gopal,Rajasthan Royals,field,Sawai Mansingh Stadium,Jaipur,2019.0,2019,4,1,2,0,0,1,240,0,240,0,19,322,15,7,11,13,94,128,120.0,170,137
1175369,2019-04-02,Rajasthan Royals,Royal Challengers Bangalore,S Gopal,Rajasthan Royals,field,Sawai Mansingh Stadium,Jaipur,2019.0,2019,4,1,2,1,0,1,239,0,239,0,19,322,15,7,11,13,94,128,120.0,136,169
1175370,2019-04-03,Mumbai Indians,Chennai Super Kings,HH Pandya,Chennai Super Kings,field,Wankhede Stadium,Mumbai,2019.0,2019,4,2,2,0,0,1,282,0,257,0,19,303,20,13,17,12,146,366,120.0,175,151
1175370,2019-04-03,Chennai Super Kings,Mumbai Indians,HH Pandya,Chennai Super Kings,field,Wankhede Stadium,Mumbai,2019.0,2019,4,2,2,1,0,1,256,0,282,0,19,303,20,13,17,12,146,366,120.0,151,175
1175371,2019-04-04,Delhi Capitals,Sunrisers Hyderabad,JM Bairstow,Sunrisers Hyderabad,field,Arun Jaitley Stadium,Delhi,2019.0,2019,4,3,2,0,0,1,109,0,201,0,19,260,16,13,16,11,28,197,120.0,5,97
1175371,2019-04-04,Sunrisers Hyderabad,Delhi Capitals,JM Bairstow,Sunrisers Hyderabad,field,Arun Jaitley Stadium,Delhi,2019.0,2019,4,3,2,1,0,1,200,0,109,0,19,260,16,13,16,11,28,197,120.0,97,5
1175372,2019-04-05,Royal Challengers Bangalore,Kolkata Knight Riders,AD Russell,Kolkata Knight Riders,field,M.Chinnaswamy Stadium,Bengaluru,2019.0,2019,4,4,2,0,0,1,240,0,268,0,19,411,18,8,12,13,30,74,120.0,171,168
1175372,2019-04-05,Kolkata Knight Riders,Royal Challengers Bangalore,AD Russell,Kolkata Knight Riders,field,M.Chinnaswamy Stadium,Bengaluru,2019.0,2019,4,4,2,1,0,1,269,0,239,0,19,411,18,8,12,13,30,74,120.0,168,170
1178393,2019-04-06,Chennai Super Kings,Kings XI Punjab,Harbhajan Singh,Chennai Super Kings,bat,MA Chidambaram Stadium,Chennai,2019.0,2019,4,5,2,1,1,0,256,0,190,0,19,298,9,8,12,10,18,188,120.0,152,167
1178393,2019-04-06,Kings XI Punjab,Chennai Super Kings,Harbhajan Singh,Chennai Super Kings,bat,MA Chidambaram Stadium,Chennai,2019.0,2019,4,5,2,0,1,0,190,0,257,0,19,298,9,8,12,10,18,188,120.0,167,152
1178394,2019-04-06,Mumbai Indians,Sunrisers Hyderabad,AS Joseph,Sunrisers Hyderabad,field,Rajiv Gandhi International Stadium,Hyderabad,2019.0,2019,4,5,2,0,0,1,282,0,201,0,19,232,12,17,19,12,30,169,120.0,176,98
1178394,2019-04-06,Sunrisers Hyderabad,Mumbai Indians,AS Joseph,Sunrisers Hyderabad,field,Rajiv Gandhi International Stadium,Hyderabad,2019.0,2019,4,5,2,1,0,1,200,0,282,0,19,232,12,17,19,12,30,169,120.0,98,176
1178395,2019-04-07,Royal Challengers Bangalore,Delhi Capitals,K Rabada,Delhi Capitals,field,M.Chinnaswamy Stadium,Bengaluru,2019.0,2019,4,6,2,0,0,1,240,0,109,0,19,300,16,14,18,11,30,74,120.0,172,6
1178395,2019-04-07,Delhi Capitals,Royal Challengers Bangalore,K Rabada,Delhi Capitals,field,M.Chinnaswamy Stadium,Bengaluru,2019.0,2019,4,6,2,1,0,1,109,0,239,0,19,300,16,14,18,11,30,74,120.0,6,171
1178396,2019-04-07,Rajasthan Royals,Kolkata Knight Riders,HF Gurney,Kolkata Knight Riders,field,Sawai Mansingh Stadium,Jaipur,2019.0,2019,4,6,2,0,0,1,239,0,268,0,19,277,20,5,9,11,94,128,120.0,137,169
1178396,2019-04-07,Kolkata Knight Riders,Rajasthan Royals,HF Gurney,Kolkata Knight Riders,field,Sawai Mansingh Stadium,Jaipur,2019.0,2019,4,6,2,1,0,1,269,0,240,0,19,277,20,5,9,11,94,128,120.0,169,138
1178397,2019-04-08,Sunrisers Hyderabad,Kings XI Punjab,KL Rahul,Kings XI Punjab,field,Punjab Cricket Association IS Bindra Stadium,Chandigarh,2019.0,2019,4,0,2,0,0,1,200,0,190,0,19,301,9,8,12,10,20,122,120.0,99,168
1178397,2019-04-08,Kings XI Punjab,Sunrisers Hyderabad,KL Rahul,Kings XI Punjab,field,Punjab Cricket Association IS Bindra Stadium,Chandigarh,2019.0,2019,4,0,2,1,0,1,190,0,201,0,19,301,9,8,12,10,20,122,120.0,168,99
1178398,2019-04-09,Kolkata Knight Riders,Chennai Super Kings,DL Chahar,Chennai Super Kings,field,MA Chidambaram Stadium,Chennai,2019.0,2019,4,1,2,0,0,1,269,0,257,0,19,219,12,12,16,10,18,188,120.0,170,153
1178398,2019-04-09,Chennai Super Kings,Kolkata Knight Riders,DL Chahar,Chennai Super Kings,field,MA Chidambaram Stadium,Chennai,2019.0,2019,4,1,2,1,0,1,256,0,268,0,19,219,12,12,16,10,18,188,120.0,153,170
1178399,2019-04-10,Kings XI Punjab,Mumbai Indians,KA Pollard,Mumbai Indians,field,Wankhede Stadium,Mumbai,2019.0,2019,4,2,2,0,0,1,190,0,282,0,19,395,19,11,15,11,146,366,120.0,169,177
1178399,2019-04-10,Mumbai Indians,Kings XI Punjab,KA Pollard,Mumbai Indians,field,Wankhede Stadium,Mumbai,2019.0,2019,4,2,2,1,0,1,282,0,190,0,19,395,19,11,15,11,146,366,120.0,177,169
1178400,2019-04-11,Rajasthan Royals,Chennai Super Kings,MS Dhoni,Chennai Super Kings,field,Sawai Mansingh Stadium,Jaipur,2019.0,2019,4,3,2,0,0,1,239,0,257,0,19,306,16,13,17,11,94,128,120.0,138,154
1178400,2019-04-11,Chennai Super Kings,Rajasthan Royals,MS Dhoni,Chennai Super Kings,field,Sawai Mansingh Stadium,Jaipur,2019.0,2019,4,3,2,1,0,1,256,0,240,0,19,306,16,13,17,11,94,128,120.0,154,139
1178401,2019-04-12,Kolkata Knight Riders,Delhi Capitals,S Dhawan,Delhi Capitals,field,Eden Gardens,Kolkata,2019.0,2019,4,4,2,0,0,1,269,0,109,0,19,358,8,10,14,12,154,205,120.0,171,7
1178401,2019-04-12,Delhi Capitals,Kolkata Knight Riders,S Dhawan,Delhi Capitals,field,Eden Gardens,Kolkata,2019.0,2019,4,4,2,1,0,1,109,0,268,0,19,358,8,10,14,12,154,205,120.0,7,171
1178402,2019-04-13,Mumbai Indians,Rajasthan Royals,JC Buttler,Rajasthan Royals,field,Wankhede Stadium,Mumbai,2019.0,2019,4,5,2,0,0,1,282,0,240,0,19,374,7,11,14,12,146,366,120.0,178,140
1178402,2019-04-13,Rajasthan Royals,Mumbai Indians,JC Buttler,Rajasthan Royals,field,Wankhede Stadium,Mumbai,2019.0,2019,4,5,2,1,0,1,239,0,282,0,19,374,7,11,14,12,146,366,120.0,139,178
1178403,2019-04-13,Kings XI Punjab,Royal Challengers Bangalore,AB de Villiers,Royal Challengers Bangalore,field,Punjab Cricket Association IS Bindra Stadium,Chandigarh,2019.0,2019,4,5,2,0,0,1,190,0,239,0,19,347,8,6,10,11,20,122,120.0,170,172
1178403,2019-04-13,Royal Challengers Bangalore,Kings XI Punjab,AB de Villiers,Royal Challengers Bangalore,field,Punjab Cricket Association IS Bindra Stadium,Chandigarh,2019.0,2019,4,5,2,1,0,1,240,0,190,0,19,347,8,6,10,11,20,122,120.0,173,170
1178404,2019-04-14,Kolkata Knight Riders,Chennai Super Kings,Imran Tahir,Chennai Super Kings,field,Eden Gardens,Kolkata,2019.0,2019,4,6,2,0,0,1,269,0,257,0,19,323,11,13,15,11,154,205,120.0,172,155
1178404,2019-04-14,Chennai Super Kings,Kolkata Knight Riders,Imran Tahir,Chennai Super Kings,field,Eden Gardens,Kolkata,2019.0,2019,4,6,2,1,0,1,256,0,268,0,19,323,11,13,15,11,154,205,120.0,155,172
1178405,2019-04-14,Delhi Capitals,Sunrisers Hyderabad,KMA Paul,Sunrisers Hyderabad,field,Rajiv Gandhi International Stadium,Hyderabad,2019.0,2019,4,6,2,0,0,1,109,0,201,0,19,271,14,17,20,13,30,169,120.0,8,100
1178405,2019-04-14,Sunrisers Hyderabad,Delhi Capitals,KMA Paul,Sunrisers Hyderabad,field,Rajiv Gandhi International Stadium,Hyderabad,2019.0,2019,4,6,2,1,0,1,200,0,109,0,19,271,14,17,20,13,30,169,120.0,100,8
1178406,2019-04-15,Royal Challengers Bangalore,Mumbai Indians,SL Malinga,Mumbai Indians,field,Wankhede Stadium,Mumbai,2019.0,2019,4,0,2,0,0,1,240,0,282,0,19,343,14,12,14,12,146,366,120.0,174,179
1178406,2019-04-15,Mumbai Indians,Royal Challengers Bangalore,SL Malinga,Mumbai Indians,field,Wankhede Stadium,Mumbai,2019.0,2019,4,0,2,1,0,1,282,0,239,0,19,343,14,12,14,12,146,366,120.0,179,173
1178407,2019-04-16,Kings XI Punjab,Rajasthan Royals,R Ashwin,Rajasthan Royals,field,Punjab Cricket Association IS Bindra Stadium,Chandigarh,2019.0,2019,4,1,2,0,0,1,190,0,240,0,19,352,22,13,16,11,20,122,120.0,171,141
1178407,2019-04-16,Rajasthan Royals,Kings XI Punjab,R Ashwin,Rajasthan Royals,field,Punjab Cricket Association IS Bindra Stadium,Chandigarh,2019.0,2019,4,1,2,1,0,1,239,0,190,0,19,352,22,13,16,11,20,122,120.0,140,171
1178408,2019-04-17,Chennai Super Kings,Sunrisers Hyderabad,DA Warner,Chennai Super Kings,bat,Rajiv Gandhi International Stadium,Hyderabad,2019.0,2019,4,2,2,1,1,0,256,0,201,0,19,269,10,9,12,11,30,169,120.0,156,101
1178408,2019-04-17,Sunrisers Hyderabad,Chennai Super Kings,DA Warner,Chennai Super Kings,bat,Rajiv Gandhi International Stadium,Hyderabad,2019.0,2019,4,2,2,0,1,0,200,0,257,0,19,269,10,9,12,11,30,169,120.0,101,156
1178409,2019-04-18,Mumbai Indians,Delhi Capitals,HH Pandya,Mumbai Indians,bat,Arun Jaitley Stadium,Delhi,2019.0,2019,4,3,2,1,1,0,282,0,109,0,19,296,14,14,15,12,28,197,120.0,180,9
1178409,2019-04-18,Delhi Capitals,Mumbai Indians,HH Pandya,Mumbai Indians,bat,Arun Jaitley Stadium,Delhi,2019.0,2019,4,3,2,0,1,0,109,0,282,0,19,296,14,14,15,12,28,197,120.0,9,180
1178410,2019-04-19,Royal Challengers Bangalore,Kolkata Knight Riders,V Kohli,Kolkata Knight Riders,field,Eden Gardens,Kolkata,2019.0,2019,4,4,2,0,0,1,240,0,268,0,19,415,21,9,11,12,154,205,120.0,175,173
1178410,2019-04-19,Kolkata Knight Riders,Royal Challengers Bangalore,V Kohli,Kolkata Knight Riders,field,Eden Gardens,Kolkata,2019.0,2019,4,4,2,1,0,1,269,0,239,0,19,415,21,9,11,12,154,205,120.0,173,174
1178411,2019-04-20,Mumbai Indians,Rajasthan Royals,SPD Smith,Rajasthan Royals,field,Sawai Mansingh Stadium,Jaipur,2019.0,2019,4,5,2,0,0,1,282,0,240,0,19,323,15,10,14,12,94,128,120.0,181,142
1178411,2019-04-20,Rajasthan Royals,Mumbai Indians,SPD Smith,Rajasthan Royals,field,Sawai Mansingh Stadium,Jaipur,2019.0,2019,4,5,2,1,0,1,239,0,282,0,19,323,15,10,14,12,94,128,120.0,141,181
1178412,2019-04-20,Kings XI Punjab,Delhi Capitals,SS Iyer,Delhi Capitals,field,Arun Jaitley Stadium,Delhi,2019.0,2019,4,5,2,0,0,1,190,0,109,0,19,328,15,12,16,12,28,197,120.0,172,10
1178412,2019-04-20,Delhi Capitals,Kings XI Punjab,SS Iyer,Delhi Capitals,field,Arun Jaitley Stadium,Delhi,2019.0,2019,4,5,2,1,0,1,109,0,190,0,19,328,15,12,16,12,28,197,120.0,10,172
1178413,2019-04-21,Kolkata Knight Riders,Sunrisers Hyderabad,KK Ahmed,Sunrisers Hyderabad,field,Rajiv Gandhi International Stadium,Hyderabad,2019.0,2019,4,6,2,0,0,1,269,0,201,0,19,319,10,9,13,11,30,169,120.0,174,102
1178413,2019-04-21,Sunrisers Hyderabad,Kolkata Knight Riders,KK Ahmed,Sunrisers Hyderabad,field,Rajiv Gandhi International Stadium,Hyderabad,2019.0,2019,4,6,2,1,0,1,200,0,268,0,19,319,10,9,13,11,30,169,120.0,102,174
1178414,2019-04-21,Royal Challengers Bangalore,Chennai Super Kings,PA Patel,Chennai Super Kings,field,M.Chinnaswamy Stadium,Bengaluru,2019.0,2019,4,6,2,0,0,1,240,0,257,0,19,320,15,15,16,11,30,74,120.0,176,157
1178414,2019-04-21,Chennai Super Kings,Royal Challengers Bangalore,PA Patel,Chennai Super Kings,field,M.Chinnaswamy Stadium,Bengaluru,2019.0,2019,4,6,2,1,0,1,256,0,239,0,19,320,15,15,16,11,30,74,120.0,157,175
1178415,2019-04-22,Rajasthan Royals,Delhi Capitals,RR Pant,Delhi Capitals,field,Sawai Mansingh Stadium,Jaipur,2019.0,2019,4,0,2,0,0,1,239,0,109,0,19,384,6,10,12,12,94,128,120.0,142,11
1178415,2019-04-22,Delhi Capitals,Rajasthan Royals,RR Pant,Delhi Capitals,field,Sawai Mansingh Stadium,Jaipur,2019.0,2019,4,0,2,1,0,1,109,0,240,0,19,384,6,10,12,12,94,128,120.0,11,143
1178416,2019-04-23,Sunrisers Hyderabad,Chennai Super Kings,SR Watson,Chennai Super Kings,field,MA Chidambaram Stadium,Chennai,2019.0,2019,4,1,2,0,0,1,200,0,257,0,19,351,13,7,10,10,18,188,120.0,103,158
1178416,2019-04-23,Chennai Super Kings,Sunrisers Hyderabad,SR Watson,Chennai Super Kings,field,MA Chidambaram Stadium,Chennai,2019.0,2019,4,1,2,1,0,1,256,0,201,0,19,351,13,7,10,10,18,188,120.0,158,103
1178417,2019-04-24,Royal Challengers Bangalore,Kings XI Punjab,AB de Villiers,Kings XI Punjab,field,M.Chinnaswamy Stadium,Bengaluru,2019.0,2019,4,2,2,0,0,1,240,0,190,0,19,384,12,11,15,12,30,74,120.0,177,173
1178417,2019-04-24,Kings XI Punjab,Royal Challengers Bangalore,AB de Villiers,Kings XI Punjab,field,M.Chinnaswamy Stadium,Bengaluru,2019.0,2019,4,2,2,1,0,1,190,0,239,0,19,384,12,11,15,12,30,74,120.0,173,176
1178418,2019-04-25,Kolkata Knight Riders,Rajasthan Royals,VR Aaron,Rajasthan Royals,field,Eden Gardens,Kolkata,2019.0,2019,4,3,2,0,0,1,269,0,240,0,19,351,14,13,17,13,154,205,120.0,175,144
1178418,2019-04-25,Rajasthan Royals,Kolkata Knight Riders,VR Aaron,Rajasthan Royals,field,Eden Gardens,Kolkata,2019.0,2019,4,3,2,1,0,1,239,0,268,0,19,351,14,13,17,13,154,205,120.0,143,175
1178419,2019-04-26,Mumbai Indians,Chennai Super Kings,RG Sharma,Chennai Super Kings,field,MA Chidambaram Stadium,Chennai,2019.0,2019,4,4,2,0,0,1,282,0,257,0,19,264,11,14,16,11,18,188,120.0,182,159
1178419,2019-04-26,Chennai Super Kings,Mumbai Indians,RG Sharma,Chennai Super Kings,field,MA Chidambaram Stadium,Chennai,2019.0,2019,4,4,2,1,0,1,256,0,282,0,19,264,11,14,16,11,18,188,120.0,159,182
1178420,2019-04-27,Sunrisers Hyderabad,Rajasthan Royals,JD Unadkat,Rajasthan Royals,field,Sawai Mansingh Stadium,Jaipur,2019.0,2019,4,5,2,0,0,1,200,0,240,0,19,321,14,11,14,11,94,128,120.0,104,145
1178420,2019-04-27,Rajasthan Royals,Sunrisers Hyderabad,JD Unadkat,Rajasthan Royals,field,Sawai Mansingh Stadium,Jaipur,2019.0,2019,4,5,2,1,0,1,239,0,201,0,19,321,14,11,14,11,94,128,120.0,144,104
1178421,2019-04-28,Delhi Capitals,Royal Challengers Bangalore,S Dhawan,Delhi Capitals,bat,Arun Jaitley Stadium,Delhi,2019.0,2019,4,6,2,1,1,0,109,0,239,0,19,358,10,12,15,12,28,197,120.0,12,177
1178421,2019-04-28,Royal Challengers Bangalore,Delhi Capitals,S Dhawan,Delhi Capitals,bat,Arun Jaitley Stadium,Delhi,2019.0,2019,4,6,2,0,1,0,240,0,109,0,19,358,10,12,15,12,28,197,120.0,178,12
1178422,2019-04-28,Kolkata Knight Riders,Mumbai Indians,AD Russell,Mumbai Indians,field,Eden Gardens,Kolkata,2019.0,2019,4,6,2,0,0,1,269,0,282,0,19,430,13,9,13,11,154,205,120.0,176,183
1178422,2019-04-28,Mumbai Indians,Kolkata Knight Riders,AD Russell,Mumbai Indians,field,Eden Gardens,Kolkata,2019.0,2019,4,6,2,1,0,1,282,0,268,0,19,430,13,9,13,11,154,205,120.0,183,176
1178423,2019-04-29,Sunrisers Hyderabad,Kings XI Punjab,DA Warner,Kings XI Punjab,field,Rajiv Gandhi International Stadium,Hyderabad,2019.0,2019,4,0,2,0,0,1,200,0,190,0,19,377,25,14,18,11,30,169,120.0,105,174
1178423,2019-04-29,Kings XI Punjab,Sunrisers Hyderabad,DA Warner,Kings XI Punjab,field,Rajiv Gandhi International Stadium,Hyderabad,2019.0,2019,4,0,2,1,0,1,190,0,201,0,19,377,25,14,18,11,30,169,120.0,174,105
1178424,2019-04-30,Royal Challengers Bangalore,Rajasthan Royals,Unknown,Rajasthan Royals,field,M.Chinnaswamy Stadium,Bengaluru,2019.0,2019,4,1,2,0,0,1,240,0,240,0,4,103,5,8,10,9,30,74,120.0,179,146
1178424,2019-04-30,Rajasthan Royals,Royal Challengers Bangalore,Unknown,Rajasthan Royals,field,M.Chinnaswamy Stadium,Bengaluru,2019.0,2019,4,1,2,1,0,1,239,0,239,0,4,103,5,8,10,9,30,74,120.0,145,178
1178425,2019-05-01,Chennai Super Kings,Delhi Capitals,MS Dhoni,Delhi Capitals,field,MA Chidambaram Stadium,Chennai,2019.0,2019,5,2,2,0,0,1,256,0,109,0,19,278,7,14,17,11,18,188,120.0,160,13
1178425,2019-05-01,Delhi Capitals,Chennai Super Kings,MS Dhoni,Delhi Capitals,field,MA Chidambaram Stadium,Chennai,2019.0,2019,5,2,2,1,0,1,109,0,257,0,19,278,7,14,17,11,18,188,120.0,13,160
1178426,2019-05-02,Mumbai Indians,Sunrisers Hyderabad,JJ Bumrah,Mumbai Indians,bat,Wankhede Stadium,Mumbai,2019.0,2019,5,3,2,1,1,0,282,0,201,0,19,341,11,13,14,11,146,366,120.0,184,106
1178426,2019-05-02,Sunrisers Hyderabad,Mumbai Indians,JJ Bumrah,Mumbai Indians,bat,Wankhede Stadium,Mumbai,2019.0,2019,5,3,2,0,1,0,200,0,282,0,19,341,11,13,14,11,146,366,120.0,106,184
1178427,2019-05-03,Kings XI Punjab,Kolkata Knight Riders,Shubman Gill,Kolkata Knight Riders,field,Punjab Cricket Association IS Bindra Stadium,Chandigarh,2019.0,2019,5,4,2,0,0,1,190,0,268,0,19,368,10,9,13,12,20,122,120.0,175,177
1178427,2019-05-03,Kolkata Knight Riders,Kings XI Punjab,Shubman Gill,Kolkata Knight Riders,field,Punjab Cricket Association IS Bindra Stadium,Chandigarh,2019.0,2019,5,4,2,1,0,1,269,0,190,0,19,368,10,9,13,12,20,122,120.0,177,175
1178428,2019-05-04,Rajasthan Royals,Delhi Capitals,A Mishra,Rajasthan Royals,bat,Arun Jaitley Stadium,Delhi,2019.0,2019,5,5,2,1,1,0,239,0,109,0,19,236,14,14,17,13,28,197,120.0,146,14
1178428,2019-05-04,Delhi Capitals,Rajasthan Royals,A Mishra,Rajasthan Royals,bat,Arun Jaitley Stadium,Delhi,2019.0,2019,5,5,2,0,1,0,109,0,240,0,19,236,14,14,17,13,28,197,120.0,14,147
1178429,2019-05-04,Sunrisers Hyderabad,Royal Challengers Bangalore,SO Hetmyer,Royal Challengers Bangalore,field,M.Chinnaswamy Stadium,Bengaluru,2019.0,2019,5,5,2,0,0,1,200,0,239,0,19,353,13,13,17,12,30,74,120.0,107,179
1178429,2019-05-04,Royal Challengers Bangalore,Sunrisers Hyderabad,SO Hetmyer,Royal Challengers Bangalore,field,M.Chinnaswamy Stadium,Bengaluru,2019.0,2019,5,5,2,1,0,1,240,0,201,0,19,353,13,13,17,12,30,74,120.0,180,107
1178430,2019-05-05,Chennai Super Kings,Kings XI Punjab,KL Rahul,Kings XI Punjab,field,Punjab Cricket Association IS Bindra Stadium,Chandigarh,2019.0,2019,5,6,2,0,0,1,256,0,190,0,19,342,15,9,13,11,20,122,120.0,161,176
1178430,2019-05-05,Kings XI Punjab,Chennai Super Kings,KL Rahul,Kings XI Punjab,field,Punjab Cricket Association IS Bindra Stadium,Chandigarh,2019.0,2019,5,6,2,1,0,1,190,0,257,0,19,342,15,9,13,11,20,122,120.0,176,161
1178431,2019-05-05,Kolkata Knight Riders,Mumbai Indians,HH Pandya,Mumbai Indians,field,Wankhede Stadium,Mumbai,2019.0,2019,5,6,2,0,0,1,269,0,282,0,19,266,12,8,10,11,146,366,120.0,178,185
1178431,2019-05-05,Mumbai Indians,Kolkata Knight Riders,HH Pandya,Mumbai Indians,field,Wankhede Stadium,Mumbai,2019.0,2019,5,6,2,1,0,1,282,0,268,0,19,266,12,8,10,11,146,366,120.0,185,178
1181764,2019-05-07,Chennai Super Kings,Mumbai Indians,SA Yadav,Chennai Super Kings,bat,MA Chidambaram Stadium,Chennai,2019.0,2019,5,1,2,1,1,0,256,0,282,0,19,263,13,8,12,11,18,188,120.0,162,186
1181764,2019-05-07,Mumbai Indians,Chennai Super Kings,SA Yadav,Chennai Super Kings,bat,MA Chidambaram Stadium,Chennai,2019.0,2019,5,1,2,0,1,0,282,0,257,0,19,263,13,8,12,11,18,188,120.0,186,162
1181766,2019-05-08,Sunrisers Hyderabad,Delhi Capitals,RR Pant,Delhi Capitals,field,Dr. Y.S. Rajasekhara Reddy ACA-VDCA Cricket Stadium,Visakhapatnam,2019.0,2019,5,2,2,0,0,1,200,0,109,0,19,326,15,16,18,12,26,34,120.0,108,15
1181766,2019-05-08,Delhi Capitals,Sunrisers Hyderabad,RR Pant,Delhi Capitals,field,Dr. Y.S. Rajasekhara Reddy ACA-VDCA Cricket Stadium,Visakhapatnam,2019.0,2019,5,2,2,1,0,1,109,0,201,0,19,326,15,16,18,12,26,34,120.0,15,108
1181767,2019-05-10,Delhi Capitals,Chennai Super Kings,F du Plessis,Chennai Super Kings,field,Dr. Y.S. Rajasekhara Reddy ACA-VDCA Cricket Stadium,Visakhapatnam,2019.0,2019,5,4,2,0,0,1,109,0,257,0,19,298,19,13,17,11,26,34,120.0,16,163
1181767,2019-05-10,Chennai Super Kings,Delhi Capitals,F du Plessis,Chennai Super Kings,field,Dr. Y.S. Rajasekhara Reddy ACA-VDCA Cricket Stadium,Visakhapatnam,2019.0,2019,5,4,2,1,0,1,256,0,109,0,19,298,19,13,17,11,26,34,120.0,163,16
1181768,2019-05-12,Mumbai Indians,Chennai Super Kings,JJ Bumrah,Mumbai Indians,bat,Rajiv Gandhi International Stadium,Hyderabad,2019.0,2019,5,6,2,1,1,0,282,0,257,0,19,297,12,15,17,12,30,169,120.0,187,164
1181768,2019-05-12,Chennai Super Kings,Mumbai Indians,JJ Bumrah,Mumbai Indians,bat,Rajiv Gandhi International Stadium,Hyderabad,2019.0,2019,5,6,2,0,1,0,256,0,282,0,19,297,12,15,17,12,30,169,120.0,164,187
1216492,2020-09-19,Mumbai Indians,Chennai Super Kings,AT Rayudu,Chennai Super Kings,field,Sheikh Zayed Stadium,Abu Dhabi,0.0,2020,9,5,3,0,0,1,282,0,257,0,19,328,9,14,18,10,58,74,0.0,188,165
1216492,2020-09-19,Chennai Super Kings,Mumbai Indians,AT Rayudu,Chennai Super Kings,field,Sheikh Zayed Stadium,Abu Dhabi,0.0,2020,9,5,3,1,0,1,256,0,282,0,19,328,9,14,18,10,58,74,0.0,165,188
1216493,2020-09-20,Delhi Capitals,Kings XI Punjab,MP Stoinis,Kings XI Punjab,field,Dubai International Cricket Stadium,Unknown,0.0,2020,9,6,3,0,0,1,109,0,190,0,19,318,17,18,17,11,92,102,0.0,17,177
1216493,2020-09-20,Kings XI Punjab,Delhi Capitals,MP Stoinis,Kings XI Punjab,field,Dubai International Cricket Stadium,Unknown,0.0,2020,9,6,3,1,0,1,190,0,109,0,19,318,17,18,17,11,92,102,0.0,177,17
1216534,2020-09-21,Royal Challengers Bangalore,Sunrisers Hyderabad,YS Chahal,Sunrisers Hyderabad,field,Dubai International Cricket Stadium,Unknown,0.0,2020,9,0,3,0,0,1,240,0,201,0,19,315,19,15,17,13,92,102,0.0,181,109
1216534,2020-09-21,Sunrisers Hyderabad,Royal Challengers Bangalore,YS Chahal,Sunrisers Hyderabad,field,Dubai International Cricket Stadium,Unknown,0.0,2020,9,0,3,1,0,1,200,0,239,0,19,315,19,15,17,13,92,102,0.0,109,180
1216496,2020-09-22,Rajasthan Royals,Chennai Super Kings,SV Samson,Chennai Super Kings,field,Sharjah Cricket Stadium,Unknown,0.0,2020,9,1,3,0,0,1,239,0,257,0,19,409,13,13,16,10,56,102,0.0,147,166
1216496,2020-09-22,Chennai Super Kings,Rajasthan Royals,SV Samson,Chennai Super Kings,field,Sharjah Cricket Stadium,Unknown,0.0,2020,9,1,3,1,0,1,256,0,240,0,19,409,13,13,16,10,56,102,0.0,166,148
1216508,2020-09-23,Mumbai Indians,Kolkata Knight Riders,RG Sharma,Kolkata Knight Riders,field,Sheikh Zayed Stadium,Abu Dhabi,0.0,2020,9,2,3,0,0,1,282,0,268,0,19,341,19,14,17,12,58,74,0.0,189,179
1216508,2020-09-23,Kolkata Knight Riders,Mumbai Indians,RG Sharma,Kolkata Knight Riders,field,Sheikh Zayed Stadium,Abu Dhabi,0.0,2020,9,2,3,1,0,1,269,0,282,0,19,341,19,14,17,12,58,74,0.0,179,189
1216510,2020-09-24,Kings XI Punjab,Royal Challengers Bangalore,KL Rahul,Royal Challengers Bangalore,field,Dubai International Cricket Stadium,Unknown,0.0,2020,9,3,3,0,0,1,190,0,239,0,19,315,20,13,16,12,92,102,0.0,178,181
1216510,2020-09-24,Royal Challengers Bangalore,Kings XI Punjab,KL Rahul,Royal Challengers Bangalore,field,Dubai International Cricket Stadium,Unknown,0.0,2020,9,3,3,1,0,1,240,0,190,0,19,315,20,13,16,12,92,102,0.0,182,178
1216539,2020-09-25,Delhi Capitals,Chennai Super Kings,PP Shaw,Chennai Super Kings,field,Dubai International Cricket Stadium,Unknown,0.0,2020,9,4,3,0,0,1,109,0,257,0,19,305,12,10,13,10,92,102,0.0,18,167
1216539,2020-09-25,Chennai Super Kings,Delhi Capitals,PP Shaw,Chennai Super Kings,field,Dubai International Cricket Stadium,Unknown,0.0,2020,9,4,3,1,0,1,256,0,109,0,19,305,12,10,13,10,92,102,0.0,167,18
1216545,2020-09-26,Sunrisers Hyderabad,Kolkata Knight Riders,Shubman Gill,Sunrisers Hyderabad,bat,Sheikh Zayed Stadium,Abu Dhabi,0.0,2020,9,5,3,1,1,0,200,0,268,0,19,287,14,7,11,13,58,74,0.0,110,180
1216545,2020-09-26,Kolkata Knight Riders,Sunrisers Hyderabad,Shubman Gill,Sunrisers Hyderabad,bat,Sheikh Zayed Stadium,Abu Dhabi,0.0,2020,9,5,3,0,1,0,269,0,201,0,19,287,14,7,11,13,58,74,0.0,180,110
1216527,2020-09-27,Kings XI Punjab,Rajasthan Royals,SV Samson,Rajasthan Royals,field,Sharjah Cricket Stadium,Unknown,0.0,2020,9,6,3,0,0,1,190,0,240,0,19,448,17,8,12,12,56,102,0.0,179,149
1216527,2020-09-27,Rajasthan Royals,Kings XI Punjab,SV Samson,Rajasthan Royals,field,Sharjah Cricket Stadium,Unknown,0.0,2020,9,6,3,1,0,1,239,0,190,0,19,448,17,8,12,12,56,102,0.0,148,179
1216547,2020-09-28,Royal Challengers Bangalore,Mumbai Indians,AB de Villiers,Mumbai Indians,field,Dubai International Cricket Stadium,Unknown,0.0,2020,9,0,3,0,0,1,240,0,282,0,19,419,15,9,11,11,92,102,0.0,183,190
1216547,2020-09-28,Mumbai Indians,Royal Challengers Bangalore,AB de Villiers,Mumbai Indians,field,Dubai International Cricket Stadium,Unknown,0.0,2020,9,0,3,1,0,1,282,0,239,0,19,419,15,9,11,11,92,102,0.0,190,182
1216532,2020-09-29,Sunrisers Hyderabad,Delhi Capitals,Rashid Khan,Delhi Capitals,field,Sheikh Zayed Stadium,Abu Dhabi,0.0,2020,9,1,3,0,0,1,200,0,109,0,19,309,18,11,15,11,58,74,0.0,111,19
1216532,2020-09-29,Delhi Capitals,Sunrisers Hyderabad,Rashid Khan,Delhi Capitals,field,Sheikh Zayed Stadium,Abu Dhabi,0.0,2020,9,1,3,1,0,1,109,0,201,0,19,309,18,11,15,11,58,74,0.0,19,111
1216504,2020-09-30,Kolkata Knight Riders,Rajasthan Royals,Shivam Mavi,Rajasthan Royals,field,Dubai International Cricket Stadium,Unknown,0.0,2020,9,2,3,0,0,1,269,0,240,0,19,307,14,15,19,13,92,102,0.0,181,150
1216504,2020-09-30,Rajasthan Royals,Kolkata Knight Riders,Shivam Mavi,Rajasthan Royals,field,Dubai International Cricket Stadium,Unknown,0.0,2020,9,2,3,1,0,1,239,0,268,0,19,307,14,15,19,13,92,102,0.0,149,181
1216503,2020-10-01,Mumbai Indians,Kings XI Punjab,KA Pollard,Kings XI Punjab,field,Sheikh Zayed Stadium,Abu Dhabi,0.0,2020,10,3,4,0,0,1,282,0,190,0,19,333,12,12,16,10,58,74,0.0,191,180
1216503,2020-10-01,Kings XI Punjab,Mumbai Indians,KA Pollard,Kings XI Punjab,field,Sheikh Zayed Stadium,Abu Dhabi,0.0,2020,10,3,4,1,0,1,190,0,282,0,19,333,12,12,16,10,58,74,0.0,180,191
1216516,2020-10-02,Sunrisers Hyderabad,Chennai Super Kings,PK Garg,Sunrisers Hyderabad,bat,Dubai International Cricket Stadium,Unknown,0.0,2020,10,4,4,1,1,0,200,0,257,0,19,321,19,10,14,12,92,102,0.0,112,168
1216516,2020-10-02,Chennai Super Kings,Sunrisers Hyderabad,PK Garg,Sunrisers Hyderabad,bat,Dubai International Cricket Stadium,Unknown,0.0,2020,10,4,4,0,1,0,256,0,201,0,19,321,19,10,14,12,92,102,0.0,168,112
1216514,2020-10-03,Rajasthan Royals,Royal Challengers Bangalore,YS Chahal,Rajasthan Royals,bat,Sheikh Zayed Stadium,Abu Dhabi,0.0,2020,10,5,4,1,1,0,239,0,239,0,19,312,6,8,12,12,58,74,0.0,150,183
1216514,2020-10-03,Royal Challengers Bangalore,Rajasthan Royals,YS Chahal,Rajasthan Royals,bat,Sheikh Zayed Stadium,Abu Dhabi,0.0,2020,10,5,4,0,1,0,240,0,240,0,19,312,6,8,12,12,58,74,0.0,184,151
1216515,2020-10-03,Delhi Capitals,Kolkata Knight Riders,SS Iyer,Kolkata Knight Riders,field,Sharjah Cricket Stadium,Unknown,0.0,2020,10,5,4,0,0,1,109,0,268,0,19,437,14,12,16,12,56,102,0.0,20,182
1216515,2020-10-03,Kolkata Knight Riders,Delhi Capitals,SS Iyer,Kolkata Knight Riders,field,Sharjah Cricket Stadium,Unknown,0.0,2020,10,5,4,1,0,1,269,0,109,0,19,437,14,12,16,12,56,102,0.0,182,20
1216513,2020-10-04,Kings XI Punjab,Chennai Super Kings,SR Watson,Kings XI Punjab,bat,Dubai International Cricket Stadium,Unknown,0.0,2020,10,6,4,1,1,0,190,0,257,0,19,358,14,4,8,11,92,102,0.0,181,169
1216513,2020-10-04,Chennai Super Kings,Kings XI Punjab,SR Watson,Kings XI Punjab,bat,Dubai International Cricket Stadium,Unknown,0.0,2020,10,6,4,0,1,0,256,0,190,0,19,358,14,4,8,11,92,102,0.0,169,181
1216538,2020-10-04,Mumbai Indians,Sunrisers Hyderabad,TA Boult,Mumbai Indians,bat,Sharjah Cricket Stadium,Unknown,0.0,2020,10,6,4,1,1,0,282,0,201,0,19,381,18,12,16,12,56,102,0.0,192,113
1216538,2020-10-04,Sunrisers Hyderabad,Mumbai Indians,TA Boult,Mumbai Indians,bat,Sharjah Cricket Stadium,Unknown,0.0,2020,10,6,4,0,1,0,200,0,282,0,19,381,18,12,16,12,56,102,0.0,113,192
1216519,2020-10-05,Delhi Capitals,Royal Challengers Bangalore,AR Patel,Royal Challengers Bangalore,field,Dubai International Cricket Stadium,Unknown,0.0,2020,10,0,4,0,0,1,109,0,239,0,19,332,20,13,17,11,92,102,0.0,21,184
1216519,2020-10-05,Royal Challengers Bangalore,Delhi Capitals,AR Patel,Royal Challengers Bangalore,field,Dubai International Cricket Stadium,Unknown,0.0,2020,10,0,4,1,0,1,240,0,109,0,19,332,20,13,17,11,92,102,0.0,185,21
1216511,2020-10-06,Mumbai Indians,Rajasthan Royals,SA Yadav,Mumbai Indians,bat,Sheikh Zayed Stadium,Abu Dhabi,0.0,2020,10,1,4,1,1,0,282,0,240,0,19,329,16,14,16,12,58,74,0.0,193,152
1216511,2020-10-06,Rajasthan Royals,Mumbai Indians,SA Yadav,Mumbai Indians,bat,Sheikh Zayed Stadium,Abu Dhabi,0.0,2020,10,1,4,0,1,0,239,0,282,0,19,329,16,14,16,12,58,74,0.0,151,193
1216501,2020-10-07,Kolkata Knight Riders,Chennai Super Kings,RA Tripathi,Kolkata Knight Riders,bat,Sheikh Zayed Stadium,Abu Dhabi,0.0,2020,10,2,4,1,1,0,269,0,257,0,19,324,14,15,18,11,58,74,0.0,183,170
1216501,2020-10-07,Chennai Super Kings,Kolkata Knight Riders,RA Tripathi,Kolkata Knight Riders,bat,Sheikh Zayed Stadium,Abu Dhabi,0.0,2020,10,2,4,0,1,0,256,0,268,0,19,324,14,15,18,11,58,74,0.0,170,183
1216542,2020-10-08,Sunrisers Hyderabad,Kings XI Punjab,JM Bairstow,Sunrisers Hyderabad,bat,Dubai International Cricket Stadium,Unknown,0.0,2020,10,3,4,1,1,0,200,0,190,0,19,333,15,16,18,12,92,102,0.0,114,182
1216542,2020-10-08,Kings XI Punjab,Sunrisers Hyderabad,JM Bairstow,Sunrisers Hyderabad,bat,Dubai International Cricket Stadium,Unknown,0.0,2020,10,3,4,0,1,0,190,0,201,0,19,333,15,16,18,12,92,102,0.0,182,114
1216500,2020-10-09,Delhi Capitals,Rajasthan Royals,R Ashwin,Rajasthan Royals,field,Sharjah Cricket Stadium,Unknown,0.0,2020,10,4,4,0,0,1,109,0,240,0,19,322,24,18,21,12,56,102,0.0,22,153
1216500,2020-10-09,Rajasthan Royals,Delhi Capitals,R Ashwin,Rajasthan Royals,field,Sharjah Cricket Stadium,Unknown,0.0,2020,10,4,4,1,0,1,239,0,109,0,19,322,24,18,21,12,56,102,0.0,152,22
1216523,2020-10-10,Kolkata Knight Riders,Kings XI Punjab,KD Karthik,Kolkata Knight Riders,bat,Sheikh Zayed Stadium,Abu Dhabi,0.0,2020,10,5,4,1,1,0,269,0,190,0,19,325,10,11,13,11,58,74,0.0,184,183
1216523,2020-10-10,Kings XI Punjab,Kolkata Knight Riders,KD Karthik,Kolkata Knight Riders,bat,Sheikh Zayed Stadium,Abu Dhabi,0.0,2020,10,5,4,0,1,0,190,0,268,0,19,325,10,11,13,11,58,74,0.0,183,184
1216525,2020-10-10,Royal Challengers Bangalore,Chennai Super Kings,V Kohli,Royal Challengers Bangalore,bat,Dubai International Cricket Stadium,Unknown,0.0,2020,10,5,4,1,1,0,240,0,257,0,19,301,17,12,16,12,92,102,0.0,186,171
1216525,2020-10-10,Chennai Super Kings,Royal Challengers Bangalore,V Kohli,Royal Challengers Bangalore,bat,Dubai International Cricket Stadium,Unknown,0.0,2020,10,5,4,0,1,0,256,0,239,0,19,301,17,12,16,12,92,102,0.0,171,185
1216507,2020-10-11,Sunrisers Hyderabad,Rajasthan Royals,R Tewatia,Sunrisers Hyderabad,bat,Dubai International Cricket Stadium,Unknown,0.0,2020,10,6,4,1,1,0,200,0,240,0,19,320,8,9,12,12,92,102,0.0,115,154
1216507,2020-10-11,Rajasthan Royals,Sunrisers Hyderabad,R Tewatia,Sunrisers Hyderabad,bat,Dubai International Cricket Stadium,Unknown,0.0,2020,10,6,4,0,1,0,239,0,201,0,19,320,8,9,12,12,92,102,0.0,153,115
1216529,2020-10-11,Delhi Capitals,Mumbai Indians,Q de Kock,Delhi Capitals,bat,Sheikh Zayed Stadium,Abu Dhabi,0.0,2020,10,6,4,1,1,0,109,0,282,0,19,328,9,9,13,12,58,74,0.0,23,194
1216529,2020-10-11,Mumbai Indians,Delhi Capitals,Q de Kock,Delhi Capitals,bat,Sheikh Zayed Stadium,Abu Dhabi,0.0,2020,10,6,4,0,1,0,282,0,109,0,19,328,9,9,13,12,58,74,0.0,194,23
1216540,2020-10-12,Royal Challengers Bangalore,Kolkata Knight Riders,AB de Villiers,Royal Challengers Bangalore,bat,Sharjah Cricket Stadium,Unknown,0.0,2020,10,0,4,1,1,0,240,0,268,0,19,306,15,11,15,11,56,102,0.0,187,185
1216540,2020-10-12,Kolkata Knight Riders,Royal Challengers Bangalore,AB de Villiers,Royal Challengers Bangalore,bat,Sharjah Cricket Stadium,Unknown,0.0,2020,10,0,4,0,1,0,269,0,239,0,19,306,15,11,15,11,56,102,0.0,185,186
1216528,2020-10-13,Chennai Super Kings,Sunrisers Hyderabad,RA Jadeja,Chennai Super Kings,bat,Dubai International Cricket Stadium,Unknown,0.0,2020,10,1,4,1,1,0,256,0,201,0,19,313,10,14,18,12,92,102,0.0,172,116
1216528,2020-10-13,Sunrisers Hyderabad,Chennai Super Kings,RA Jadeja,Chennai Super Kings,bat,Dubai International Cricket Stadium,Unknown,0.0,2020,10,1,4,0,1,0,200,0,257,0,19,313,10,14,18,12,92,102,0.0,116,172
1216543,2020-10-14,Delhi Capitals,Rajasthan Royals,A Nortje,Delhi Capitals,bat,Dubai International Cricket Stadium,Unknown,0.0,2020,10,2,4,1,1,0,109,0,240,0,19,309,15,15,16,11,92,102,0.0,24,155
1216543,2020-10-14,Rajasthan Royals,Delhi Capitals,A Nortje,Delhi Capitals,bat,Dubai International Cricket Stadium,Unknown,0.0,2020,10,2,4,0,1,0,239,0,109,0,19,309,15,15,16,11,92,102,0.0,154,24
1216531,2020-10-15,Royal Challengers Bangalore,Kings XI Punjab,KL Rahul,Royal Challengers Bangalore,bat,Sharjah Cricket Stadium,Unknown,0.0,2020,10,3,4,1,1,0,240,0,190,0,19,347,23,8,12,12,56,102,0.0,188,184
1216531,2020-10-15,Kings XI Punjab,Royal Challengers Bangalore,KL Rahul,Royal Challengers Bangalore,bat,Sharjah Cricket Stadium,Unknown,0.0,2020,10,3,4,0,1,0,190,0,239,0,19,347,23,8,12,12,56,102,0.0,184,187
1216526,2020-10-16,Kolkata Knight Riders,Mumbai Indians,Q de Kock,Kolkata Knight Riders,bat,Sheikh Zayed Stadium,Abu Dhabi,0.0,2020,10,4,4,1,1,0,269,0,282,0,19,296,11,7,11,11,58,74,0.0,186,195
1216526,2020-10-16,Mumbai Indians,Kolkata Knight Riders,Q de Kock,Kolkata Knight Riders,bat,Sheikh Zayed Stadium,Abu Dhabi,0.0,2020,10,4,4,0,1,0,282,0,268,0,19,296,11,7,11,11,58,74,0.0,195,186
1216509,2020-10-17,Chennai Super Kings,Delhi Capitals,S Dhawan,Chennai Super Kings,bat,Sharjah Cricket Stadium,Unknown,0.0,2020,10,5,4,1,1,0,256,0,109,0,19,364,8,9,13,12,56,102,0.0,173,25
1216509,2020-10-17,Delhi Capitals,Chennai Super Kings,S Dhawan,Chennai Super Kings,bat,Sharjah Cricket Stadium,Unknown,0.0,2020,10,5,4,0,1,0,109,0,257,0,19,364,8,9,13,12,56,102,0.0,25,173
1216522,2020-10-17,Rajasthan Royals,Royal Challengers Bangalore,AB de Villiers,Rajasthan Royals,bat,Dubai International Cricket Stadium,Unknown,0.0,2020,10,5,4,1,1,0,239,0,239,0,19,353,20,9,12,11,92,102,0.0,155,188
1216522,2020-10-17,Royal Challengers Bangalore,Rajasthan Royals,AB de Villiers,Rajasthan Royals,bat,Dubai International Cricket Stadium,Unknown,0.0,2020,10,5,4,0,1,0,240,0,240,0,19,353,20,9,12,11,92,102,0.0,189,156
1216512,2020-10-18,Kolkata Knight Riders,Sunrisers Hyderabad,LH Ferguson,Sunrisers Hyderabad,field,Sheikh Zayed Stadium,Abu Dhabi,0.0,2020,10,6,4,0,0,1,269,0,201,0,19,331,15,13,14,11,58,74,0.0,187,117
1216512,2020-10-18,Sunrisers Hyderabad,Kolkata Knight Riders,LH Ferguson,Sunrisers Hyderabad,field,Sheikh Zayed Stadium,Abu Dhabi,0.0,2020,10,6,4,1,0,1,200,0,268,0,19,331,15,13,14,11,58,74,0.0,117,187
1216517,2020-10-18,Mumbai Indians,Kings XI Punjab,KL Rahul,Mumbai Indians,bat,Dubai International Cricket Stadium,Unknown,0.0,2020,10,6,4,1,1,0,282,0,190,0,19,388,13,16,15,13,92,102,0.0,196,185
1216517,2020-10-18,Kings XI Punjab,Mumbai Indians,KL Rahul,Mumbai Indians,bat,Dubai International Cricket Stadium,Unknown,0.0,2020,10,6,4,0,1,0,190,0,282,0,19,388,13,16,15,13,92,102,0.0,185,196
1216533,2020-10-19,Chennai Super Kings,Rajasthan Royals,JC Buttler,Chennai Super Kings,bat,Sheikh Zayed Stadium,Abu Dhabi,0.0,2020,10,0,4,1,1,0,256,0,240,0,19,251,12,8,12,12,58,74,0.0,174,157
1216533,2020-10-19,Rajasthan Royals,Chennai Super Kings,JC Buttler,Chennai Super Kings,bat,Sheikh Zayed Stadium,Abu Dhabi,0.0,2020,10,0,4,0,1,0,239,0,257,0,19,251,12,8,12,12,58,74,0.0,156,174
1216546,2020-10-20,Delhi Capitals,Kings XI Punjab,S Dhawan,Delhi Capitals,bat,Dubai International Cricket Stadium,Unknown,0.0,2020,10,1,4,1,1,0,109,0,190,0,19,331,12,10,13,12,92,102,0.0,26,186
1216546,2020-10-20,Kings XI Punjab,Delhi Capitals,S Dhawan,Delhi Capitals,bat,Dubai International Cricket Stadium,Unknown,0.0,2020,10,1,4,0,1,0,190,0,109,0,19,331,12,10,13,12,92,102,0.0,186,26
1216494,2020-10-21,Kolkata Knight Riders,Royal Challengers Bangalore,Mohammed Siraj,Kolkata Knight Riders,bat,Sheikh Zayed Stadium,Abu Dhabi,0.0,2020,10,2,4,1,1,0,269,0,239,0,19,169,8,10,13,10,58,74,0.0,188,189
1216494,2020-10-21,Royal Challengers Bangalore,Kolkata Knight Riders,Mohammed Siraj,Kolkata Knight Riders,bat,Sheikh Zayed Stadium,Abu Dhabi,0.0,2020,10,2,4,0,1,0,240,0,268,0,19,169,8,10,13,10,58,74,0.0,190,188
1216518,2020-10-22,Rajasthan Royals,Sunrisers Hyderabad,MK Pandey,Sunrisers Hyderabad,field,Dubai International Cricket Stadium,Unknown,0.0,2020,10,3,4,0,0,1,239,0,201,0,19,310,10,8,12,12,92,102,0.0,157,118
1216518,2020-10-22,Sunrisers Hyderabad,Rajasthan Royals,MK Pandey,Sunrisers Hyderabad,field,Dubai International Cricket Stadium,Unknown,0.0,2020,10,3,4,1,0,1,200,0,240,0,19,310,10,8,12,12,92,102,0.0,118,158
1216521,2020-10-23,Chennai Super Kings,Mumbai Indians,TA Boult,Mumbai Indians,field,Sharjah Cricket Stadium,Unknown,0.0,2020,10,4,4,0,0,1,256,0,282,0,19,230,14,9,12,11,56,102,0.0,175,197
1216521,2020-10-23,Mumbai Indians,Chennai Super Kings,TA Boult,Mumbai Indians,field,Sharjah Cricket Stadium,Unknown,0.0,2020,10,4,4,1,0,1,282,0,257,0,19,230,14,9,12,11,56,102,0.0,197,175
1216497,2020-10-24,Kolkata Knight Riders,Delhi Capitals,CV Varun,Delhi Capitals,field,Sheikh Zayed Stadium,Abu Dhabi,0.0,2020,10,5,4,0,0,1,269,0,109,0,19,329,13,15,16,12,58,74,0.0,189,27
1216497,2020-10-24,Delhi Capitals,Kolkata Knight Riders,CV Varun,Delhi Capitals,field,Sheikh Zayed Stadium,Abu Dhabi,0.0,2020,10,5,4,1,0,1,109,0,268,0,19,329,13,15,16,12,58,74,0.0,27,189
1216498,2020-10-24,Kings XI Punjab,Sunrisers Hyderabad,CJ Jordan,Sunrisers Hyderabad,field,Dubai International Cricket Stadium,Unknown,0.0,2020,10,5,4,0,0,1,190,0,201,0,19,240,11,17,18,10,92,102,0.0,187,119
1216498,2020-10-24,Sunrisers Hyderabad,Kings XI Punjab,CJ Jordan,Sunrisers Hyderabad,field,Dubai International Cricket Stadium,Unknown,0.0,2020,10,5,4,1,0,1,200,0,190,0,19,240,11,17,18,10,92,102,0.0,119,187
1216541,2020-10-25,Mumbai Indians,Rajasthan Royals,BA Stokes,Mumbai Indians,bat,Sheikh Zayed Stadium,Abu Dhabi,0.0,2020,10,6,4,1,1,0,282,0,240,0,19,390,19,7,11,11,58,74,0.0,198,159
1216541,2020-10-25,Rajasthan Royals,Mumbai Indians,BA Stokes,Mumbai Indians,bat,Sheikh Zayed Stadium,Abu Dhabi,0.0,2020,10,6,4,0,1,0,239,0,282,0,19,390,19,7,11,11,58,74,0.0,158,198
1216544,2020-10-25,Royal Challengers Bangalore,Chennai Super Kings,RD Gaikwad,Royal Challengers Bangalore,bat,Dubai International Cricket Stadium,Unknown,0.0,2020,10,6,4,1,1,0,240,0,257,0,19,295,11,8,12,12,92,102,0.0,191,176
1216544,2020-10-25,Chennai Super Kings,Royal Challengers Bangalore,RD Gaikwad,Royal Challengers Bangalore,bat,Dubai International Cricket Stadium,Unknown,0.0,2020,10,6,4,0,1,0,256,0,239,0,19,295,11,8,12,12,92,102,0.0,176,190
1216520,2020-10-26,Kolkata Knight Riders,Kings XI Punjab,CH Gayle,Kings XI Punjab,field,Sharjah Cricket Stadium,Unknown,0.0,2020,10,0,4,0,0,1,269,0,190,0,19,298,8,11,15,11,56,102,0.0,190,188
1216520,2020-10-26,Kings XI Punjab,Kolkata Knight Riders,CH Gayle,Kings XI Punjab,field,Sharjah Cricket Stadium,Unknown,0.0,2020,10,0,4,1,0,1,190,0,268,0,19,298,8,11,15,11,56,102,0.0,188,190
1216524,2020-10-27,Sunrisers Hyderabad,Delhi Capitals,WP Saha,Delhi Capitals,field,Dubai International Cricket Stadium,Unknown,0.0,2020,10,1,4,0,0,1,200,0,109,0,19,350,20,12,15,13,92,102,0.0,120,28
1216524,2020-10-27,Delhi Capitals,Sunrisers Hyderabad,WP Saha,Delhi Capitals,field,Dubai International Cricket Stadium,Unknown,0.0,2020,10,1,4,1,0,1,109,0,201,0,19,350,20,12,15,13,92,102,0.0,28,120
1216499,2020-10-28,Royal Challengers Bangalore,Mumbai Indians,SA Yadav,Mumbai Indians,field,Sheikh Zayed Stadium,Abu Dhabi,0.0,2020,10,2,4,0,0,1,240,0,282,0,19,329,10,11,15,11,58,74,0.0,192,199
1216499,2020-10-28,Mumbai Indians,Royal Challengers Bangalore,SA Yadav,Mumbai Indians,field,Sheikh Zayed Stadium,Abu Dhabi,0.0,2020,10,2,4,1,0,1,282,0,239,0,19,329,10,11,15,11,58,74,0.0,199,191
1216536,2020-10-29,Kolkata Knight Riders,Chennai Super Kings,RD Gaikwad,Chennai Super Kings,field,Dubai International Cricket Stadium,Unknown,0.0,2020,10,3,4,0,0,1,269,0,257,0,19,350,11,9,13,12,92,102,0.0,191,177
1216536,2020-10-29,Chennai Super Kings,Kolkata Knight Riders,RD Gaikwad,Chennai Super Kings,field,Dubai International Cricket Stadium,Unknown,0.0,2020,10,3,4,1,0,1,256,0,268,0,19,350,11,9,13,12,92,102,0.0,177,191
1216537,2020-10-30,Kings XI Punjab,Rajasthan Royals,BA Stokes,Rajasthan Royals,field,Sheikh Zayed Stadium,Abu Dhabi,0.0,2020,10,4,4,0,0,1,190,0,240,0,19,369,14,7,11,11,58,74,0.0,189,160
1216537,2020-10-30,Rajasthan Royals,Kings XI Punjab,BA Stokes,Rajasthan Royals,field,Sheikh Zayed Stadium,Abu Dhabi,0.0,2020,10,4,4,1,0,1,239,0,190,0,19,369,14,7,11,11,58,74,0.0,159,189
1216502,2020-10-31,Royal Challengers Bangalore,Sunrisers Hyderabad,Sandeep Sharma,Sunrisers Hyderabad,field,Sharjah Cricket Stadium,Unknown,0.0,2020,10,5,4,0,0,1,240,0,201,0,19,241,17,12,15,11,56,102,0.0,193,121
1216502,2020-10-31,Sunrisers Hyderabad,Royal Challengers Bangalore,Sandeep Sharma,Sunrisers Hyderabad,field,Sharjah Cricket Stadium,Unknown,0.0,2020,10,5,4,1,0,1,200,0,239,0,19,241,17,12,15,11,56,102,0.0,121,192
1216535,2020-10-31,Delhi Capitals,Mumbai Indians,Ishan Kishan,Mumbai Indians,field,Dubai International Cricket Stadium,Unknown,0.0,2020,10,5,4,0,0,1,109,0,282,0,19,221,6,10,13,12,92,102,0.0,29,200
1216535,2020-10-31,Mumbai Indians,Delhi Capitals,Ishan Kishan,Mumbai Indians,field,Dubai International Cricket Stadium,Unknown,0.0,2020,10,5,4,1,0,1,282,0,109,0,19,221,6,10,13,12,92,102,0.0,200,29
1216506,2020-11-01,Kings XI Punjab,Chennai Super Kings,RD Gaikwad,Chennai Super Kings,field,Sheikh Zayed Stadium,Abu Dhabi,0.0,2020,11,6,4,0,0,1,190,0,257,0,19,307,16,7,11,12,58,74,0.0,190,178
1216506,2020-11-01,Chennai Super Kings,Kings XI Punjab,RD Gaikwad,Chennai Super Kings,field,Sheikh Zayed Stadium,Abu Dhabi,0.0,2020,11,6,4,1,0,1,256,0,190,0,19,307,16,7,11,12,58,74,0.0,178,190
1216530,2020-11-01,Kolkata Knight Riders,Rajasthan Royals,PJ Cummins,Rajasthan Royals,field,Dubai International Cricket Stadium,Unknown,0.0,2020,11,6,4,0,0,1,269,0,240,0,19,322,12,16,20,11,92,102,0.0,192,161
1216530,2020-11-01,Rajasthan Royals,Kolkata Knight Riders,PJ Cummins,Rajasthan Royals,field,Dubai International Cricket Stadium,Unknown,0.0,2020,11,6,4,1,0,1,239,0,268,0,19,322,12,16,20,11,92,102,0.0,160,192
1216505,2020-11-02,Royal Challengers Bangalore,Delhi Capitals,A Nortje,Delhi Capitals,field,Sheikh Zayed Stadium,Abu Dhabi,0.0,2020,11,0,4,0,0,1,240,0,109,0,19,305,9,11,15,11,58,74,0.0,194,30
1216505,2020-11-02,Delhi Capitals,Royal Challengers Bangalore,A Nortje,Delhi Capitals,field,Sheikh Zayed Stadium,Abu Dhabi,0.0,2020,11,0,4,1,0,1,109,0,239,0,19,305,9,11,15,11,58,74,0.0,30,193
1216495,2020-11-03,Mumbai Indians,Sunrisers Hyderabad,S Nadeem,Sunrisers Hyderabad,field,Sharjah Cricket Stadium,Unknown,0.0,2020,11,1,4,0,0,1,282,0,201,0,19,300,9,8,12,10,56,102,0.0,201,122
1216495,2020-11-03,Sunrisers Hyderabad,Mumbai Indians,S Nadeem,Sunrisers Hyderabad,field,Sharjah Cricket Stadium,Unknown,0.0,2020,11,1,4,1,0,1,200,0,282,0,19,300,9,8,12,10,56,102,0.0,122,201
1237177,2020-11-05,Mumbai Indians,Delhi Capitals,JJ Bumrah,Delhi Capitals,field,Dubai International Cricket Stadium,Unknown,0.0,2020,11,3,4,0,0,1,282,0,109,0,19,342,9,13,16,12,92,102,0.0,202,31
1237177,2020-11-05,Delhi Capitals,Mumbai Indians,JJ Bumrah,Delhi Capitals,field,Dubai International Cricket Stadium,Unknown,0.0,2020,11,3,4,1,0,1,109,0,282,0,19,342,9,13,16,12,92,102,0.0,31,202
1237178,2020-11-06,Royal Challengers Bangalore,Sunrisers Hyderabad,KS Williamson,Sunrisers Hyderabad,field,Sheikh Zayed Stadium,Abu Dhabi,0.0,2020,11,4,4,0,0,1,240,0,201,0,19,262,13,11,15,12,58,74,0.0,195,123
1237178,2020-11-06,Sunrisers Hyderabad,Royal Challengers Bangalore,KS Williamson,Sunrisers Hyderabad,field,Sheikh Zayed Stadium,Abu Dhabi,0.0,2020,11,4,4,1,0,1,200,0,239,0,19,262,13,11,15,12,58,74,0.0,123,194
1237180,2020-11-08,Delhi Capitals,Sunrisers Hyderabad,MP Stoinis,Delhi Capitals,bat,Sheikh Zayed Stadium,Abu Dhabi,0.0,2020,11,6,4,1,1,0,109,0,201,0,19,361,14,11,15,11,58,74,0.0,32,124
1237180,2020-11-08,Sunrisers Hyderabad,Delhi Capitals,MP Stoinis,Delhi Capitals,bat,Sheikh Zayed Stadium,Abu Dhabi,0.0,2020,11,6,4,0,1,0,200,0,109,0,19,361,14,11,15,11,58,74,0.0,124,32
1237181,2020-11-10,Delhi Capitals,Mumbai Indians,TA Boult,Delhi Capitals,bat,Dubai International Cricket Stadium,Unknown,0.0,2020,11,1,4,1,1,0,109,0,282,0,19,313,8,12,14,12,92,102,0.0,33,203
1237181,2020-11-10,Mumbai Indians,Delhi Capitals,TA Boult,Delhi Capitals,bat,Dubai International Cricket Stadium,Unknown,0.0,2020,11,1,4,0,1,0,282,0,109,0,19,313,8,12,14,12,92,102,0.0,203,33
1254058,2021-04-09,Mumbai Indians,Royal Challengers Bangalore,HV Patel,Royal Challengers Bangalore,field,"MA Chidambaram Stadium, Chepauk, Chennai",Chennai,2021.0,2021,4,4,2,0,0,1,282,0,239,0,19,319,16,17,19,12,74,188,120.0,204,195
1254058,2021-04-09,Royal Challengers Bangalore,Mumbai Indians,HV Patel,Royal Challengers Bangalore,field,"MA Chidambaram Stadium, Chepauk, Chennai",Chennai,2021.0,2021,4,4,2,1,0,1,240,0,282,0,19,319,16,17,19,12,74,188,120.0,196,204
1254059,2021-04-10,Chennai Super Kings,Delhi Capitals,S Dhawan,Delhi Capitals,field,"Wankhede Stadium, Mumbai",Mumbai,2021.0,2021,4,5,2,0,0,1,256,0,109,0,19,378,14,10,12,12,110,366,120.0,179,34
1254059,2021-04-10,Delhi Capitals,Chennai Super Kings,S Dhawan,Delhi Capitals,field,"Wankhede Stadium, Mumbai",Mumbai,2021.0,2021,4,5,2,1,0,1,109,0,257,0,19,378,14,10,12,12,110,366,120.0,34,179
1254060,2021-04-11,Kolkata Knight Riders,Sunrisers Hyderabad,N Rana,Sunrisers Hyderabad,field,"MA Chidambaram Stadium, Chepauk, Chennai",Chennai,2021.0,2021,4,6,2,0,0,1,269,0,201,0,19,364,14,11,14,12,74,188,120.0,193,125
1254060,2021-04-11,Sunrisers Hyderabad,Kolkata Knight Riders,N Rana,Sunrisers Hyderabad,field,"MA Chidambaram Stadium, Chepauk, Chennai",Chennai,2021.0,2021,4,6,2,1,0,1,200,0,268,0,19,364,14,11,14,12,74,188,120.0,125,193
1254061,2021-04-12,Punjab Kings,Rajasthan Royals,SV Samson,Rajasthan Royals,field,"Wankhede Stadium, Mumbai",Mumbai,2021.0,2021,4,0,2,0,0,1,78,0,240,0,19,436,13,13,15,13,110,366,120.0,1,162
1254061,2021-04-12,Rajasthan Royals,Punjab Kings,SV Samson,Rajasthan Royals,field,"Wankhede Stadium, Mumbai",Mumbai,2021.0,2021,4,0,2,1,0,1,239,0,78,0,19,436,13,13,15,13,110,366,120.0,161,1
1254062,2021-04-13,Mumbai Indians,Kolkata Knight Riders,RD Chahar,Kolkata Knight Riders,field,"MA Chidambaram Stadium, Chepauk, Chennai",Chennai,2021.0,2021,4,1,2,0,0,1,282,0,268,0,19,294,19,17,19,13,74,188,120.0,205,194
1254062,2021-04-13,Kolkata Knight Riders,Mumbai Indians,RD Chahar,Kolkata Knight Riders,field,"MA Chidambaram Stadium, Chepauk, Chennai",Chennai,2021.0,2021,4,1,2,1,0,1,269,0,282,0,19,294,19,17,19,13,74,188,120.0,194,205
1254063,2021-04-14,Royal Challengers Bangalore,Sunrisers Hyderabad,GJ Maxwell,Sunrisers Hyderabad,field,"MA Chidambaram Stadium, Chepauk, Chennai",Chennai,2021.0,2021,4,2,2,0,0,1,240,0,201,0,19,292,22,17,18,12,74,188,120.0,197,126
1254063,2021-04-14,Sunrisers Hyderabad,Royal Challengers Bangalore,GJ Maxwell,Sunrisers Hyderabad,field,"MA Chidambaram Stadium, Chepauk, Chennai",Chennai,2021.0,2021,4,2,2,1,0,1,200,0,239,0,19,292,22,17,18,12,74,188,120.0,126,196
1254064,2021-04-15,Delhi Capitals,Rajasthan Royals,JD Unadkat,Rajasthan Royals,field,"Wankhede Stadium, Mumbai",Mumbai,2021.0,2021,4,3,2,0,0,1,109,0,240,0,19,297,8,15,19,12,110,366,120.0,35,163
1254064,2021-04-15,Rajasthan Royals,Delhi Capitals,JD Unadkat,Rajasthan Royals,field,"Wankhede Stadium, Mumbai",Mumbai,2021.0,2021,4,3,2,1,0,1,239,0,109,0,19,297,8,15,19,12,110,366,120.0,162,35
1254065,2021-04-16,Punjab Kings,Chennai Super Kings,DL Chahar,Chennai Super Kings,field,"Wankhede Stadium, Mumbai",Mumbai,2021.0,2021,4,4,2,0,0,1,78,0,257,0,19,213,11,12,15,11,110,366,120.0,2,180
1254065,2021-04-16,Chennai Super Kings,Punjab Kings,DL Chahar,Chennai Super Kings,field,"Wankhede Stadium, Mumbai",Mumbai,2021.0,2021,4,4,2,1,0,1,256,0,78,0,19,213,11,12,15,11,110,366,120.0,180,2
1254066,2021-04-17,Mumbai Indians,Sunrisers Hyderabad,KA Pollard,Mumbai Indians,bat,"MA Chidambaram Stadium, Chepauk, Chennai",Chennai,2021.0,2021,4,5,2,1,1,0,282,0,201,0,19,286,15,15,18,12,74,188,120.0,206,127
1254066,2021-04-17,Sunrisers Hyderabad,Mumbai Indians,KA Pollard,Mumbai Indians,bat,"MA Chidambaram Stadium, Chepauk, Chennai",Chennai,2021.0,2021,4,5,2,0,1,0,200,0,282,0,19,286,15,15,18,12,74,188,120.0,127,206
1254067,2021-04-18,Royal Challengers Bangalore,Kolkata Knight Riders,AB de Villiers,Royal Challengers Bangalore,bat,"MA Chidambaram Stadium, Chepauk, Chennai",Chennai,2021.0,2021,4,6,2,1,1,0,240,0,268,0,19,369,11,12,16,12,74,188,120.0,198,195
1254067,2021-04-18,Kolkata Knight Riders,Royal Challengers Bangalore,AB de Villiers,Royal Challengers Bangalore,bat,"MA Chidambaram Stadium, Chepauk, Chennai",Chennai,2021.0,2021,4,6,2,0,1,0,269,0,239,0,19,369,11,12,16,12,74,188,120.0,195,197
1254068,2021-04-18,Punjab Kings,Delhi Capitals,S Dhawan,Delhi Capitals,field,"Wankhede Stadium, Mumbai",Mumbai,2021.0,2021,4,6,2,0,0,1,78,0,109,0,19,393,19,8,12,12,110,366,120.0,3,36
1254068,2021-04-18,Delhi Capitals,Punjab Kings,S Dhawan,Delhi Capitals,field,"Wankhede Stadium, Mumbai",Mumbai,2021.0,2021,4,6,2,1,0,1,109,0,78,0,19,393,19,8,12,12,110,366,120.0,36,3
1254069,2021-04-19,Chennai Super Kings,Rajasthan Royals,MM Ali,Rajasthan Royals,field,"Wankhede Stadium, Mumbai",Mumbai,2021.0,2021,4,0,2,0,0,1,256,0,240,0,19,327,23,18,20,12,110,366,120.0,181,164
1254069,2021-04-19,Rajasthan Royals,Chennai Super Kings,MM Ali,Rajasthan Royals,field,"Wankhede Stadium, Mumbai",Mumbai,2021.0,2021,4,0,2,1,0,1,239,0,257,0,19,327,23,18,20,12,110,366,120.0,163,181
1254070,2021-04-20,Mumbai Indians,Delhi Capitals,A Mishra,Mumbai Indians,bat,"MA Chidambaram Stadium, Chepauk, Chennai",Chennai,2021.0,2021,4,1,2,1,1,0,282,0,109,0,19,275,15,13,17,12,74,188,120.0,207,37
1254070,2021-04-20,Delhi Capitals,Mumbai Indians,A Mishra,Mumbai Indians,bat,"MA Chidambaram Stadium, Chepauk, Chennai",Chennai,2021.0,2021,4,1,2,0,1,0,109,0,282,0,19,275,15,13,17,12,74,188,120.0,37,207
1254071,2021-04-21,Punjab Kings,Sunrisers Hyderabad,JM Bairstow,Punjab Kings,bat,"MA Chidambaram Stadium, Chepauk, Chennai",Chennai,2021.0,2021,4,2,2,1,1,0,78,0,201,0,19,241,16,11,13,12,74,188,120.0,4,128
1254071,2021-04-21,Sunrisers Hyderabad,Punjab Kings,JM Bairstow,Punjab Kings,bat,"MA Chidambaram Stadium, Chepauk, Chennai",Chennai,2021.0,2021,4,2,2,0,1,0,200,0,78,0,19,241,16,11,13,12,74,188,120.0,128,4
1254072,2021-04-21,Chennai Super Kings,Kolkata Knight Riders,F du Plessis,Kolkata Knight Riders,field,"Wankhede Stadium, Mumbai",Mumbai,2021.0,2021,4,2,2,0,0,1,256,0,268,0,19,419,24,13,16,11,110,366,120.0,182,196
1254072,2021-04-21,Kolkata Knight Riders,Chennai Super Kings,F du Plessis,Kolkata Knight Riders,field,"Wankhede Stadium, Mumbai",Mumbai,2021.0,2021,4,2,2,1,0,1,269,0,257,0,19,419,24,13,16,11,110,366,120.0,196,182
1254073,2021-04-22,Rajasthan Royals,Royal Challengers Bangalore,D Padikkal,Royal Challengers Bangalore,field,"Wankhede Stadium, Mumbai",Mumbai,2021.0,2021,4,3,2,0,0,1,239,0,239,0,19,357,20,9,12,12,110,366,120.0,164,198
1254073,2021-04-22,Royal Challengers Bangalore,Rajasthan Royals,D Padikkal,Royal Challengers Bangalore,field,"Wankhede Stadium, Mumbai",Mumbai,2021.0,2021,4,3,2,1,0,1,240,0,240,0,19,357,20,9,12,12,110,366,120.0,199,165
1254074,2021-04-23,Mumbai Indians,Punjab Kings,KL Rahul,Punjab Kings,field,"MA Chidambaram Stadium, Chepauk, Chennai",Chennai,2021.0,2021,4,4,2,0,0,1,282,0,78,0,19,262,9,7,10,12,74,188,120.0,208,5
1254074,2021-04-23,Punjab Kings,Mumbai Indians,KL Rahul,Punjab Kings,field,"MA Chidambaram Stadium, Chepauk, Chennai",Chennai,2021.0,2021,4,4,2,1,0,1,78,0,282,0,19,262,9,7,10,12,74,188,120.0,5,208
1254075,2021-04-24,Kolkata Knight Riders,Rajasthan Royals,CH Morris,Rajasthan Royals,field,"Wankhede Stadium, Mumbai",Mumbai,2021.0,2021,4,5,2,0,0,1,269,0,240,0,19,265,21,13,14,11,110,366,120.0,197,166
1254075,2021-04-24,Rajasthan Royals,Kolkata Knight Riders,CH Morris,Rajasthan Royals,field,"Wankhede Stadium, Mumbai",Mumbai,2021.0,2021,4,5,2,1,0,1,239,0,268,0,19,265,21,13,14,11,110,366,120.0,165,197
1254076,2021-04-25,Chennai Super Kings,Royal Challengers Bangalore,RA Jadeja,Chennai Super Kings,bat,"Wankhede Stadium, Mumbai",Mumbai,2021.0,2021,4,6,2,1,1,0,256,0,239,0,19,313,14,13,17,13,110,366,120.0,183,199
1254076,2021-04-25,Royal Challengers Bangalore,Chennai Super Kings,RA Jadeja,Chennai Super Kings,bat,"Wankhede Stadium, Mumbai",Mumbai,2021.0,2021,4,6,2,0,1,0,240,0,257,0,19,313,14,13,17,13,110,366,120.0,200,183
1254077,2021-04-25,Delhi Capitals,Sunrisers Hyderabad,PP Shaw,Delhi Capitals,bat,"MA Chidambaram Stadium, Chepauk, Chennai",Chennai,2021.0,2021,4,6,2,1,1,0,109,0,201,0,19,333,17,11,15,12,74,188,120.0,38,129
1254077,2021-04-25,Sunrisers Hyderabad,Delhi Capitals,PP Shaw,Delhi Capitals,bat,"MA Chidambaram Stadium, Chepauk, Chennai",Chennai,2021.0,2021,4,6,2,0,1,0,200,0,109,0,19,333,17,11,15,12,74,188,120.0,129,38
1254078,2021-04-26,Punjab Kings,Kolkata Knight Riders,EJG Morgan,Kolkata Knight Riders,field,"Narendra Modi Stadium, Ahmedabad",Ahmedabad,2021.0,2021,4,0,2,0,0,1,78,0,268,0,19,249,12,14,18,12,68,92,120.0,6,198
1254078,2021-04-26,Kolkata Knight Riders,Punjab Kings,EJG Morgan,Kolkata Knight Riders,field,"Narendra Modi Stadium, Ahmedabad",Ahmedabad,2021.0,2021,4,0,2,1,0,1,269,0,78,0,19,249,12,14,18,12,68,92,120.0,198,6
1254079,2021-04-27,Royal Challengers Bangalore,Delhi Capitals,AB de Villiers,Delhi Capitals,field,"Narendra Modi Stadium, Ahmedabad",Ahmedabad,2021.0,2021,4,1,2,0,0,1,240,0,109,0,19,340,7,9,13,12,68,92,120.0,201,39
1254079,2021-04-27,Delhi Capitals,Royal Challengers Bangalore,AB de Villiers,Delhi Capitals,field,"Narendra Modi Stadium, Ahmedabad",Ahmedabad,2021.0,2021,4,1,2,1,0,1,109,0,239,0,19,340,7,9,13,12,68,92,120.0,39,200
1254080,2021-04-28,Sunrisers Hyderabad,Chennai Super Kings,RD Gaikwad,Sunrisers Hyderabad,bat,"Arun Jaitley Stadium, Delhi",Delhi,2021.0,2021,4,2,2,1,1,0,200,0,257,0,19,344,11,6,10,11,50,197,120.0,130,184
1254080,2021-04-28,Chennai Super Kings,Sunrisers Hyderabad,RD Gaikwad,Sunrisers Hyderabad,bat,"Arun Jaitley Stadium, Delhi",Delhi,2021.0,2021,4,2,2,0,1,0,256,0,201,0,19,344,11,6,10,11,50,197,120.0,184,130
1254081,2021-04-29,Rajasthan Royals,Mumbai Indians,Q de Kock,Mumbai Indians,field,"Arun Jaitley Stadium, Delhi",Delhi,2021.0,2021,4,3,2,0,0,1,239,0,282,0,19,343,23,7,11,12,50,197,120.0,166,209
1254081,2021-04-29,Mumbai Indians,Rajasthan Royals,Q de Kock,Mumbai Indians,field,"Arun Jaitley Stadium, Delhi",Delhi,2021.0,2021,4,3,2,1,0,1,282,0,240,0,19,343,23,7,11,12,50,197,120.0,209,167
1254082,2021-04-29,Kolkata Knight Riders,Delhi Capitals,PP Shaw,Delhi Capitals,field,"Narendra Modi Stadium, Ahmedabad",Ahmedabad,2021.0,2021,4,3,2,0,0,1,269,0,109,0,19,309,12,9,13,11,68,92,120.0,199,40
1254082,2021-04-29,Delhi Capitals,Kolkata Knight Riders,PP Shaw,Delhi Capitals,field,"Narendra Modi Stadium, Ahmedabad",Ahmedabad,2021.0,2021,4,3,2,1,0,1,109,0,268,0,19,309,12,9,13,11,68,92,120.0,40,199
1254083,2021-04-30,Punjab Kings,Royal Challengers Bangalore,Harpreet Brar,Royal Challengers Bangalore,field,"Narendra Modi Stadium, Ahmedabad",Ahmedabad,2021.0,2021,4,4,2,0,0,1,78,0,239,0,19,324,16,13,17,12,68,92,120.0,7,201
1254083,2021-04-30,Royal Challengers Bangalore,Punjab Kings,Harpreet Brar,Royal Challengers Bangalore,field,"Narendra Modi Stadium, Ahmedabad",Ahmedabad,2021.0,2021,4,4,2,1,0,1,240,0,78,0,19,324,16,13,17,12,68,92,120.0,202,7
1254084,2021-05-01,Chennai Super Kings,Mumbai Indians,KA Pollard,Mumbai Indians,field,"Arun Jaitley Stadium, Delhi",Delhi,2021.0,2021,5,5,2,0,0,1,256,0,282,0,19,437,18,10,13,12,50,197,120.0,185,210
1254084,2021-05-01,Mumbai Indians,Chennai Super Kings,KA Pollard,Mumbai Indians,field,"Arun Jaitley Stadium, Delhi",Delhi,2021.0,2021,5,5,2,1,0,1,282,0,257,0,19,437,18,10,13,12,50,197,120.0,210,185
1254085,2021-05-02,Rajasthan Royals,Sunrisers Hyderabad,JC Buttler,Sunrisers Hyderabad,field,"Arun Jaitley Stadium, Delhi",Delhi,2021.0,2021,5,6,2,0,0,1,239,0,201,0,19,384,21,11,15,11,50,197,120.0,167,131
1254085,2021-05-02,Sunrisers Hyderabad,Rajasthan Royals,JC Buttler,Sunrisers Hyderabad,field,"Arun Jaitley Stadium, Delhi",Delhi,2021.0,2021,5,6,2,1,0,1,200,0,240,0,19,384,21,11,15,11,50,197,120.0,131,168
1254086,2021-05-02,Punjab Kings,Delhi Capitals,MA Agarwal,Delhi Capitals,field,"Narendra Modi Stadium, Ahmedabad",Ahmedabad,2021.0,2021,5,6,2,0,0,1,78,0,109,0,19,331,8,9,13,12,68,92,120.0,8,41
1254086,2021-05-02,Delhi Capitals,Punjab Kings,MA Agarwal,Delhi Capitals,field,"Narendra Modi Stadium, Ahmedabad",Ahmedabad,2021.0,2021,5,6,2,1,0,1,109,0,78,0,19,331,8,9,13,12,68,92,120.0,41,8
1254104,2021-09-19,Chennai Super Kings,Mumbai Indians,RD Gaikwad,Chennai Super Kings,bat,Dubai International Cricket Stadium,Dubai,2021.0,2021,9,6,3,1,1,0,256,0,282,0,19,291,14,15,19,12,92,26,120.0,186,211
1254104,2021-09-19,Mumbai Indians,Chennai Super Kings,RD Gaikwad,Chennai Super Kings,bat,Dubai International Cricket Stadium,Dubai,2021.0,2021,9,6,3,0,1,0,282,0,257,0,19,291,14,15,19,12,92,26,120.0,211,186
1254087,2021-09-20,Royal Challengers Bangalore,Kolkata Knight Riders,CV Varun,Royal Challengers Bangalore,bat,"Zayed Cricket Stadium, Abu Dhabi",Abu Dhabi,2021.0,2021,9,0,3,1,1,0,240,0,268,0,18,185,10,11,13,10,16,74,120.0,203,200
1254087,2021-09-20,Kolkata Knight Riders,Royal Challengers Bangalore,CV Varun,Royal Challengers Bangalore,bat,"Zayed Cricket Stadium, Abu Dhabi",Abu Dhabi,2021.0,2021,9,0,3,0,1,0,269,0,239,0,18,185,10,11,13,10,16,74,120.0,200,202
1254111,2021-09-21,Rajasthan Royals,Punjab Kings,Kartik Tyagi,Punjab Kings,field,Dubai International Cricket Stadium,Dubai,2021.0,2021,9,1,3,0,0,1,239,0,78,0,19,367,17,14,16,13,92,26,120.0,168,9
1254111,2021-09-21,Punjab Kings,Rajasthan Royals,Kartik Tyagi,Punjab Kings,field,Dubai International Cricket Stadium,Dubai,2021.0,2021,9,1,3,1,0,1,78,0,240,0,19,367,17,14,16,13,92,26,120.0,9,169
1254105,2021-09-22,Sunrisers Hyderabad,Delhi Capitals,A Nortje,Sunrisers Hyderabad,bat,Dubai International Cricket Stadium,Dubai,2021.0,2021,9,2,3,1,1,0,200,0,109,0,19,271,15,11,14,11,92,26,120.0,132,42
1254105,2021-09-22,Delhi Capitals,Sunrisers Hyderabad,A Nortje,Sunrisers Hyderabad,bat,Dubai International Cricket Stadium,Dubai,2021.0,2021,9,2,3,0,1,0,109,0,201,0,19,271,15,11,14,11,92,26,120.0,42,132
1254096,2021-09-23,Mumbai Indians,Kolkata Knight Riders,SP Narine,Kolkata Knight Riders,field,"Zayed Cricket Stadium, Abu Dhabi",Abu Dhabi,2021.0,2021,9,3,3,0,0,1,282,0,268,0,19,313,15,9,13,12,16,74,120.0,212,201
1254096,2021-09-23,Kolkata Knight Riders,Mumbai Indians,SP Narine,Kolkata Knight Riders,field,"Zayed Cricket Stadium, Abu Dhabi",Abu Dhabi,2021.0,2021,9,3,3,1,0,1,269,0,282,0,19,313,15,9,13,12,16,74,120.0,201,212
1254113,2021-09-24,Royal Challengers Bangalore,Chennai Super Kings,DJ Bravo,Chennai Super Kings,field,Sharjah Cricket Stadium,Sharjah,2021.0,2021,9,4,3,0,0,1,240,0,257,0,19,313,10,10,13,11,56,20,120.0,204,187
1254113,2021-09-24,Chennai Super Kings,Royal Challengers Bangalore,DJ Bravo,Chennai Super Kings,field,Sharjah Cricket Stadium,Sharjah,2021.0,2021,9,4,3,1,0,1,256,0,239,0,19,313,10,10,13,11,56,20,120.0,187,203
1254097,2021-09-25,Delhi Capitals,Rajasthan Royals,SS Iyer,Rajasthan Royals,field,"Zayed Cricket Stadium, Abu Dhabi",Abu Dhabi,2021.0,2021,9,5,3,0,0,1,109,0,240,0,19,274,14,12,16,11,16,74,120.0,43,170
1254097,2021-09-25,Rajasthan Royals,Delhi Capitals,SS Iyer,Rajasthan Royals,field,"Zayed Cricket Stadium, Abu Dhabi",Abu Dhabi,2021.0,2021,9,5,3,1,0,1,239,0,109,0,19,274,14,12,16,11,16,74,120.0,169,43
1254107,2021-09-25,Punjab Kings,Sunrisers Hyderabad,JO Holder,Sunrisers Hyderabad,field,Sharjah Cricket Stadium,Sharjah,2021.0,2021,9,5,3,0,0,1,78,0,201,0,19,245,14,14,17,11,56,20,120.0,10,133
1254107,2021-09-25,Sunrisers Hyderabad,Punjab Kings,JO Holder,Sunrisers Hyderabad,field,Sharjah Cricket Stadium,Sharjah,2021.0,2021,9,5,3,1,0,1,200,0,78,0,19,245,14,14,17,11,56,20,120.0,133,10
1254098,2021-09-26,Kolkata Knight Riders,Chennai Super Kings,RA Jadeja,Kolkata Knight Riders,bat,"Zayed Cricket Stadium, Abu Dhabi",Abu Dhabi,2021.0,2021,9,6,3,1,1,0,269,0,257,0,19,343,13,14,18,11,16,74,120.0,202,188
1254098,2021-09-26,Chennai Super Kings,Kolkata Knight Riders,RA Jadeja,Kolkata Knight Riders,bat,"Zayed Cricket Stadium, Abu Dhabi",Abu Dhabi,2021.0,2021,9,6,3,0,1,0,256,0,268,0,19,343,13,14,18,11,16,74,120.0,188,202
1254108,2021-09-26,Royal Challengers Bangalore,Mumbai Indians,GJ Maxwell,Mumbai Indians,field,Dubai International Cricket Stadium,Dubai,2021.0,2021,9,6,3,0,0,1,240,0,282,0,19,276,18,16,19,11,92,26,120.0,205,213
1254108,2021-09-26,Mumbai Indians,Royal Challengers Bangalore,GJ Maxwell,Mumbai Indians,field,Dubai International Cricket Stadium,Dubai,2021.0,2021,9,6,3,1,0,1,282,0,239,0,19,276,18,16,19,11,92,26,120.0,213,204
1254100,2021-09-27,Rajasthan Royals,Sunrisers Hyderabad,JJ Roy,Rajasthan Royals,bat,Dubai International Cricket Stadium,Dubai,2021.0,2021,9,0,3,1,1,0,239,0,201,0,19,331,24,8,12,12,92,26,120.0,170,134
1254100,2021-09-27,Sunrisers Hyderabad,Rajasthan Royals,JJ Roy,Rajasthan Royals,bat,Dubai International Cricket Stadium,Dubai,2021.0,2021,9,0,3,0,1,0,200,0,240,0,19,331,24,8,12,12,92,26,120.0,134,171
1254092,2021-09-28,Delhi Capitals,Kolkata Knight Riders,SP Narine,Kolkata Knight Riders,field,Sharjah Cricket Stadium,Sharjah,2021.0,2021,9,1,3,0,0,1,109,0,268,0,19,256,10,16,18,12,56,20,120.0,44,203
1254092,2021-09-28,Kolkata Knight Riders,Delhi Capitals,SP Narine,Kolkata Knight Riders,field,Sharjah Cricket Stadium,Sharjah,2021.0,2021,9,1,3,1,0,1,269,0,109,0,19,256,10,16,18,12,56,20,120.0,203,44
1254099,2021-09-28,Punjab Kings,Mumbai Indians,KA Pollard,Mumbai Indians,field,"Zayed Cricket Stadium, Abu Dhabi",Abu Dhabi,2021.0,2021,9,1,3,0,0,1,78,0,282,0,19,272,8,10,14,12,16,74,120.0,11,214
1254099,2021-09-28,Mumbai Indians,Punjab Kings,KA Pollard,Mumbai Indians,field,"Zayed Cricket Stadium, Abu Dhabi",Abu Dhabi,2021.0,2021,9,1,3,1,0,1,282,0,78,0,19,272,8,10,14,12,16,74,120.0,214,11
1254103,2021-09-29,Rajasthan Royals,Royal Challengers Bangalore,YS Chahal,Royal Challengers Bangalore,field,Dubai International Cricket Stadium,Dubai,2021.0,2021,9,2,3,0,0,1,239,0,239,0,19,302,12,12,15,14,92,26,120.0,171,205
1254103,2021-09-29,Royal Challengers Bangalore,Rajasthan Royals,YS Chahal,Royal Challengers Bangalore,field,Dubai International Cricket Stadium,Dubai,2021.0,2021,9,2,3,1,0,1,240,0,240,0,19,302,12,12,15,14,92,26,120.0,206,172
1254091,2021-09-30,Sunrisers Hyderabad,Chennai Super Kings,JR Hazlewood,Chennai Super Kings,field,Sharjah Cricket Stadium,Sharjah,2021.0,2021,9,3,3,0,0,1,200,0,257,0,19,273,13,11,15,12,56,20,120.0,135,189
1254091,2021-09-30,Chennai Super Kings,Sunrisers Hyderabad,JR Hazlewood,Chennai Super Kings,field,Sharjah Cricket Stadium,Sharjah,2021.0,2021,9,3,3,1,0,1,256,0,201,0,19,273,13,11,15,12,56,20,120.0,189,135
1254102,2021-10-01,Kolkata Knight Riders,Punjab Kings,KL Rahul,Punjab Kings,field,Dubai International Cricket Stadium,Dubai,2021.0,2021,10,4,4,0,0,1,269,0,78,0,19,333,14,12,14,11,92,26,120.0,204,12
1254102,2021-10-01,Punjab Kings,Kolkata Knight Riders,KL Rahul,Punjab Kings,field,Dubai International Cricket Stadium,Dubai,2021.0,2021,10,4,4,1,0,1,78,0,268,0,19,333,14,12,14,11,92,26,120.0,12,204
1254089,2021-10-02,Chennai Super Kings,Rajasthan Royals,RD Gaikwad,Rajasthan Royals,field,"Zayed Cricket Stadium, Abu Dhabi",Abu Dhabi,2021.0,2021,10,5,4,0,0,1,256,0,240,0,19,379,12,7,11,12,16,74,120.0,190,173
1254089,2021-10-02,Rajasthan Royals,Chennai Super Kings,RD Gaikwad,Rajasthan Royals,field,"Zayed Cricket Stadium, Abu Dhabi",Abu Dhabi,2021.0,2021,10,5,4,1,0,1,239,0,257,0,19,379,12,7,11,12,16,74,120.0,172,190
1254112,2021-10-02,Mumbai Indians,Delhi Capitals,AR Patel,Delhi Capitals,field,Sharjah Cricket Stadium,Sharjah,2021.0,2021,10,5,4,0,0,1,282,0,109,0,19,261,12,14,18,11,56,20,120.0,215,45
1254112,2021-10-02,Delhi Capitals,Mumbai Indians,AR Patel,Delhi Capitals,field,Sharjah Cricket Stadium,Sharjah,2021.0,2021,10,5,4,1,0,1,109,0,282,0,19,261,12,14,18,11,56,20,120.0,45,215
1254090,2021-10-03,Royal Challengers Bangalore,Punjab Kings,GJ Maxwell,Royal Challengers Bangalore,bat,Sharjah Cricket Stadium,Sharjah,2021.0,2021,10,6,4,1,1,0,240,0,78,0,19,321,17,13,16,12,56,20,120.0,207,13
1254090,2021-10-03,Punjab Kings,Royal Challengers Bangalore,GJ Maxwell,Royal Challengers Bangalore,bat,Sharjah Cricket Stadium,Sharjah,2021.0,2021,10,6,4,0,1,0,78,0,239,0,19,321,17,13,16,12,56,20,120.0,13,206
1254109,2021-10-03,Sunrisers Hyderabad,Kolkata Knight Riders,Shubman Gill,Sunrisers Hyderabad,bat,Dubai International Cricket Stadium,Dubai,2021.0,2021,10,6,4,1,1,0,200,0,268,0,19,234,5,12,16,10,92,26,120.0,136,205
1254109,2021-10-03,Kolkata Knight Riders,Sunrisers Hyderabad,Shubman Gill,Sunrisers Hyderabad,bat,Dubai International Cricket Stadium,Dubai,2021.0,2021,10,6,4,0,1,0,269,0,201,0,19,234,5,12,16,10,92,26,120.0,205,136
1254110,2021-10-04,Chennai Super Kings,Delhi Capitals,AR Patel,Delhi Capitals,field,Dubai International Cricket Stadium,Dubai,2021.0,2021,10,0,4,0,0,1,256,0,109,0,19,274,22,12,16,11,92,26,120.0,191,46
1254110,2021-10-04,Delhi Capitals,Chennai Super Kings,AR Patel,Delhi Capitals,field,Dubai International Cricket Stadium,Dubai,2021.0,2021,10,0,4,1,0,1,109,0,257,0,19,274,22,12,16,11,92,26,120.0,46,191
1254093,2021-10-05,Rajasthan Royals,Mumbai Indians,NM Coulter-Nile,Mumbai Indians,field,Sharjah Cricket Stadium,Sharjah,2021.0,2021,10,1,4,0,0,1,239,0,282,0,19,184,7,11,15,10,56,20,120.0,173,216
1254093,2021-10-05,Mumbai Indians,Rajasthan Royals,NM Coulter-Nile,Mumbai Indians,field,Sharjah Cricket Stadium,Sharjah,2021.0,2021,10,1,4,1,0,1,282,0,240,0,19,184,7,11,15,10,56,20,120.0,216,174
1254095,2021-10-06,Sunrisers Hyderabad,Royal Challengers Bangalore,KS Williamson,Royal Challengers Bangalore,field,"Zayed Cricket Stadium, Abu Dhabi",Abu Dhabi,2021.0,2021,10,2,4,0,0,1,200,0,239,0,19,278,7,13,16,11,16,74,120.0,137,207
1254095,2021-10-06,Royal Challengers Bangalore,Sunrisers Hyderabad,KS Williamson,Royal Challengers Bangalore,field,"Zayed Cricket Stadium, Abu Dhabi",Abu Dhabi,2021.0,2021,10,2,4,1,0,1,240,0,201,0,19,278,7,13,16,11,16,74,120.0,208,137
1254094,2021-10-07,Chennai Super Kings,Punjab Kings,KL Rahul,Punjab Kings,field,Dubai International Cricket Stadium,Dubai,2021.0,2021,10,3,4,0,0,1,256,0,78,0,19,273,14,10,14,11,92,26,120.0,192,14
1254094,2021-10-07,Punjab Kings,Chennai Super Kings,KL Rahul,Punjab Kings,field,Dubai International Cricket Stadium,Dubai,2021.0,2021,10,3,4,1,0,1,78,0,257,0,19,273,14,10,14,11,92,26,120.0,14,192
1254106,2021-10-07,Kolkata Knight Riders,Rajasthan Royals,Shivam Mavi,Rajasthan Royals,field,Sharjah Cricket Stadium,Sharjah,2021.0,2021,10,3,4,0,0,1,269,0,240,0,19,256,18,14,17,12,56,20,120.0,206,175
1254106,2021-10-07,Rajasthan Royals,Kolkata Knight Riders,Shivam Mavi,Rajasthan Royals,field,Sharjah Cricket Stadium,Sharjah,2021.0,2021,10,3,4,1,0,1,239,0,268,0,19,256,18,14,17,12,56,20,120.0,174,206
1254088,2021-10-08,Mumbai Indians,Sunrisers Hyderabad,Ishan Kishan,Mumbai Indians,bat,"Zayed Cricket Stadium, Abu Dhabi",Abu Dhabi,2021.0,2021,10,4,4,1,1,0,282,0,201,0,19,427,20,17,20,12,16,74,120.0,217,138
1254088,2021-10-08,Sunrisers Hyderabad,Mumbai Indians,Ishan Kishan,Mumbai Indians,bat,"Zayed Cricket Stadium, Abu Dhabi",Abu Dhabi,2021.0,2021,10,4,4,0,1,0,200,0,282,0,19,427,20,17,20,12,16,74,120.0,138,217
1254101,2021-10-08,Delhi Capitals,Royal Challengers Bangalore,KS Bharat,Royal Challengers Bangalore,field,Dubai International Cricket Stadium,Dubai,2021.0,2021,10,4,4,0,0,1,109,0,239,0,19,329,15,8,11,12,92,26,120.0,47,208
1254101,2021-10-08,Royal Challengers Bangalore,Delhi Capitals,KS Bharat,Royal Challengers Bangalore,field,Dubai International Cricket Stadium,Dubai,2021.0,2021,10,4,4,1,0,1,240,0,109,0,19,329,15,8,11,12,92,26,120.0,209,47
1254114,2021-10-10,Delhi Capitals,Chennai Super Kings,RD Gaikwad,Chennai Super Kings,field,Dubai International Cricket Stadium,Dubai,2021.0,2021,10,6,4,0,0,1,109,0,257,0,19,345,10,11,14,12,92,26,120.0,48,193
1254114,2021-10-10,Chennai Super Kings,Delhi Capitals,RD Gaikwad,Chennai Super Kings,field,Dubai International Cricket Stadium,Dubai,2021.0,2021,10,6,4,1,0,1,256,0,109,0,19,345,10,11,14,12,92,26,120.0,193,48
1254115,2021-10-11,Royal Challengers Bangalore,Kolkata Knight Riders,SP Narine,Royal Challengers Bangalore,bat,Sharjah Cricket Stadium,Sharjah,2021.0,2021,10,0,4,1,1,0,240,0,268,0,19,276,17,13,16,11,56,20,120.0,210,207
1254115,2021-10-11,Kolkata Knight Riders,Royal Challengers Bangalore,SP Narine,Royal Challengers Bangalore,bat,Sharjah Cricket Stadium,Sharjah,2021.0,2021,10,0,4,0,1,0,269,0,239,0,19,276,17,13,16,11,56,20,120.0,207,209
1254116,2021-10-13,Delhi Capitals,Kolkata Knight Riders,VR Iyer,Kolkata Knight Riders,field,Sharjah Cricket Stadium,Sharjah,2021.0,2021,10,2,4,0,0,1,109,0,268,0,19,271,16,12,15,10,56,20,120.0,49,208
1254116,2021-10-13,Kolkata Knight Riders,Delhi Capitals,VR Iyer,Kolkata Knight Riders,field,Sharjah Cricket Stadium,Sharjah,2021.0,2021,10,2,4,1,0,1,269,0,109,0,19,271,16,12,15,10,56,20,120.0,208,49
1254117,2021-10-15,Chennai Super Kings,Kolkata Knight Riders,F du Plessis,Kolkata Knight Riders,field,Dubai International Cricket Stadium,Dubai,2021.0,2021,10,4,4,0,0,1,256,0,268,0,19,356,14,12,14,11,92,26,120.0,194,209
1254117,2021-10-15,Kolkata Knight Riders,Chennai Super Kings,F du Plessis,Kolkata Knight Riders,field,Dubai International Cricket Stadium,Dubai,2021.0,2021,10,4,4,1,0,1,269,0,257,0,19,356,14,12,14,11,92,26,120.0,209,194
1304047,2022-03-26,Chennai Super Kings,Kolkata Knight Riders,UT Yadav,Kolkata Knight Riders,field,"Wankhede Stadium, Mumbai",Mumbai,2022.0,2022,3,5,1,0,0,1,256,0,268,0,19,264,10,9,13,11,110,366,148.0,195,210
1304047,2022-03-26,Kolkata Knight Riders,Chennai Super Kings,UT Yadav,Kolkata Knight Riders,field,"Wankhede Stadium, Mumbai",Mumbai,2022.0,2022,3,5,1,1,0,1,269,0,257,0,19,264,10,9,13,11,110,366,148.0,210,195
1304048,2022-03-27,Mumbai Indians,Delhi Capitals,Kuldeep Yadav,Delhi Capitals,field,"Brabourne Stadium, Mumbai",Mumbai,2022.0,2022,3,6,1,0,0,1,282,0,109,0,19,356,14,11,15,11,34,366,148.0,218,50
1304048,2022-03-27,Delhi Capitals,Mumbai Indians,Kuldeep Yadav,Delhi Capitals,field,"Brabourne Stadium, Mumbai",Mumbai,2022.0,2022,3,6,1,1,0,1,109,0,282,0,19,356,14,11,15,11,34,366,148.0,50,218
1304049,2022-03-27,Royal Challengers Bangalore,Punjab Kings,OF Smith,Punjab Kings,field,"Dr DY Patil Sports Academy, Mumbai",Mumbai,2022.0,2022,3,6,1,0,0,1,240,0,78,0,19,412,44,7,11,12,40,366,148.0,211,15
1304049,2022-03-27,Punjab Kings,Royal Challengers Bangalore,OF Smith,Punjab Kings,field,"Dr DY Patil Sports Academy, Mumbai",Mumbai,2022.0,2022,3,6,1,1,0,1,78,0,239,0,19,412,44,7,11,12,40,366,148.0,15,210
1304050,2022-03-28,Lucknow Super Giants,Gujarat Titans,Mohammed Shami,Gujarat Titans,field,"Wankhede Stadium, Mumbai",Mumbai,2022.0,2022,3,0,1,0,0,1,63,0,64,0,19,319,13,11,15,11,110,366,148.0,1,1
1304050,2022-03-28,Gujarat Titans,Lucknow Super Giants,Mohammed Shami,Gujarat Titans,field,"Wankhede Stadium, Mumbai",Mumbai,2022.0,2022,3,0,1,1,0,1,64,0,62,0,19,319,13,11,15,11,110,366,148.0,1,1
1304051,2022-03-29,Rajasthan Royals,Sunrisers Hyderabad,SV Samson,Sunrisers Hyderabad,field,"Maharashtra Cricket Association Stadium, Pune",Pune,2022.0,2022,3,1,1,0,0,1,239,0,201,0,19,357,22,13,16,12,26,102,148.0,175,139
1304051,2022-03-29,Sunrisers Hyderabad,Rajasthan Royals,SV Samson,Sunrisers Hyderabad,field,"Maharashtra Cricket Association Stadium, Pune",Pune,2022.0,2022,3,1,1,1,0,1,200,0,240,0,19,357,22,13,16,12,26,102,148.0,139,176
1304052,2022-03-30,Kolkata Knight Riders,Royal Challengers Bangalore,PWH de Silva,Royal Challengers Bangalore,field,"Dr DY Patil Sports Academy, Mumbai",Mumbai,2022.0,2022,3,2,1,0,0,1,269,0,239,0,19,260,20,17,20,12,40,366,148.0,211,211
1304052,2022-03-30,Royal Challengers Bangalore,Kolkata Knight Riders,PWH de Silva,Royal Challengers Bangalore,field,"Dr DY Patil Sports Academy, Mumbai",Mumbai,2022.0,2022,3,2,1,1,0,1,240,0,268,0,19,260,20,17,20,12,40,366,148.0,212,211
1304053,2022-03-31,Chennai Super Kings,Lucknow Super Giants,E Lewis,Lucknow Super Giants,field,"Brabourne Stadium, Mumbai",Mumbai,2022.0,2022,3,3,1,0,0,1,256,0,62,0,19,416,27,11,15,13,34,366,148.0,196,2
1304053,2022-03-31,Lucknow Super Giants,Chennai Super Kings,E Lewis,Lucknow Super Giants,field,"Brabourne Stadium, Mumbai",Mumbai,2022.0,2022,3,3,1,1,0,1,63,0,257,0,19,416,27,11,15,13,34,366,148.0,2,196
1304054,2022-04-01,Punjab Kings,Kolkata Knight Riders,UT Yadav,Kolkata Knight Riders,field,"Wankhede Stadium, Mumbai",Mumbai,2022.0,2022,4,4,2,0,0,1,78,0,268,0,18,278,17,14,17,12,110,366,148.0,16,212
1304054,2022-04-01,Kolkata Knight Riders,Punjab Kings,UT Yadav,Kolkata Knight Riders,field,"Wankhede Stadium, Mumbai",Mumbai,2022.0,2022,4,4,2,1,0,1,269,0,78,0,18,278,17,14,17,12,110,366,148.0,212,16
1304055,2022-04-02,Rajasthan Royals,Mumbai Indians,JC Buttler,Mumbai Indians,field,"Dr DY Patil Sports Academy, Mumbai",Mumbai,2022.0,2022,4,5,2,0,0,1,239,0,282,0,19,362,21,16,18,12,40,366,148.0,176,219
1304055,2022-04-02,Mumbai Indians,Rajasthan Royals,JC Buttler,Mumbai Indians,field,"Dr DY Patil Sports Academy, Mumbai",Mumbai,2022.0,2022,4,5,2,1,0,1,282,0,240,0,19,362,21,16,18,12,40,366,148.0,219,177
1304056,2022-04-02,Gujarat Titans,Delhi Capitals,LH Ferguson,Delhi Capitals,field,"Maharashtra Cricket Association Stadium, Pune",Pune,2022.0,2022,4,5,2,0,0,1,64,0,109,0,19,328,18,15,19,12,26,102,148.0,2,51
1304056,2022-04-02,Delhi Capitals,Gujarat Titans,LH Ferguson,Delhi Capitals,field,"Maharashtra Cricket Association Stadium, Pune",Pune,2022.0,2022,4,5,2,1,0,1,109,0,64,0,19,328,18,15,19,12,26,102,148.0,51,2
1304057,2022-04-03,Punjab Kings,Chennai Super Kings,LS Livingstone,Chennai Super Kings,field,"Brabourne Stadium, Mumbai",Mumbai,2022.0,2022,4,6,2,0,0,1,78,0,257,0,19,305,17,18,21,12,34,366,148.0,17,197
1304057,2022-04-03,Chennai Super Kings,Punjab Kings,LS Livingstone,Chennai Super Kings,field,"Brabourne Stadium, Mumbai",Mumbai,2022.0,2022,4,6,2,1,0,1,256,0,78,0,19,305,17,18,21,12,34,366,148.0,197,17
1304058,2022-04-04,Lucknow Super Giants,Sunrisers Hyderabad,Avesh Khan,Sunrisers Hyderabad,field,"Dr DY Patil Sports Academy, Mumbai",Mumbai,2022.0,2022,4,0,2,0,0,1,63,0,201,0,19,326,14,16,18,11,40,366,148.0,3,140
1304058,2022-04-04,Sunrisers Hyderabad,Lucknow Super Giants,Avesh Khan,Sunrisers Hyderabad,field,"Dr DY Patil Sports Academy, Mumbai",Mumbai,2022.0,2022,4,0,2,1,0,1,200,0,62,0,19,326,14,16,18,11,40,366,148.0,140,3
1304059,2022-04-05,Rajasthan Royals,Royal Challengers Bangalore,KD Karthik,Royal Challengers Bangalore,field,"Wankhede Stadium, Mumbai",Mumbai,2022.0,2022,4,1,2,0,0,1,239,0,239,0,19,340,16,9,13,11,110,366,148.0,177,212
1304059,2022-04-05,Royal Challengers Bangalore,Rajasthan Royals,KD Karthik,Royal Challengers Bangalore,field,"Wankhede Stadium, Mumbai",Mumbai,2022.0,2022,4,1,2,1,0,1,240,0,240,0,19,340,16,9,13,11,110,366,148.0,213,178
1304060,2022-04-06,Mumbai Indians,Kolkata Knight Riders,PJ Cummins,Kolkata Knight Riders,field,"Maharashtra Cricket Association Stadium, Pune",Pune,2022.0,2022,4,2,2,0,0,1,282,0,268,0,19,323,6,9,13,12,26,102,148.0,220,213
1304060,2022-04-06,Kolkata Knight Riders,Mumbai Indians,PJ Cummins,Kolkata Knight Riders,field,"Maharashtra Cricket Association Stadium, Pune",Pune,2022.0,2022,4,2,2,1,0,1,269,0,282,0,19,323,6,9,13,12,26,102,148.0,213,220
1304061,2022-04-07,Delhi Capitals,Lucknow Super Giants,Q de Kock,Lucknow Super Giants,field,"Dr DY Patil Sports Academy, Mumbai",Mumbai,2022.0,2022,4,3,2,0,0,1,109,0,62,0,19,304,12,7,11,12,40,366,148.0,52,4
1304061,2022-04-07,Lucknow Super Giants,Delhi Capitals,Q de Kock,Lucknow Super Giants,field,"Dr DY Patil Sports Academy, Mumbai",Mumbai,2022.0,2022,4,3,2,1,0,1,63,0,109,0,19,304,12,7,11,12,40,366,148.0,4,52
1304062,2022-04-08,Punjab Kings,Gujarat Titans,Shubman Gill,Gujarat Titans,field,"Brabourne Stadium, Mumbai",Mumbai,2022.0,2022,4,4,2,0,0,1,78,0,64,0,19,379,11,13,17,12,34,366,148.0,18,3
1304062,2022-04-08,Gujarat Titans,Punjab Kings,Shubman Gill,Gujarat Titans,field,"Brabourne Stadium, Mumbai",Mumbai,2022.0,2022,4,4,2,1,0,1,64,0,78,0,19,379,11,13,17,12,34,366,148.0,3,18
1304063,2022-04-09,Chennai Super Kings,Sunrisers Hyderabad,Abhishek Sharma,Sunrisers Hyderabad,field,"Dr DY Patil Sports Academy, Mumbai",Mumbai,2022.0,2022,4,5,2,0,0,1,256,0,201,0,19,308,8,9,13,12,40,366,148.0,198,141
1304063,2022-04-09,Sunrisers Hyderabad,Chennai Super Kings,Abhishek Sharma,Sunrisers Hyderabad,field,"Dr DY Patil Sports Academy, Mumbai",Mumbai,2022.0,2022,4,5,2,1,0,1,200,0,257,0,19,308,8,9,13,12,40,366,148.0,141,198
1304064,2022-04-09,Mumbai Indians,Royal Challengers Bangalore,Anuj Rawat,Royal Challengers Bangalore,field,"Maharashtra Cricket Association Stadium, Pune",Pune,2022.0,2022,4,5,2,0,0,1,282,0,239,0,19,303,11,9,13,12,26,102,148.0,221,213
1304064,2022-04-09,Royal Challengers Bangalore,Mumbai Indians,Anuj Rawat,Royal Challengers Bangalore,field,"Maharashtra Cricket Association Stadium, Pune",Pune,2022.0,2022,4,5,2,1,0,1,240,0,282,0,19,303,11,9,13,12,26,102,148.0,214,221
1304065,2022-04-10,Delhi Capitals,Kolkata Knight Riders,Kuldeep Yadav,Kolkata Knight Riders,field,"Brabourne Stadium, Mumbai",Mumbai,2022.0,2022,4,6,2,0,0,1,109,0,268,0,19,386,22,15,18,14,34,366,148.0,53,214
1304065,2022-04-10,Kolkata Knight Riders,Delhi Capitals,Kuldeep Yadav,Kolkata Knight Riders,field,"Brabourne Stadium, Mumbai",Mumbai,2022.0,2022,4,6,2,1,0,1,269,0,109,0,19,386,22,15,18,14,34,366,148.0,214,53
1304066,2022-04-10,Rajasthan Royals,Lucknow Super Giants,YS Chahal,Lucknow Super Giants,field,"Wankhede Stadium, Mumbai",Mumbai,2022.0,2022,4,6,2,0,0,1,239,0,62,0,19,327,14,14,18,10,110,366,148.0,178,5
1304066,2022-04-10,Lucknow Super Giants,Rajasthan Royals,YS Chahal,Lucknow Super Giants,field,"Wankhede Stadium, Mumbai",Mumbai,2022.0,2022,4,6,2,1,0,1,63,0,240,0,19,327,14,14,18,10,110,366,148.0,5,179
1304067,2022-04-11,Gujarat Titans,Sunrisers Hyderabad,KS Williamson,Sunrisers Hyderabad,field,"Dr DY Patil Sports Academy, Mumbai",Mumbai,2022.0,2022,4,0,2,0,0,1,64,0,201,0,19,330,28,10,13,12,40,366,148.0,4,142
1304067,2022-04-11,Sunrisers Hyderabad,Gujarat Titans,KS Williamson,Sunrisers Hyderabad,field,"Dr DY Patil Sports Academy, Mumbai",Mumbai,2022.0,2022,4,0,2,1,0,1,200,0,64,0,19,330,28,10,13,12,40,366,148.0,142,4
1304068,2022-04-12,Chennai Super Kings,Royal Challengers Bangalore,S Dube,Royal Challengers Bangalore,field,"Dr DY Patil Sports Academy, Mumbai",Mumbai,2022.0,2022,4,1,2,0,0,1,256,0,239,0,19,406,19,13,16,12,40,366,148.0,199,214
1304068,2022-04-12,Royal Challengers Bangalore,Chennai Super Kings,S Dube,Royal Challengers Bangalore,field,"Dr DY Patil Sports Academy, Mumbai",Mumbai,2022.0,2022,4,1,2,1,0,1,240,0,257,0,19,406,19,13,16,12,40,366,148.0,215,199
1304069,2022-04-13,Punjab Kings,Mumbai Indians,MA Agarwal,Mumbai Indians,field,"Maharashtra Cricket Association Stadium, Pune",Pune,2022.0,2022,4,2,2,0,0,1,78,0,282,0,19,383,20,14,17,11,26,102,148.0,19,222
1304069,2022-04-13,Mumbai Indians,Punjab Kings,MA Agarwal,Mumbai Indians,field,"Maharashtra Cricket Association Stadium, Pune",Pune,2022.0,2022,4,2,2,1,0,1,282,0,78,0,19,383,20,14,17,11,26,102,148.0,222,19
1304070,2022-04-14,Gujarat Titans,Rajasthan Royals,HH Pandya,Rajasthan Royals,field,"Dr DY Patil Sports Academy, Mumbai",Mumbai,2022.0,2022,4,3,2,0,0,1,64,0,240,0,19,347,7,13,17,13,40,366,148.0,5,180
1304070,2022-04-14,Rajasthan Royals,Gujarat Titans,HH Pandya,Rajasthan Royals,field,"Dr DY Patil Sports Academy, Mumbai",Mumbai,2022.0,2022,4,3,2,1,0,1,239,0,64,0,19,347,7,13,17,13,40,366,148.0,179,5
1304071,2022-04-15,Kolkata Knight Riders,Sunrisers Hyderabad,RA Tripathi,Sunrisers Hyderabad,field,"Brabourne Stadium, Mumbai",Mumbai,2022.0,2022,4,4,2,0,0,1,269,0,201,0,19,351,21,11,15,12,34,366,148.0,215,143
1304071,2022-04-15,Sunrisers Hyderabad,Kolkata Knight Riders,RA Tripathi,Sunrisers Hyderabad,field,"Brabourne Stadium, Mumbai",Mumbai,2022.0,2022,4,4,2,1,0,1,200,0,268,0,19,351,21,11,15,12,34,366,148.0,143,215
1304072,2022-04-16,Lucknow Super Giants,Mumbai Indians,KL Rahul,Mumbai Indians,field,"Brabourne Stadium, Mumbai",Mumbai,2022.0,2022,4,5,2,0,0,1,63,0,282,0,19,380,23,13,16,12,34,366,148.0,6,223
1304072,2022-04-16,Mumbai Indians,Lucknow Super Giants,KL Rahul,Mumbai Indians,field,"Brabourne Stadium, Mumbai",Mumbai,2022.0,2022,4,5,2,1,0,1,282,0,62,0,19,380,23,13,16,12,34,366,148.0,223,6
1304073,2022-04-16,Royal Challengers Bangalore,Delhi Capitals,KD Karthik,Delhi Capitals,field,"Wankhede Stadium, Mumbai",Mumbai,2022.0,2022,4,5,2,0,0,1,240,0,109,0,19,361,14,12,16,11,110,366,148.0,216,54
1304073,2022-04-16,Delhi Capitals,Royal Challengers Bangalore,KD Karthik,Delhi Capitals,field,"Wankhede Stadium, Mumbai",Mumbai,2022.0,2022,4,5,2,1,0,1,109,0,239,0,19,361,14,12,16,11,110,366,148.0,54,215
1304074,2022-04-17,Punjab Kings,Sunrisers Hyderabad,Umran Malik,Sunrisers Hyderabad,field,"Dr DY Patil Sports Academy, Mumbai",Mumbai,2022.0,2022,4,6,2,0,0,1,78,0,201,0,19,303,15,13,15,11,40,366,148.0,20,144
1304074,2022-04-17,Sunrisers Hyderabad,Punjab Kings,Umran Malik,Sunrisers Hyderabad,field,"Dr DY Patil Sports Academy, Mumbai",Mumbai,2022.0,2022,4,6,2,1,0,1,200,0,78,0,19,303,15,13,15,11,40,366,148.0,144,20
1304075,2022-04-17,Chennai Super Kings,Gujarat Titans,DA Miller,Gujarat Titans,field,"Maharashtra Cricket Association Stadium, Pune",Pune,2022.0,2022,4,6,2,0,0,1,256,0,64,0,19,339,12,12,14,11,26,102,148.0,200,6
1304075,2022-04-17,Gujarat Titans,Chennai Super Kings,DA Miller,Gujarat Titans,field,"Maharashtra Cricket Association Stadium, Pune",Pune,2022.0,2022,4,6,2,1,0,1,64,0,257,0,19,339,12,12,14,11,26,102,148.0,6,200
1304076,2022-04-18,Rajasthan Royals,Kolkata Knight Riders,YS Chahal,Kolkata Knight Riders,field,"Brabourne Stadium, Mumbai",Mumbai,2022.0,2022,4,0,2,0,0,1,239,0,268,0,19,426,28,15,17,11,34,366,148.0,180,216
1304076,2022-04-18,Kolkata Knight Riders,Rajasthan Royals,YS Chahal,Kolkata Knight Riders,field,"Brabourne Stadium, Mumbai",Mumbai,2022.0,2022,4,0,2,1,0,1,269,0,240,0,19,426,28,15,17,11,34,366,148.0,216,181
1304077,2022-04-19,Royal Challengers Bangalore,Lucknow Super Giants,F du Plessis,Lucknow Super Giants,field,"Dr DY Patil Sports Academy, Mumbai",Mumbai,2022.0,2022,4,1,2,0,0,1,240,0,62,0,19,344,24,14,18,12,40,366,148.0,217,7
1304077,2022-04-19,Lucknow Super Giants,Royal Challengers Bangalore,F du Plessis,Lucknow Super Giants,field,"Dr DY Patil Sports Academy, Mumbai",Mumbai,2022.0,2022,4,1,2,1,0,1,63,0,239,0,19,344,24,14,18,12,40,366,148.0,7,216
1304078,2022-04-20,Punjab Kings,Delhi Capitals,Kuldeep Yadav,Delhi Capitals,field,"Brabourne Stadium, Mumbai",Mumbai,2022.0,2022,4,2,2,0,0,1,78,0,109,0,19,234,8,11,14,11,34,366,148.0,21,55
1304078,2022-04-20,Delhi Capitals,Punjab Kings,Kuldeep Yadav,Delhi Capitals,field,"Brabourne Stadium, Mumbai",Mumbai,2022.0,2022,4,2,2,1,0,1,109,0,78,0,19,234,8,11,14,11,34,366,148.0,55,21
1304079,2022-04-21,Mumbai Indians,Chennai Super Kings,Mukesh Choudhary,Chennai Super Kings,field,"Dr DY Patil Sports Academy, Mumbai",Navi Mumbai,2022.0,2022,4,3,2,0,0,1,282,0,257,0,19,310,12,14,18,11,40,18,148.0,224,201
1304079,2022-04-21,Chennai Super Kings,Mumbai Indians,Mukesh Choudhary,Chennai Super Kings,field,"Dr DY Patil Sports Academy, Mumbai",Navi Mumbai,2022.0,2022,4,3,2,1,0,1,256,0,282,0,19,310,12,14,18,11,40,18,148.0,201,224
1304080,2022-04-22,Rajasthan Royals,Delhi Capitals,JC Buttler,Delhi Capitals,field,"Wankhede Stadium, Mumbai",Mumbai,2022.0,2022,4,4,2,0,0,1,239,0,109,0,19,428,17,10,13,12,110,366,148.0,181,56
1304080,2022-04-22,Delhi Capitals,Rajasthan Royals,JC Buttler,Delhi Capitals,field,"Wankhede Stadium, Mumbai",Mumbai,2022.0,2022,4,4,2,1,0,1,109,0,240,0,19,428,17,10,13,12,110,366,148.0,56,182
1304081,2022-04-23,Gujarat Titans,Kolkata Knight Riders,Rashid Khan,Gujarat Titans,bat,"Dr DY Patil Sports Academy, Mumbai",Navi Mumbai,2022.0,2022,4,5,2,1,1,0,64,0,268,0,19,304,17,17,20,11,40,18,148.0,7,217
1304081,2022-04-23,Kolkata Knight Riders,Gujarat Titans,Rashid Khan,Gujarat Titans,bat,"Dr DY Patil Sports Academy, Mumbai",Navi Mumbai,2022.0,2022,4,5,2,0,1,0,269,0,64,0,19,304,17,17,20,11,40,18,148.0,217,7
1304082,2022-04-23,Royal Challengers Bangalore,Sunrisers Hyderabad,M Jansen,Sunrisers Hyderabad,field,"Brabourne Stadium, Mumbai",Mumbai,2022.0,2022,4,5,2,0,0,1,240,0,201,0,16,139,13,11,14,9,34,366,148.0,218,145
1304082,2022-04-23,Sunrisers Hyderabad,Royal Challengers Bangalore,M Jansen,Sunrisers Hyderabad,field,"Brabourne Stadium, Mumbai",Mumbai,2022.0,2022,4,5,2,1,0,1,200,0,239,0,16,139,13,11,14,9,34,366,148.0,145,217
1304083,2022-04-24,Lucknow Super Giants,Mumbai Indians,KL Rahul,Mumbai Indians,field,"Wankhede Stadium, Mumbai",Mumbai,2022.0,2022,4,6,2,0,0,1,63,0,282,0,19,297,19,14,17,12,110,366,148.0,8,225
1304083,2022-04-24,Mumbai Indians,Lucknow Super Giants,KL Rahul,Mumbai Indians,field,"Wankhede Stadium, Mumbai",Mumbai,2022.0,2022,4,6,2,1,0,1,282,0,62,0,19,297,19,14,17,12,110,366,148.0,225,8
1304084,2022-04-25,Punjab Kings,Chennai Super Kings,S Dhawan,Chennai Super Kings,field,"Wankhede Stadium, Mumbai",Mumbai,2022.0,2022,4,0,2,0,0,1,78,0,257,0,19,362,29,10,13,12,110,366,148.0,22,202
1304084,2022-04-25,Chennai Super Kings,Punjab Kings,S Dhawan,Chennai Super Kings,field,"Wankhede Stadium, Mumbai",Mumbai,2022.0,2022,4,0,2,1,0,1,256,0,78,0,19,362,29,10,13,12,110,366,148.0,202,22
1304085,2022-04-26,Rajasthan Royals,Royal Challengers Bangalore,R Parag,Royal Challengers Bangalore,field,"Maharashtra Cricket Association Stadium, Pune",Pune,2022.0,2022,4,1,2,0,0,1,239,0,239,0,19,258,13,18,20,12,26,102,148.0,182,218
1304085,2022-04-26,Royal Challengers Bangalore,Rajasthan Royals,R Parag,Royal Challengers Bangalore,field,"Maharashtra Cricket Association Stadium, Pune",Pune,2022.0,2022,4,1,2,1,0,1,240,0,240,0,19,258,13,18,20,12,26,102,148.0,219,183
1304086,2022-04-27,Sunrisers Hyderabad,Gujarat Titans,Umran Malik,Gujarat Titans,field,"Wankhede Stadium, Mumbai",Mumbai,2022.0,2022,4,2,2,0,0,1,200,0,64,0,19,394,25,11,15,10,110,366,148.0,146,8
1304086,2022-04-27,Gujarat Titans,Sunrisers Hyderabad,Umran Malik,Gujarat Titans,field,"Wankhede Stadium, Mumbai",Mumbai,2022.0,2022,4,2,2,1,0,1,64,0,201,0,19,394,25,11,15,10,110,366,148.0,8,146
1304087,2022-04-28,Kolkata Knight Riders,Delhi Capitals,Kuldeep Yadav,Delhi Capitals,field,"Wankhede Stadium, Mumbai",Mumbai,2022.0,2022,4,3,2,0,0,1,269,0,109,0,19,296,15,15,19,14,110,366,148.0,218,57
1304087,2022-04-28,Delhi Capitals,Kolkata Knight Riders,Kuldeep Yadav,Delhi Capitals,field,"Wankhede Stadium, Mumbai",Mumbai,2022.0,2022,4,3,2,1,0,1,109,0,268,0,19,296,15,15,19,14,110,366,148.0,57,218
1304088,2022-04-29,Lucknow Super Giants,Punjab Kings,KH Pandya,Punjab Kings,field,"Maharashtra Cricket Association Stadium, Pune",Pune,2022.0,2022,4,4,2,0,0,1,63,0,78,0,19,286,27,16,20,12,26,102,148.0,9,23
1304088,2022-04-29,Punjab Kings,Lucknow Super Giants,KH Pandya,Punjab Kings,field,"Maharashtra Cricket Association Stadium, Pune",Pune,2022.0,2022,4,4,2,1,0,1,78,0,62,0,19,286,27,16,20,12,26,102,148.0,23,9
1304089,2022-04-30,Royal Challengers Bangalore,Gujarat Titans,R Tewatia,Royal Challengers Bangalore,bat,"Brabourne Stadium, Mumbai",Mumbai,2022.0,2022,4,5,2,1,1,0,240,0,64,0,19,344,16,10,13,11,34,366,148.0,220,9
1304089,2022-04-30,Gujarat Titans,Royal Challengers Bangalore,R Tewatia,Royal Challengers Bangalore,bat,"Brabourne Stadium, Mumbai",Mumbai,2022.0,2022,4,5,2,0,1,0,64,0,239,0,19,344,16,10,13,11,34,366,148.0,9,219
1304090,2022-04-30,Rajasthan Royals,Mumbai Indians,SA Yadav,Mumbai Indians,field,"Dr DY Patil Sports Academy, Mumbai",Navi Mumbai,2022.0,2022,4,5,2,0,0,1,239,0,282,0,19,319,23,11,15,12,40,18,148.0,183,226
1304090,2022-04-30,Mumbai Indians,Rajasthan Royals,SA Yadav,Mumbai Indians,field,"Dr DY Patil Sports Academy, Mumbai",Navi Mumbai,2022.0,2022,4,5,2,1,0,1,282,0,240,0,19,319,23,11,15,12,40,18,148.0,226,184
1304091,2022-05-01,Lucknow Super Giants,Delhi Capitals,Mohsin Khan,Lucknow Super Giants,bat,"Wankhede Stadium, Mumbai",Mumbai,2022.0,2022,5,6,2,1,1,0,63,0,109,0,19,383,19,10,14,13,110,366,148.0,10,58
1304091,2022-05-01,Delhi Capitals,Lucknow Super Giants,Mohsin Khan,Lucknow Super Giants,bat,"Wankhede Stadium, Mumbai",Mumbai,2022.0,2022,5,6,2,0,1,0,109,0,62,0,19,383,19,10,14,13,110,366,148.0,58,10
1304092,2022-05-01,Chennai Super Kings,Sunrisers Hyderabad,RD Gaikwad,Sunrisers Hyderabad,field,"Maharashtra Cricket Association Stadium, Pune",Pune,2022.0,2022,5,6,2,0,0,1,256,0,201,0,19,391,14,8,11,12,26,102,148.0,203,147
1304092,2022-05-01,Sunrisers Hyderabad,Chennai Super Kings,RD Gaikwad,Sunrisers Hyderabad,field,"Maharashtra Cricket Association Stadium, Pune",Pune,2022.0,2022,5,6,2,1,0,1,200,0,257,0,19,391,14,8,11,12,26,102,148.0,147,203
1304093,2022-05-02,Rajasthan Royals,Kolkata Knight Riders,RK Singh,Kolkata Knight Riders,field,"Wankhede Stadium, Mumbai",Mumbai,2022.0,2022,5,0,2,0,0,1,239,0,268,0,19,310,24,8,12,10,110,366,148.0,184,219
1304093,2022-05-02,Kolkata Knight Riders,Rajasthan Royals,RK Singh,Kolkata Knight Riders,field,"Wankhede Stadium, Mumbai",Mumbai,2022.0,2022,5,0,2,1,0,1,269,0,240,0,19,310,24,8,12,10,110,366,148.0,219,185
1304094,2022-05-03,Gujarat Titans,Punjab Kings,K Rabada,Gujarat Titans,bat,"Dr DY Patil Sports Academy, Mumbai",Navi Mumbai,2022.0,2022,5,1,2,1,1,0,64,0,78,0,19,287,25,10,14,11,40,18,148.0,10,24
1304094,2022-05-03,Punjab Kings,Gujarat Titans,K Rabada,Gujarat Titans,bat,"Dr DY Patil Sports Academy, Mumbai",Navi Mumbai,2022.0,2022,5,1,2,0,1,0,78,0,64,0,19,287,25,10,14,11,40,18,148.0,24,10
1304095,2022-05-04,Royal Challengers Bangalore,Chennai Super Kings,HV Patel,Chennai Super Kings,field,"Maharashtra Cricket Association Stadium, Pune",Pune,2022.0,2022,5,2,2,0,0,1,240,0,257,0,19,333,16,16,18,12,26,102,148.0,221,204
1304095,2022-05-04,Chennai Super Kings,Royal Challengers Bangalore,HV Patel,Chennai Super Kings,field,"Maharashtra Cricket Association Stadium, Pune",Pune,2022.0,2022,5,2,2,1,0,1,256,0,239,0,19,333,16,16,18,12,26,102,148.0,204,220
1304096,2022-05-05,Delhi Capitals,Sunrisers Hyderabad,DA Warner,Sunrisers Hyderabad,field,"Brabourne Stadium, Mumbai",Mumbai,2022.0,2022,5,3,2,0,0,1,109,0,201,0,19,392,22,11,15,11,34,366,148.0,59,148
1304096,2022-05-05,Sunrisers Hyderabad,Delhi Capitals,DA Warner,Sunrisers Hyderabad,field,"Brabourne Stadium, Mumbai",Mumbai,2022.0,2022,5,3,2,1,0,1,200,0,109,0,19,392,22,11,15,11,34,366,148.0,148,59
1304097,2022-05-06,Mumbai Indians,Gujarat Titans,TH David,Gujarat Titans,field,"Brabourne Stadium, Mumbai",Mumbai,2022.0,2022,5,4,2,0,0,1,282,0,64,0,19,349,11,11,14,12,34,366,148.0,227,11
1304097,2022-05-06,Gujarat Titans,Mumbai Indians,TH David,Gujarat Titans,field,"Brabourne Stadium, Mumbai",Mumbai,2022.0,2022,5,4,2,1,0,1,64,0,282,0,19,349,11,11,14,12,34,366,148.0,11,227
1304098,2022-05-07,Punjab Kings,Rajasthan Royals,YBK Jaiswal,Punjab Kings,bat,"Wankhede Stadium, Mumbai",Mumbai,2022.0,2022,5,5,2,1,1,0,78,0,240,0,19,378,20,9,13,11,110,366,148.0,25,186
1304098,2022-05-07,Rajasthan Royals,Punjab Kings,YBK Jaiswal,Punjab Kings,bat,"Wankhede Stadium, Mumbai",Mumbai,2022.0,2022,5,5,2,0,1,0,239,0,78,0,19,378,20,9,13,11,110,366,148.0,185,25
1304099,2022-05-07,Lucknow Super Giants,Kolkata Knight Riders,Avesh Khan,Kolkata Knight Riders,field,"Maharashtra Cricket Association Stadium, Pune",Pune,2022.0,2022,5,5,2,0,0,1,63,0,268,0,19,277,7,17,18,11,26,102,148.0,11,220
1304099,2022-05-07,Kolkata Knight Riders,Lucknow Super Giants,Avesh Khan,Kolkata Knight Riders,field,"Maharashtra Cricket Association Stadium, Pune",Pune,2022.0,2022,5,5,2,1,0,1,269,0,62,0,19,277,7,17,18,11,26,102,148.0,220,11
1304100,2022-05-08,Royal Challengers Bangalore,Sunrisers Hyderabad,PWH de Silva,Royal Challengers Bangalore,bat,"Wankhede Stadium, Mumbai",Mumbai,2022.0,2022,5,6,2,1,1,0,240,0,201,0,19,316,14,13,15,13,110,366,148.0,222,149
1304100,2022-05-08,Sunrisers Hyderabad,Royal Challengers Bangalore,PWH de Silva,Royal Challengers Bangalore,bat,"Wankhede Stadium, Mumbai",Mumbai,2022.0,2022,5,6,2,0,1,0,200,0,239,0,19,316,14,13,15,13,110,366,148.0,149,221
1304101,2022-05-08,Chennai Super Kings,Delhi Capitals,DP Conway,Delhi Capitals,field,"Dr DY Patil Sports Academy, Mumbai",Navi Mumbai,2022.0,2022,5,6,2,0,0,1,256,0,109,0,19,325,16,16,19,11,40,18,148.0,205,60
1304101,2022-05-08,Delhi Capitals,Chennai Super Kings,DP Conway,Delhi Capitals,field,"Dr DY Patil Sports Academy, Mumbai",Navi Mumbai,2022.0,2022,5,6,2,1,0,1,109,0,257,0,19,325,16,16,19,11,40,18,148.0,60,205
1304102,2022-05-09,Kolkata Knight Riders,Mumbai Indians,JJ Bumrah,Mumbai Indians,field,"Dr DY Patil Sports Academy, Mumbai",Navi Mumbai,2022.0,2022,5,0,2,0,0,1,269,0,282,0,19,278,21,19,20,12,40,18,148.0,221,228
1304102,2022-05-09,Mumbai Indians,Kolkata Knight Riders,JJ Bumrah,Mumbai Indians,field,"Dr DY Patil Sports Academy, Mumbai",Navi Mumbai,2022.0,2022,5,0,2,1,0,1,282,0,268,0,19,278,21,19,20,12,40,18,148.0,228,221
1304103,2022-05-10,Gujarat Titans,Lucknow Super Giants,Shubman Gill,Gujarat Titans,bat,"Maharashtra Cricket Association Stadium, Pune",Pune,2022.0,2022,5,1,2,1,1,0,64,0,62,0,19,226,10,14,16,11,26,102,148.0,12,12
1304103,2022-05-10,Lucknow Super Giants,Gujarat Titans,Shubman Gill,Gujarat Titans,bat,"Maharashtra Cricket Association Stadium, Pune",Pune,2022.0,2022,5,1,2,0,1,0,63,0,64,0,19,226,10,14,16,11,26,102,148.0,12,12
1304104,2022-05-11,Rajasthan Royals,Delhi Capitals,MR Marsh,Delhi Capitals,field,"Dr DY Patil Sports Academy, Mumbai",Navi Mumbai,2022.0,2022,5,2,2,0,0,1,239,0,109,0,19,321,13,8,12,11,40,18,148.0,186,61
1304104,2022-05-11,Delhi Capitals,Rajasthan Royals,MR Marsh,Delhi Capitals,field,"Dr DY Patil Sports Academy, Mumbai",Navi Mumbai,2022.0,2022,5,2,2,1,0,1,109,0,240,0,19,321,13,8,12,11,40,18,148.0,61,187
1304105,2022-05-12,Chennai Super Kings,Mumbai Indians,DR Sams,Mumbai Indians,field,"Wankhede Stadium, Mumbai",Mumbai,2022.0,2022,5,3,2,0,0,1,256,0,282,0,15,199,24,15,18,11,110,366,148.0,206,229
1304105,2022-05-12,Mumbai Indians,Chennai Super Kings,DR Sams,Mumbai Indians,field,"Wankhede Stadium, Mumbai",Mumbai,2022.0,2022,5,3,2,1,0,1,282,0,257,0,15,199,24,15,18,11,110,366,148.0,229,206
1304106,2022-05-13,Punjab Kings,Royal Challengers Bangalore,JM Bairstow,Royal Challengers Bangalore,field,"Brabourne Stadium, Mumbai",Mumbai,2022.0,2022,5,4,2,0,0,1,78,0,239,0,19,364,17,18,21,11,34,366,148.0,26,222
1304106,2022-05-13,Royal Challengers Bangalore,Punjab Kings,JM Bairstow,Royal Challengers Bangalore,field,"Brabourne Stadium, Mumbai",Mumbai,2022.0,2022,5,4,2,1,0,1,240,0,78,0,19,364,17,18,21,11,34,366,148.0,223,26
1304107,2022-05-14,Kolkata Knight Riders,Sunrisers Hyderabad,AD Russell,Kolkata Knight Riders,bat,"Maharashtra Cricket Association Stadium, Pune",Pune,2022.0,2022,5,5,2,1,1,0,269,0,201,0,19,300,15,14,18,10,26,102,148.0,222,150
1304107,2022-05-14,Sunrisers Hyderabad,Kolkata Knight Riders,AD Russell,Kolkata Knight Riders,bat,"Maharashtra Cricket Association Stadium, Pune",Pune,2022.0,2022,5,5,2,0,1,0,200,0,268,0,19,300,15,14,18,10,26,102,148.0,150,222
1304108,2022-05-15,Chennai Super Kings,Gujarat Titans,WP Saha,Chennai Super Kings,bat,"Wankhede Stadium, Mumbai",Mumbai,2022.0,2022,5,6,2,1,1,0,256,0,64,0,19,269,16,8,12,12,110,366,148.0,207,13
1304108,2022-05-15,Gujarat Titans,Chennai Super Kings,WP Saha,Chennai Super Kings,bat,"Wankhede Stadium, Mumbai",Mumbai,2022.0,2022,5,6,2,0,1,0,64,0,257,0,19,269,16,8,12,12,110,366,148.0,13,207
1304109,2022-05-15,Rajasthan Royals,Lucknow Super Giants,TA Boult,Rajasthan Royals,bat,"Brabourne Stadium, Mumbai",Mumbai,2022.0,2022,5,6,2,1,1,0,239,0,62,0,19,331,18,14,18,13,34,366,148.0,187,13
1304109,2022-05-15,Lucknow Super Giants,Rajasthan Royals,TA Boult,Rajasthan Royals,bat,"Brabourne Stadium, Mumbai",Mumbai,2022.0,2022,5,6,2,0,1,0,63,0,240,0,19,331,18,14,18,13,34,366,148.0,13,188
1304110,2022-05-16,Delhi Capitals,Punjab Kings,SN Thakur,Punjab Kings,field,"Dr DY Patil Sports Academy, Mumbai",Navi Mumbai,2022.0,2022,5,0,2,0,0,1,109,0,78,0,19,300,14,16,20,12,40,18,148.0,62,27
1304110,2022-05-16,Punjab Kings,Delhi Capitals,SN Thakur,Punjab Kings,field,"Dr DY Patil Sports Academy, Mumbai",Navi Mumbai,2022.0,2022,5,0,2,1,0,1,78,0,109,0,19,300,14,16,20,12,40,18,148.0,27,62
1304111,2022-05-17,Sunrisers Hyderabad,Mumbai Indians,RA Tripathi,Mumbai Indians,field,"Wankhede Stadium, Mumbai",Mumbai,2022.0,2022,5,1,2,0,0,1,200,0,282,0,19,382,22,13,16,12,110,366,148.0,151,230
1304111,2022-05-17,Mumbai Indians,Sunrisers Hyderabad,RA Tripathi,Mumbai Indians,field,"Wankhede Stadium, Mumbai",Mumbai,2022.0,2022,5,1,2,1,0,1,282,0,201,0,19,382,22,13,16,12,110,366,148.0,230,151
1304112,2022-05-18,Lucknow Super Giants,Kolkata Knight Riders,Q de Kock,Lucknow Super Giants,bat,"Dr DY Patil Sports Academy, Mumbai",Navi Mumbai,2022.0,2022,5,2,2,1,1,0,63,0,268,0,19,416,10,8,11,12,40,18,148.0,14,223
1304112,2022-05-18,Kolkata Knight Riders,Lucknow Super Giants,Q de Kock,Lucknow Super Giants,bat,"Dr DY Patil Sports Academy, Mumbai",Navi Mumbai,2022.0,2022,5,2,2,0,1,0,269,0,62,0,19,416,10,8,11,12,40,18,148.0,223,14
1304113,2022-05-19,Gujarat Titans,Royal Challengers Bangalore,V Kohli,Gujarat Titans,bat,"Wankhede Stadium, Mumbai",Mumbai,2022.0,2022,5,3,2,1,1,0,64,0,239,0,19,338,14,7,11,13,110,366,148.0,14,223
1304113,2022-05-19,Royal Challengers Bangalore,Gujarat Titans,V Kohli,Gujarat Titans,bat,"Wankhede Stadium, Mumbai",Mumbai,2022.0,2022,5,3,2,0,1,0,240,0,64,0,19,338,14,7,11,13,110,366,148.0,224,14
1304114,2022-05-20,Chennai Super Kings,Rajasthan Royals,R Ashwin,Chennai Super Kings,bat,"Brabourne Stadium, Mumbai",Mumbai,2022.0,2022,5,4,2,1,1,0,256,0,240,0,19,301,21,11,15,11,34,366,148.0,208,189
1304114,2022-05-20,Rajasthan Royals,Chennai Super Kings,R Ashwin,Chennai Super Kings,bat,"Brabourne Stadium, Mumbai",Mumbai,2022.0,2022,5,4,2,0,1,0,239,0,257,0,19,301,21,11,15,11,34,366,148.0,188,208
1304115,2022-05-21,Delhi Capitals,Mumbai Indians,JJ Bumrah,Mumbai Indians,field,"Wankhede Stadium, Mumbai",Mumbai,2022.0,2022,5,5,2,0,0,1,109,0,282,0,19,318,18,12,16,12,110,366,148.0,63,231
1304115,2022-05-21,Mumbai Indians,Delhi Capitals,JJ Bumrah,Mumbai Indians,field,"Wankhede Stadium, Mumbai",Mumbai,2022.0,2022,5,5,2,1,0,1,282,0,109,0,19,318,18,12,16,12,110,366,148.0,231,63
1304116,2022-05-22,Sunrisers Hyderabad,Punjab Kings,Harpreet Brar,Sunrisers Hyderabad,bat,"Wankhede Stadium, Mumbai",Mumbai,2022.0,2022,5,6,2,1,1,0,200,0,78,0,19,317,18,13,17,11,110,366,148.0,152,28
1304116,2022-05-22,Punjab Kings,Sunrisers Hyderabad,Harpreet Brar,Sunrisers Hyderabad,bat,"Wankhede Stadium, Mumbai",Mumbai,2022.0,2022,5,6,2,0,1,0,78,0,201,0,19,317,18,13,17,11,110,366,148.0,28,152
1312197,2022-05-24,Rajasthan Royals,Gujarat Titans,DA Miller,Gujarat Titans,field,"Eden Gardens, Kolkata",Kolkata,2022.0,2022,5,1,2,0,0,1,239,0,64,0,19,379,24,9,12,11,51,205,148.0,189,15
1312197,2022-05-24,Gujarat Titans,Rajasthan Royals,DA Miller,Gujarat Titans,field,"Eden Gardens, Kolkata",Kolkata,2022.0,2022,5,1,2,1,0,1,64,0,240,0,19,379,24,9,12,11,51,205,148.0,15,190
1312198,2022-05-25,Royal Challengers Bangalore,Lucknow Super Giants,RM Patidar,Lucknow Super Giants,field,"Eden Gardens, Kolkata",Kolkata,2022.0,2022,5,2,2,0,0,1,240,0,62,0,19,398,30,10,14,10,51,205,148.0,225,15
1312198,2022-05-25,Lucknow Super Giants,Royal Challengers Bangalore,RM Patidar,Lucknow Super Giants,field,"Eden Gardens, Kolkata",Kolkata,2022.0,2022,5,2,2,1,0,1,63,0,239,0,19,398,30,10,14,10,51,205,148.0,15,224
1312199,2022-05-27,Royal Challengers Bangalore,Rajasthan Royals,JC Buttler,Rajasthan Royals,field,"Narendra Modi Stadium, Ahmedabad",Ahmedabad,2022.0,2022,5,4,2,0,0,1,240,0,240,0,19,317,14,11,15,11,68,92,148.0,226,191
1312199,2022-05-27,Rajasthan Royals,Royal Challengers Bangalore,JC Buttler,Rajasthan Royals,field,"Narendra Modi Stadium, Ahmedabad",Ahmedabad,2022.0,2022,5,4,2,1,0,1,239,0,239,0,19,317,14,11,15,11,68,92,148.0,190,225
1312200,2022-05-29,Rajasthan Royals,Gujarat Titans,HH Pandya,Rajasthan Royals,bat,"Narendra Modi Stadium, Ahmedabad",Ahmedabad,2022.0,2022,5,6,2,1,1,0,239,0,64,0,19,263,11,12,14,11,68,92,148.0,191,16
1312200,2022-05-29,Gujarat Titans,Rajasthan Royals,HH Pandya,Rajasthan Royals,bat,"Narendra Modi Stadium, Ahmedabad",Ahmedabad,2022.0,2022,5,6,2,0,1,0,64,0,240,0,19,263,11,12,14,11,68,92,148.0,16,192
1359475,2023-03-31,Chennai Super Kings,Gujarat Titans,Rashid Khan,Gujarat Titans,field,"Narendra Modi Stadium, Ahmedabad",Ahmedabad,2023.0,2023,3,4,1,0,0,1,256,0,64,0,19,359,19,12,16,11,68,92,147.0,209,17
1359475,2023-03-31,Gujarat Titans,Chennai Super Kings,Rashid Khan,Gujarat Titans,field,"Narendra Modi Stadium, Ahmedabad",Ahmedabad,2023.0,2023,3,4,1,1,0,1,64,0,257,0,19,359,19,12,16,11,68,92,147.0,17,209
1359476,2023-04-01,Punjab Kings,Kolkata Knight Riders,Arshdeep Singh,Kolkata Knight Riders,field,"Punjab Cricket Association IS Bindra Stadium, Mohali, Chandigarh",Chandigarh,2023.0,2023,4,5,2,0,0,1,78,0,268,0,19,337,10,12,16,12,10,122,147.0,29,224
1359476,2023-04-01,Kolkata Knight Riders,Punjab Kings,Arshdeep Singh,Kolkata Knight Riders,field,"Punjab Cricket Association IS Bindra Stadium, Mohali, Chandigarh",Chandigarh,2023.0,2023,4,5,2,1,0,1,269,0,78,0,19,337,10,12,16,12,10,122,147.0,224,29
1359477,2023-04-01,Lucknow Super Giants,Delhi Capitals,MA Wood,Delhi Capitals,field,"Bharat Ratna Shri Atal Bihari Vajpayee Ekana Cricket Stadium, Lucknow",Lucknow,2023.0,2023,4,5,2,0,0,1,63,0,109,0,19,336,18,15,19,11,47,47,147.0,16,64
1359477,2023-04-01,Delhi Capitals,Lucknow Super Giants,MA Wood,Delhi Capitals,field,"Bharat Ratna Shri Atal Bihari Vajpayee Ekana Cricket Stadium, Lucknow",Lucknow,2023.0,2023,4,5,2,1,0,1,109,0,62,0,19,336,18,15,19,11,47,47,147.0,64,16
1359478,2023-04-02,Rajasthan Royals,Sunrisers Hyderabad,JC Buttler,Sunrisers Hyderabad,field,"Rajiv Gandhi International Stadium, Uppal, Hyderabad",Hyderabad,2023.0,2023,4,6,2,0,0,1,239,0,201,0,19,334,15,13,17,12,41,169,147.0,192,153
1359478,2023-04-02,Sunrisers Hyderabad,Rajasthan Royals,JC Buttler,Sunrisers Hyderabad,field,"Rajiv Gandhi International Stadium, Uppal, Hyderabad",Hyderabad,2023.0,2023,4,6,2,1,0,1,200,0,240,0,19,334,15,13,17,12,41,169,147.0,153,193
1359479,2023-04-02,Mumbai Indians,Royal Challengers Bangalore,F du Plessis,Royal Challengers Bangalore,field,"M Chinnaswamy Stadium, Bengaluru",Bengaluru,2023.0,2023,4,6,2,0,0,1,282,0,239,0,19,338,11,9,13,13,44,74,147.0,232,226
1359479,2023-04-02,Royal Challengers Bangalore,Mumbai Indians,F du Plessis,Royal Challengers Bangalore,field,"M Chinnaswamy Stadium, Bengaluru",Bengaluru,2023.0,2023,4,6,2,1,0,1,240,0,282,0,19,338,11,9,13,13,44,74,147.0,227,232
1359480,2023-04-03,Chennai Super Kings,Lucknow Super Giants,MM Ali,Lucknow Super Giants,field,"MA Chidambaram Stadium, Chepauk, Chennai",Chennai,2023.0,2023,4,0,2,0,0,1,256,0,62,0,19,417,29,14,18,14,74,188,147.0,210,17
1359480,2023-04-03,Lucknow Super Giants,Chennai Super Kings,MM Ali,Lucknow Super Giants,field,"MA Chidambaram Stadium, Chepauk, Chennai",Chennai,2023.0,2023,4,0,2,1,0,1,63,0,257,0,19,417,29,14,18,14,74,188,147.0,17,210
1359481,2023-04-04,Delhi Capitals,Gujarat Titans,B Sai Sudharsan,Gujarat Titans,field,"Arun Jaitley Stadium, Delhi",Delhi,2023.0,2023,4,1,2,0,0,1,109,0,64,0,19,325,23,12,16,11,50,197,147.0,65,18
1359481,2023-04-04,Gujarat Titans,Delhi Capitals,B Sai Sudharsan,Gujarat Titans,field,"Arun Jaitley Stadium, Delhi",Delhi,2023.0,2023,4,1,2,1,0,1,64,0,109,0,19,325,23,12,16,11,50,197,147.0,18,65
1359482,2023-04-05,Punjab Kings,Rajasthan Royals,NT Ellis,Rajasthan Royals,field,"Barsapara Cricket Stadium, Guwahati",Guwahati,2023.0,2023,4,2,2,0,0,1,78,0,240,0,19,389,20,12,16,11,16,16,147.0,30,194
1359482,2023-04-05,Rajasthan Royals,Punjab Kings,NT Ellis,Rajasthan Royals,field,"Barsapara Cricket Stadium, Guwahati",Guwahati,2023.0,2023,4,2,2,1,0,1,239,0,78,0,19,389,20,12,16,11,16,16,147.0,193,30
1359483,2023-04-06,Kolkata Knight Riders,Royal Challengers Bangalore,SN Thakur,Royal Challengers Bangalore,field,"Eden Gardens, Kolkata",Kolkata,2023.0,2023,4,3,2,0,0,1,269,0,239,0,19,327,29,17,20,13,51,205,147.0,225,227
1359483,2023-04-06,Royal Challengers Bangalore,Kolkata Knight Riders,SN Thakur,Royal Challengers Bangalore,field,"Eden Gardens, Kolkata",Kolkata,2023.0,2023,4,3,2,1,0,1,240,0,268,0,19,327,29,17,20,13,51,205,147.0,228,225
1359484,2023-04-07,Sunrisers Hyderabad,Lucknow Super Giants,KH Pandya,Sunrisers Hyderabad,bat,"Bharat Ratna Shri Atal Bihari Vajpayee Ekana Cricket Stadium, Lucknow",Lucknow,2023.0,2023,4,4,2,1,1,0,200,0,62,0,19,248,21,13,15,14,47,47,147.0,154,18
1359484,2023-04-07,Lucknow Super Giants,Sunrisers Hyderabad,KH Pandya,Sunrisers Hyderabad,bat,"Bharat Ratna Shri Atal Bihari Vajpayee Ekana Cricket Stadium, Lucknow",Lucknow,2023.0,2023,4,4,2,0,1,0,63,0,201,0,19,248,21,13,15,14,47,47,147.0,18,154
1359485,2023-04-08,Rajasthan Royals,Delhi Capitals,YBK Jaiswal,Delhi Capitals,field,"Barsapara Cricket Stadium, Guwahati",Guwahati,2023.0,2023,4,5,2,0,0,1,239,0,109,0,19,341,16,13,17,12,16,16,147.0,194,66
1359485,2023-04-08,Delhi Capitals,Rajasthan Royals,YBK Jaiswal,Delhi Capitals,field,"Barsapara Cricket Stadium, Guwahati",Guwahati,2023.0,2023,4,5,2,1,0,1,109,0,240,0,19,341,16,13,17,12,16,16,147.0,66,195
1359486,2023-04-08,Mumbai Indians,Chennai Super Kings,RA Jadeja,Chennai Super Kings,field,"Wankhede Stadium, Mumbai",Mumbai,2023.0,2023,4,5,2,0,0,1,282,0,257,0,19,314,16,11,15,12,110,366,147.0,233,211
1359486,2023-04-08,Chennai Super Kings,Mumbai Indians,RA Jadeja,Chennai Super Kings,field,"Wankhede Stadium, Mumbai",Mumbai,2023.0,2023,4,5,2,1,0,1,256,0,282,0,19,314,16,11,15,12,110,366,147.0,211,233
1359487,2023-04-09,Gujarat Titans,Kolkata Knight Riders,RK Singh,Gujarat Titans,bat,"Narendra Modi Stadium, Ahmedabad",Ahmedabad,2023.0,2023,4,6,2,1,1,0,64,0,268,0,19,409,18,11,15,11,68,92,147.0,19,226
1359487,2023-04-09,Kolkata Knight Riders,Gujarat Titans,RK Singh,Gujarat Titans,bat,"Narendra Modi Stadium, Ahmedabad",Ahmedabad,2023.0,2023,4,6,2,0,1,0,269,0,64,0,19,409,18,11,15,11,68,92,147.0,226,19
1359488,2023-04-09,Punjab Kings,Sunrisers Hyderabad,S Dhawan,Sunrisers Hyderabad,field,"Rajiv Gandhi International Stadium, Uppal, Hyderabad",Hyderabad,2023.0,2023,4,6,2,0,0,1,78,0,201,0,19,287,5,11,15,12,41,169,147.0,31,155
1359488,2023-04-09,Sunrisers Hyderabad,Punjab Kings,S Dhawan,Sunrisers Hyderabad,field,"Rajiv Gandhi International Stadium, Uppal, Hyderabad",Hyderabad,2023.0,2023,4,6,2,1,0,1,200,0,78,0,19,287,5,11,15,12,41,169,147.0,155,31
1359489,2023-04-10,Royal Challengers Bangalore,Lucknow Super Giants,N Pooran,Lucknow Super Giants,field,"M Chinnaswamy Stadium, Bengaluru",Bengaluru,2023.0,2023,4,0,2,0,0,1,240,0,62,0,19,424,27,11,15,12,44,74,147.0,229,19
1359489,2023-04-10,Lucknow Super Giants,Royal Challengers Bangalore,N Pooran,Lucknow Super Giants,field,"M Chinnaswamy Stadium, Bengaluru",Bengaluru,2023.0,2023,4,0,2,1,0,1,63,0,239,0,19,424,27,11,15,12,44,74,147.0,19,228
1359490,2023-04-11,Delhi Capitals,Mumbai Indians,RG Sharma,Mumbai Indians,field,"Arun Jaitley Stadium, Delhi",Delhi,2023.0,2023,4,1,2,0,0,1,109,0,282,0,19,345,17,14,17,13,50,197,147.0,67,234
1359490,2023-04-11,Mumbai Indians,Delhi Capitals,RG Sharma,Mumbai Indians,field,"Arun Jaitley Stadium, Delhi",Delhi,2023.0,2023,4,1,2,1,0,1,282,0,109,0,19,345,17,14,17,13,50,197,147.0,234,67
1359491,2023-04-12,Rajasthan Royals,Chennai Super Kings,R Ashwin,Chennai Super Kings,field,"MA Chidambaram Stadium, Chepauk, Chennai",Chennai,2023.0,2023,4,2,2,0,0,1,239,0,257,0,19,346,19,14,17,12,74,188,147.0,195,212
1359491,2023-04-12,Chennai Super Kings,Rajasthan Royals,R Ashwin,Chennai Super Kings,field,"MA Chidambaram Stadium, Chepauk, Chennai",Chennai,2023.0,2023,4,2,2,1,0,1,256,0,240,0,19,346,19,14,17,12,74,188,147.0,212,196
1359492,2023-04-13,Punjab Kings,Gujarat Titans,MM Sharma,Gujarat Titans,field,"Punjab Cricket Association IS Bindra Stadium, Mohali, Chandigarh",Chandigarh,2023.0,2023,4,3,2,0,0,1,78,0,64,0,19,307,19,12,15,11,10,122,147.0,32,20
1359492,2023-04-13,Gujarat Titans,Punjab Kings,MM Sharma,Gujarat Titans,field,"Punjab Cricket Association IS Bindra Stadium, Mohali, Chandigarh",Chandigarh,2023.0,2023,4,3,2,1,0,1,64,0,78,0,19,307,19,12,15,11,10,122,147.0,20,32
1359493,2023-04-14,Sunrisers Hyderabad,Kolkata Knight Riders,HC Brook,Kolkata Knight Riders,field,"Eden Gardens, Kolkata",Kolkata,2023.0,2023,4,4,2,0,0,1,200,0,268,0,19,433,22,11,15,13,51,205,147.0,156,227
1359493,2023-04-14,Kolkata Knight Riders,Sunrisers Hyderabad,HC Brook,Kolkata Knight Riders,field,"Eden Gardens, Kolkata",Kolkata,2023.0,2023,4,4,2,1,0,1,269,0,201,0,19,433,22,11,15,13,51,205,147.0,227,156
1359494,2023-04-15,Royal Challengers Bangalore,Delhi Capitals,V Kohli,Delhi Capitals,field,"M Chinnaswamy Stadium, Bengaluru",Bengaluru,2023.0,2023,4,5,2,0,0,1,240,0,109,0,19,325,14,15,19,12,44,74,147.0,230,68
1359494,2023-04-15,Delhi Capitals,Royal Challengers Bangalore,V Kohli,Delhi Capitals,field,"M Chinnaswamy Stadium, Bengaluru",Bengaluru,2023.0,2023,4,5,2,1,0,1,109,0,239,0,19,325,14,15,19,12,44,74,147.0,68,229
1359495,2023-04-15,Lucknow Super Giants,Punjab Kings,Sikandar Raza,Punjab Kings,field,"Bharat Ratna Shri Atal Bihari Vajpayee Ekana Cricket Stadium, Lucknow",Lucknow,2023.0,2023,4,5,2,0,0,1,63,0,78,0,19,320,19,16,20,13,47,47,147.0,20,33
1359495,2023-04-15,Punjab Kings,Lucknow Super Giants,Sikandar Raza,Punjab Kings,field,"Bharat Ratna Shri Atal Bihari Vajpayee Ekana Cricket Stadium, Lucknow",Lucknow,2023.0,2023,4,5,2,1,0,1,78,0,62,0,19,320,19,16,20,13,47,47,147.0,33,20
1359496,2023-04-16,Kolkata Knight Riders,Mumbai Indians,VR Iyer,Mumbai Indians,field,"Wankhede Stadium, Mumbai",Mumbai,2023.0,2023,4,6,2,0,0,1,269,0,282,0,19,370,17,11,15,13,110,366,147.0,228,235
1359496,2023-04-16,Mumbai Indians,Kolkata Knight Riders,VR Iyer,Mumbai Indians,field,"Wankhede Stadium, Mumbai",Mumbai,2023.0,2023,4,6,2,1,0,1,282,0,268,0,19,370,17,11,15,13,110,366,147.0,235,228
1359497,2023-04-16,Gujarat Titans,Rajasthan Royals,SO Hetmyer,Rajasthan Royals,field,"Narendra Modi Stadium, Ahmedabad",Ahmedabad,2023.0,2023,4,6,2,0,0,1,64,0,240,0,19,356,8,14,17,11,68,92,147.0,21,197
1359497,2023-04-16,Rajasthan Royals,Gujarat Titans,SO Hetmyer,Rajasthan Royals,field,"Narendra Modi Stadium, Ahmedabad",Ahmedabad,2023.0,2023,4,6,2,1,0,1,239,0,64,0,19,356,8,14,17,11,68,92,147.0,196,21
1359498,2023-04-17,Chennai Super Kings,Royal Challengers Bangalore,DP Conway,Royal Challengers Bangalore,field,"M Chinnaswamy Stadium, Bengaluru",Bengaluru,2023.0,2023,4,0,2,0,0,1,256,0,239,0,19,444,18,14,17,12,44,74,147.0,213,230
1359498,2023-04-17,Royal Challengers Bangalore,Chennai Super Kings,DP Conway,Royal Challengers Bangalore,field,"M Chinnaswamy Stadium, Bengaluru",Bengaluru,2023.0,2023,4,0,2,1,0,1,240,0,257,0,19,444,18,14,17,12,44,74,147.0,231,213
1359499,2023-04-18,Mumbai Indians,Sunrisers Hyderabad,C Green,Sunrisers Hyderabad,field,"Rajiv Gandhi International Stadium, Uppal, Hyderabad",Hyderabad,2023.0,2023,4,1,2,0,0,1,282,0,201,0,19,370,21,15,17,11,41,169,147.0,236,157
1359499,2023-04-18,Sunrisers Hyderabad,Mumbai Indians,C Green,Sunrisers Hyderabad,field,"Rajiv Gandhi International Stadium, Uppal, Hyderabad",Hyderabad,2023.0,2023,4,1,2,1,0,1,200,0,282,0,19,370,21,15,17,11,41,169,147.0,157,236
1359500,2023-04-19,Lucknow Super Giants,Rajasthan Royals,MP Stoinis,Rajasthan Royals,field,"Sawai Mansingh Stadium, Jaipur",Jaipur,2023.0,2023,4,2,2,0,0,1,63,0,240,0,19,298,18,13,16,11,34,128,147.0,21,198
1359500,2023-04-19,Rajasthan Royals,Lucknow Super Giants,MP Stoinis,Rajasthan Royals,field,"Sawai Mansingh Stadium, Jaipur",Jaipur,2023.0,2023,4,2,2,1,0,1,239,0,62,0,19,298,18,13,16,11,34,128,147.0,197,21
1359501,2023-04-20,Royal Challengers Bangalore,Punjab Kings,Mohammed Siraj,Punjab Kings,field,"Punjab Cricket Association IS Bindra Stadium, Mohali, Chandigarh",Chandigarh,2023.0,2023,4,3,2,0,0,1,240,0,78,0,19,324,17,14,16,12,10,122,147.0,232,34
1359501,2023-04-20,Punjab Kings,Royal Challengers Bangalore,Mohammed Siraj,Punjab Kings,field,"Punjab Cricket Association IS Bindra Stadium, Mohali, Chandigarh",Chandigarh,2023.0,2023,4,3,2,1,0,1,78,0,239,0,19,324,17,14,16,12,10,122,147.0,34,231
1359502,2023-04-20,Kolkata Knight Riders,Delhi Capitals,I Sharma,Delhi Capitals,field,"Arun Jaitley Stadium, Delhi",Delhi,2023.0,2023,4,3,2,0,0,1,269,0,109,0,19,255,19,16,19,13,50,197,147.0,229,69
1359502,2023-04-20,Delhi Capitals,Kolkata Knight Riders,I Sharma,Delhi Capitals,field,"Arun Jaitley Stadium, Delhi",Delhi,2023.0,2023,4,3,2,1,0,1,109,0,268,0,19,255,19,16,19,13,50,197,147.0,69,229
1359503,2023-04-21,Sunrisers Hyderabad,Chennai Super Kings,RA Jadeja,Chennai Super Kings,field,"MA Chidambaram Stadium, Chepauk, Chennai",Chennai,2023.0,2023,4,4,2,0,0,1,200,0,257,0,19,272,6,10,13,13,74,188,147.0,158,214
1359503,2023-04-21,Chennai Super Kings,Sunrisers Hyderabad,RA Jadeja,Chennai Super Kings,field,"MA Chidambaram Stadium, Chepauk, Chennai",Chennai,2023.0,2023,4,4,2,1,0,1,256,0,201,0,19,272,6,10,13,13,74,188,147.0,214,158
1359504,2023-04-22,Gujarat Titans,Lucknow Super Giants,MM Sharma,Gujarat Titans,bat,"Bharat Ratna Shri Atal Bihari Vajpayee Ekana Cricket Stadium, Lucknow",Lucknow,2023.0,2023,4,5,2,1,1,0,64,0,62,0,19,263,3,13,15,13,47,47,147.0,22,22
1359504,2023-04-22,Lucknow Super Giants,Gujarat Titans,MM Sharma,Gujarat Titans,bat,"Bharat Ratna Shri Atal Bihari Vajpayee Ekana Cricket Stadium, Lucknow",Lucknow,2023.0,2023,4,5,2,0,1,0,63,0,64,0,19,263,3,13,15,13,47,47,147.0,22,22
1359505,2023-04-22,Punjab Kings,Mumbai Indians,SM Curran,Mumbai Indians,field,"Wankhede Stadium, Mumbai",Mumbai,2023.0,2023,4,5,2,0,0,1,78,0,282,0,19,415,15,14,16,13,110,366,147.0,35,237
1359505,2023-04-22,Mumbai Indians,Punjab Kings,SM Curran,Mumbai Indians,field,"Wankhede Stadium, Mumbai",Mumbai,2023.0,2023,4,5,2,1,0,1,282,0,78,0,19,415,15,14,16,13,110,366,147.0,237,35
1359506,2023-04-23,Royal Challengers Bangalore,Rajasthan Royals,GJ Maxwell,Rajasthan Royals,field,"M Chinnaswamy Stadium, Bengaluru",Bengaluru,2023.0,2023,4,6,2,0,0,1,240,0,240,0,19,371,24,15,19,11,44,74,147.0,233,199
1359506,2023-04-23,Rajasthan Royals,Royal Challengers Bangalore,GJ Maxwell,Rajasthan Royals,field,"M Chinnaswamy Stadium, Bengaluru",Bengaluru,2023.0,2023,4,6,2,1,0,1,239,0,239,0,19,371,24,15,19,11,44,74,147.0,198,232
1359507,2023-04-23,Chennai Super Kings,Kolkata Knight Riders,AM Rahane,Kolkata Knight Riders,field,"Eden Gardens, Kolkata",Kolkata,2023.0,2023,4,6,2,0,0,1,256,0,268,0,19,421,13,12,16,13,51,205,147.0,215,230
1359507,2023-04-23,Kolkata Knight Riders,Chennai Super Kings,AM Rahane,Kolkata Knight Riders,field,"Eden Gardens, Kolkata",Kolkata,2023.0,2023,4,6,2,1,0,1,269,0,257,0,19,421,13,12,16,13,51,205,147.0,230,215
1359508,2023-04-24,Delhi Capitals,Sunrisers Hyderabad,AR Patel,Delhi Capitals,bat,"Rajiv Gandhi International Stadium, Uppal, Hyderabad",Hyderabad,2023.0,2023,4,0,2,1,1,0,109,0,201,0,19,281,5,15,19,13,41,169,147.0,70,159
1359508,2023-04-24,Sunrisers Hyderabad,Delhi Capitals,AR Patel,Delhi Capitals,bat,"Rajiv Gandhi International Stadium, Uppal, Hyderabad",Hyderabad,2023.0,2023,4,0,2,0,1,0,200,0,109,0,19,281,5,15,19,13,41,169,147.0,159,70
1359509,2023-04-25,Gujarat Titans,Mumbai Indians,A Manohar,Mumbai Indians,field,"Narendra Modi Stadium, Ahmedabad",Ahmedabad,2023.0,2023,4,1,2,0,0,1,64,0,282,0,19,359,10,15,19,12,68,92,147.0,23,238
1359509,2023-04-25,Mumbai Indians,Gujarat Titans,A Manohar,Mumbai Indians,field,"Narendra Modi Stadium, Ahmedabad",Ahmedabad,2023.0,2023,4,1,2,1,0,1,282,0,64,0,19,359,10,15,19,12,68,92,147.0,238,23
1359510,2023-04-26,Kolkata Knight Riders,Royal Challengers Bangalore,CV Varun,Royal Challengers Bangalore,field,"M Chinnaswamy Stadium, Bengaluru",Bengaluru,2023.0,2023,4,2,2,0,0,1,269,0,239,0,19,379,13,13,17,13,44,74,147.0,231,233
1359510,2023-04-26,Royal Challengers Bangalore,Kolkata Knight Riders,CV Varun,Royal Challengers Bangalore,field,"M Chinnaswamy Stadium, Bengaluru",Bengaluru,2023.0,2023,4,2,2,1,0,1,240,0,268,0,19,379,13,13,17,13,44,74,147.0,234,231
1359511,2023-04-27,Rajasthan Royals,Chennai Super Kings,YBK Jaiswal,Rajasthan Royals,bat,"Sawai Mansingh Stadium, Jaipur",Jaipur,2023.0,2023,4,3,2,1,1,0,239,0,257,0,19,372,13,11,14,12,34,128,147.0,199,216
1359511,2023-04-27,Chennai Super Kings,Rajasthan Royals,YBK Jaiswal,Rajasthan Royals,bat,"Sawai Mansingh Stadium, Jaipur",Jaipur,2023.0,2023,4,3,2,0,1,0,256,0,240,0,19,372,13,11,14,12,34,128,147.0,216,200
1359512,2023-04-28,Lucknow Super Giants,Punjab Kings,MP Stoinis,Punjab Kings,field,"Punjab Cricket Association IS Bindra Stadium, Mohali, Chandigarh",Chandigarh,2023.0,2023,4,4,2,0,0,1,63,0,78,0,19,456,26,15,18,16,10,122,147.0,23,36
1359512,2023-04-28,Punjab Kings,Lucknow Super Giants,MP Stoinis,Punjab Kings,field,"Punjab Cricket Association IS Bindra Stadium, Mohali, Chandigarh",Chandigarh,2023.0,2023,4,4,2,1,0,1,78,0,62,0,19,456,26,15,18,16,10,122,147.0,36,23
1359513,2023-04-29,Kolkata Knight Riders,Gujarat Titans,J Little,Gujarat Titans,field,"Eden Gardens, Kolkata",Kolkata,2023.0,2023,4,5,2,0,0,1,269,0,64,0,19,359,15,10,13,12,51,205,147.0,232,24
1359513,2023-04-29,Gujarat Titans,Kolkata Knight Riders,J Little,Gujarat Titans,field,"Eden Gardens, Kolkata",Kolkata,2023.0,2023,4,5,2,1,0,1,64,0,268,0,19,359,15,10,13,12,51,205,147.0,24,232
1359514,2023-04-29,Sunrisers Hyderabad,Delhi Capitals,MR Marsh,Sunrisers Hyderabad,bat,"Arun Jaitley Stadium, Delhi",Delhi,2023.0,2023,4,5,2,1,1,0,200,0,109,0,19,383,12,12,16,12,50,197,147.0,160,71
1359514,2023-04-29,Delhi Capitals,Sunrisers Hyderabad,MR Marsh,Sunrisers Hyderabad,bat,"Arun Jaitley Stadium, Delhi",Delhi,2023.0,2023,4,5,2,0,1,0,109,0,201,0,19,383,12,12,16,12,50,197,147.0,71,160
1359515,2023-04-30,Chennai Super Kings,Punjab Kings,DP Conway,Chennai Super Kings,bat,"MA Chidambaram Stadium, Chepauk, Chennai",Chennai,2023.0,2023,4,6,2,1,1,0,256,0,78,0,19,401,21,10,14,12,74,188,147.0,217,37
1359515,2023-04-30,Punjab Kings,Chennai Super Kings,DP Conway,Chennai Super Kings,bat,"MA Chidambaram Stadium, Chepauk, Chennai",Chennai,2023.0,2023,4,6,2,0,1,0,78,0,257,0,19,401,21,10,14,12,74,188,147.0,37,217
1359516,2023-04-30,Rajasthan Royals,Mumbai Indians,YBK Jaiswal,Rajasthan Royals,bat,"Wankhede Stadium, Mumbai",Mumbai,2023.0,2023,4,6,2,1,1,0,239,0,282,0,19,425,34,11,15,12,110,366,147.0,200,239
1359516,2023-04-30,Mumbai Indians,Rajasthan Royals,YBK Jaiswal,Rajasthan Royals,bat,"Wankhede Stadium, Mumbai",Mumbai,2023.0,2023,4,6,2,0,1,0,282,0,240,0,19,425,34,11,15,12,110,366,147.0,239,201
1359517,2023-05-01,Royal Challengers Bangalore,Lucknow Super Giants,F du Plessis,Royal Challengers Bangalore,bat,"Bharat Ratna Shri Atal Bihari Vajpayee Ekana Cricket Stadium, Lucknow",Lucknow,2023.0,2023,5,0,2,1,1,0,240,0,62,0,19,234,9,19,22,14,47,47,147.0,235,24
1359517,2023-05-01,Lucknow Super Giants,Royal Challengers Bangalore,F du Plessis,Royal Challengers Bangalore,bat,"Bharat Ratna Shri Atal Bihari Vajpayee Ekana Cricket Stadium, Lucknow",Lucknow,2023.0,2023,5,0,2,0,1,0,63,0,239,0,19,234,9,19,22,14,47,47,147.0,24,234
1359518,2023-05-02,Delhi Capitals,Gujarat Titans,Mohammed Shami,Delhi Capitals,bat,"Narendra Modi Stadium, Ahmedabad",Ahmedabad,2023.0,2023,5,1,2,1,1,0,109,0,64,0,19,255,10,14,18,11,68,92,147.0,72,25
1359518,2023-05-02,Gujarat Titans,Delhi Capitals,Mohammed Shami,Delhi Capitals,bat,"Narendra Modi Stadium, Ahmedabad",Ahmedabad,2023.0,2023,5,1,2,0,1,0,64,0,109,0,19,255,10,14,18,11,68,92,147.0,25,72
1359519,2023-05-03,Lucknow Super Giants,Chennai Super Kings,Unknown,Chennai Super Kings,field,"Bharat Ratna Shri Atal Bihari Vajpayee Ekana Cricket Stadium, Lucknow",Lucknow,2023.0,2023,5,2,2,0,0,1,63,0,257,0,19,125,6,7,8,6,47,47,147.0,25,218
1359520,2023-05-03,Punjab Kings,Mumbai Indians,Ishan Kishan,Mumbai Indians,field,"Punjab Cricket Association IS Bindra Stadium, Mohali, Chandigarh",Chandigarh,2023.0,2023,5,2,2,0,0,1,78,0,282,0,19,429,23,7,11,12,10,122,147.0,38,240
1359520,2023-05-03,Mumbai Indians,Punjab Kings,Ishan Kishan,Mumbai Indians,field,"Punjab Cricket Association IS Bindra Stadium, Mohali, Chandigarh",Chandigarh,2023.0,2023,5,2,2,1,0,1,282,0,78,0,19,429,23,7,11,12,10,122,147.0,240,38
1359521,2023-05-04,Kolkata Knight Riders,Sunrisers Hyderabad,CV Varun,Kolkata Knight Riders,bat,"Rajiv Gandhi International Stadium, Uppal, Hyderabad",Hyderabad,2023.0,2023,5,3,2,1,1,0,269,0,201,0,19,335,20,17,21,13,41,169,147.0,233,161
1359521,2023-05-04,Sunrisers Hyderabad,Kolkata Knight Riders,CV Varun,Kolkata Knight Riders,bat,"Rajiv Gandhi International Stadium, Uppal, Hyderabad",Hyderabad,2023.0,2023,5,3,2,0,1,0,200,0,268,0,19,335,20,17,21,13,41,169,147.0,161,233
1359522,2023-05-05,Rajasthan Royals,Gujarat Titans,Rashid Khan,Rajasthan Royals,bat,"Sawai Mansingh Stadium, Jaipur",Jaipur,2023.0,2023,5,4,2,1,1,0,239,0,64,0,17,237,11,11,14,11,34,128,147.0,201,26
1359522,2023-05-05,Gujarat Titans,Rajasthan Royals,Rashid Khan,Rajasthan Royals,bat,"Sawai Mansingh Stadium, Jaipur",Jaipur,2023.0,2023,5,4,2,0,1,0,64,0,240,0,17,237,11,11,14,11,34,128,147.0,26,202
1359523,2023-05-06,Mumbai Indians,Chennai Super Kings,M Pathirana,Chennai Super Kings,field,"MA Chidambaram Stadium, Chepauk, Chennai",Chennai,2023.0,2023,5,5,2,0,0,1,282,0,257,0,19,279,13,12,16,13,74,188,147.0,241,219
1359523,2023-05-06,Chennai Super Kings,Mumbai Indians,M Pathirana,Chennai Super Kings,field,"MA Chidambaram Stadium, Chepauk, Chennai",Chennai,2023.0,2023,5,5,2,1,0,1,256,0,282,0,19,279,13,12,16,13,74,188,147.0,218,241
1359524,2023-05-06,Royal Challengers Bangalore,Delhi Capitals,PD Salt,Royal Challengers Bangalore,bat,"Arun Jaitley Stadium, Delhi",Delhi,2023.0,2023,5,5,2,1,1,0,240,0,109,0,19,367,16,7,11,13,50,197,147.0,236,73
1359524,2023-05-06,Delhi Capitals,Royal Challengers Bangalore,PD Salt,Royal Challengers Bangalore,bat,"Arun Jaitley Stadium, Delhi",Delhi,2023.0,2023,5,5,2,0,1,0,109,0,239,0,19,367,16,7,11,13,50,197,147.0,73,235
1359525,2023-05-07,Gujarat Titans,Lucknow Super Giants,Shubman Gill,Lucknow Super Giants,field,"Narendra Modi Stadium, Ahmedabad",Ahmedabad,2023.0,2023,5,6,2,0,0,1,64,0,62,0,19,397,13,9,13,14,68,92,147.0,27,25
1359525,2023-05-07,Lucknow Super Giants,Gujarat Titans,Shubman Gill,Lucknow Super Giants,field,"Narendra Modi Stadium, Ahmedabad",Ahmedabad,2023.0,2023,5,6,2,1,0,1,63,0,64,0,19,397,13,9,13,14,68,92,147.0,26,27
1359526,2023-05-07,Rajasthan Royals,Sunrisers Hyderabad,GD Phillips,Rajasthan Royals,bat,"Sawai Mansingh Stadium, Jaipur",Jaipur,2023.0,2023,5,6,2,1,1,0,239,0,201,0,19,430,15,8,12,12,34,128,147.0,202,162
1359526,2023-05-07,Sunrisers Hyderabad,Rajasthan Royals,GD Phillips,Rajasthan Royals,bat,"Sawai Mansingh Stadium, Jaipur",Jaipur,2023.0,2023,5,6,2,0,1,0,200,0,240,0,19,430,15,8,12,12,34,128,147.0,162,203
1359527,2023-05-08,Punjab Kings,Kolkata Knight Riders,AD Russell,Punjab Kings,bat,"Eden Gardens, Kolkata",Kolkata,2023.0,2023,5,0,2,1,1,0,78,0,268,0,19,361,17,12,15,14,51,205,147.0,39,234
1359527,2023-05-08,Kolkata Knight Riders,Punjab Kings,AD Russell,Punjab Kings,bat,"Eden Gardens, Kolkata",Kolkata,2023.0,2023,5,0,2,0,1,0,269,0,78,0,19,361,17,12,15,14,51,205,147.0,234,39
1359528,2023-05-09,Royal Challengers Bangalore,Mumbai Indians,SA Yadav,Mumbai Indians,field,"Wankhede Stadium, Mumbai",Mumbai,2023.0,2023,5,1,2,0,0,1,240,0,282,0,19,398,17,10,14,11,110,366,147.0,237,242
1359528,2023-05-09,Mumbai Indians,Royal Challengers Bangalore,SA Yadav,Mumbai Indians,field,"Wankhede Stadium, Mumbai",Mumbai,2023.0,2023,5,1,2,1,0,1,282,0,239,0,19,398,17,10,14,11,110,366,147.0,242,236
1359529,2023-05-10,Chennai Super Kings,Delhi Capitals,RA Jadeja,Chennai Super Kings,bat,"MA Chidambaram Stadium, Chepauk, Chennai",Chennai,2023.0,2023,5,2,2,1,1,0,256,0,109,0,19,305,24,16,20,12,74,188,147.0,219,74
1359529,2023-05-10,Delhi Capitals,Chennai Super Kings,RA Jadeja,Chennai Super Kings,bat,"MA Chidambaram Stadium, Chepauk, Chennai",Chennai,2023.0,2023,5,2,2,0,1,0,109,0,257,0,19,305,24,16,20,12,74,188,147.0,74,220
1359530,2023-05-11,Kolkata Knight Riders,Rajasthan Royals,YBK Jaiswal,Rajasthan Royals,field,"Eden Gardens, Kolkata",Kolkata,2023.0,2023,5,3,2,0,0,1,269,0,240,0,19,299,7,9,12,13,51,205,147.0,235,204
1359530,2023-05-11,Rajasthan Royals,Kolkata Knight Riders,YBK Jaiswal,Rajasthan Royals,field,"Eden Gardens, Kolkata",Kolkata,2023.0,2023,5,3,2,1,0,1,239,0,268,0,19,299,7,9,12,13,51,205,147.0,203,235
1359531,2023-05-12,Mumbai Indians,Gujarat Titans,SA Yadav,Gujarat Titans,field,"Wankhede Stadium, Mumbai",Mumbai,2023.0,2023,5,4,2,0,0,1,282,0,64,0,19,409,8,13,17,11,110,366,147.0,243,28
1359531,2023-05-12,Gujarat Titans,Mumbai Indians,SA Yadav,Gujarat Titans,field,"Wankhede Stadium, Mumbai",Mumbai,2023.0,2023,5,4,2,1,0,1,64,0,282,0,19,409,8,13,17,11,110,366,147.0,28,243
1359532,2023-05-13,Sunrisers Hyderabad,Lucknow Super Giants,PN Mankad,Sunrisers Hyderabad,bat,"Rajiv Gandhi International Stadium, Uppal, Hyderabad",Hyderabad,2023.0,2023,5,5,2,1,1,0,200,0,62,0,19,367,11,9,13,13,41,169,147.0,163,26
1359532,2023-05-13,Lucknow Super Giants,Sunrisers Hyderabad,PN Mankad,Sunrisers Hyderabad,bat,"Rajiv Gandhi International Stadium, Uppal, Hyderabad",Hyderabad,2023.0,2023,5,5,2,0,1,0,63,0,201,0,19,367,11,9,13,13,41,169,147.0,27,163
1359533,2023-05-13,Punjab Kings,Delhi Capitals,P Simran Singh,Delhi Capitals,field,"Arun Jaitley Stadium, Delhi",Delhi,2023.0,2023,5,5,2,0,0,1,78,0,109,0,19,303,17,15,18,14,50,197,147.0,40,75
1359533,2023-05-13,Delhi Capitals,Punjab Kings,P Simran Singh,Delhi Capitals,field,"Arun Jaitley Stadium, Delhi",Delhi,2023.0,2023,5,5,2,1,0,1,109,0,78,0,19,303,17,15,18,14,50,197,147.0,75,40
1359534,2023-05-14,Royal Challengers Bangalore,Rajasthan Royals,WD Parnell,Royal Challengers Bangalore,bat,"Sawai Mansingh Stadium, Jaipur",Jaipur,2023.0,2023,5,6,2,1,1,0,240,0,240,0,19,230,8,15,17,10,34,128,147.0,238,205
1359534,2023-05-14,Rajasthan Royals,Royal Challengers Bangalore,WD Parnell,Royal Challengers Bangalore,bat,"Sawai Mansingh Stadium, Jaipur",Jaipur,2023.0,2023,5,6,2,0,1,0,239,0,239,0,19,230,8,15,17,10,34,128,147.0,204,237
1359535,2023-05-14,Chennai Super Kings,Kolkata Knight Riders,RK Singh,Chennai Super Kings,bat,"MA Chidambaram Stadium, Chepauk, Chennai",Chennai,2023.0,2023,5,6,2,1,1,0,256,0,268,0,19,290,17,10,14,12,74,188,147.0,220,236
1359535,2023-05-14,Kolkata Knight Riders,Chennai Super Kings,RK Singh,Chennai Super Kings,bat,"MA Chidambaram Stadium, Chepauk, Chennai",Chennai,2023.0,2023,5,6,2,0,1,0,269,0,257,0,19,290,17,10,14,12,74,188,147.0,236,221
1359536,2023-05-15,Gujarat Titans,Sunrisers Hyderabad,Shubman Gill,Sunrisers Hyderabad,field,"Narendra Modi Stadium, Ahmedabad",Ahmedabad,2023.0,2023,5,0,2,0,0,1,64,0,201,0,19,341,21,18,22,13,68,92,147.0,29,164
1359536,2023-05-15,Sunrisers Hyderabad,Gujarat Titans,Shubman Gill,Sunrisers Hyderabad,field,"Narendra Modi Stadium, Ahmedabad",Ahmedabad,2023.0,2023,5,0,2,1,0,1,200,0,64,0,19,341,21,18,22,13,68,92,147.0,164,29
1359537,2023-05-16,Lucknow Super Giants,Mumbai Indians,MP Stoinis,Mumbai Indians,field,"Bharat Ratna Shri Atal Bihari Vajpayee Ekana Cricket Stadium, Lucknow",Lucknow,2023.0,2023,5,1,2,0,0,1,63,0,282,0,19,348,24,9,13,12,47,47,147.0,28,244
1359537,2023-05-16,Mumbai Indians,Lucknow Super Giants,MP Stoinis,Mumbai Indians,field,"Bharat Ratna Shri Atal Bihari Vajpayee Ekana Cricket Stadium, Lucknow",Lucknow,2023.0,2023,5,1,2,1,0,1,282,0,62,0,19,348,24,9,13,12,47,47,147.0,244,27
1359538,2023-05-17,Delhi Capitals,Punjab Kings,RR Rossouw,Punjab Kings,field,"Himachal Pradesh Cricket Association Stadium, Dharamsala",Dharamsala,2023.0,2023,5,2,2,0,0,1,109,0,78,0,19,411,15,10,12,12,11,29,147.0,76,41
1359538,2023-05-17,Punjab Kings,Delhi Capitals,RR Rossouw,Punjab Kings,field,"Himachal Pradesh Cricket Association Stadium, Dharamsala",Dharamsala,2023.0,2023,5,2,2,1,0,1,78,0,109,0,19,411,15,10,12,12,11,29,147.0,41,76
1359539,2023-05-18,Sunrisers Hyderabad,Royal Challengers Bangalore,V Kohli,Royal Challengers Bangalore,field,"Rajiv Gandhi International Stadium, Uppal, Hyderabad",Hyderabad,2023.0,2023,5,3,2,0,0,1,200,0,239,0,19,373,13,7,10,13,41,169,147.0,165,238
1359539,2023-05-18,Royal Challengers Bangalore,Sunrisers Hyderabad,V Kohli,Royal Challengers Bangalore,field,"Rajiv Gandhi International Stadium, Uppal, Hyderabad",Hyderabad,2023.0,2023,5,3,2,1,0,1,240,0,201,0,19,373,13,7,10,13,41,169,147.0,239,165
1359540,2023-05-19,Punjab Kings,Rajasthan Royals,D Padikkal,Rajasthan Royals,field,"Himachal Pradesh Cricket Association Stadium, Dharamsala",Dharamsala,2023.0,2023,5,4,2,0,0,1,78,0,240,0,19,376,15,11,15,10,11,29,147.0,42,206
1359540,2023-05-19,Rajasthan Royals,Punjab Kings,D Padikkal,Rajasthan Royals,field,"Himachal Pradesh Cricket Association Stadium, Dharamsala",Dharamsala,2023.0,2023,5,4,2,1,0,1,239,0,78,0,19,376,15,11,15,10,11,29,147.0,205,42
1359541,2023-05-20,Chennai Super Kings,Delhi Capitals,RD Gaikwad,Chennai Super Kings,bat,"Arun Jaitley Stadium, Delhi",Delhi,2023.0,2023,5,5,2,1,1,0,256,0,109,0,19,368,20,12,16,11,50,197,147.0,221,77
1359541,2023-05-20,Delhi Capitals,Chennai Super Kings,RD Gaikwad,Chennai Super Kings,bat,"Arun Jaitley Stadium, Delhi",Delhi,2023.0,2023,5,5,2,0,1,0,109,0,257,0,19,368,20,12,16,11,50,197,147.0,77,222
1359542,2023-05-20,Lucknow Super Giants,Kolkata Knight Riders,N Pooran,Kolkata Knight Riders,field,"Eden Gardens, Kolkata",Kolkata,2023.0,2023,5,5,2,0,0,1,63,0,268,0,19,351,21,15,19,14,51,205,147.0,29,237
1359542,2023-05-20,Kolkata Knight Riders,Lucknow Super Giants,N Pooran,Kolkata Knight Riders,field,"Eden Gardens, Kolkata",Kolkata,2023.0,2023,5,5,2,1,0,1,269,0,62,0,19,351,21,15,19,14,51,205,147.0,237,28
1359543,2023-05-21,Sunrisers Hyderabad,Mumbai Indians,C Green,Mumbai Indians,field,"Wankhede Stadium, Mumbai",Mumbai,2023.0,2023,5,6,2,0,0,1,200,0,282,0,19,400,17,7,11,13,110,366,147.0,166,245
1359543,2023-05-21,Mumbai Indians,Sunrisers Hyderabad,C Green,Mumbai Indians,field,"Wankhede Stadium, Mumbai",Mumbai,2023.0,2023,5,6,2,1,0,1,282,0,201,0,19,400,17,7,11,13,110,366,147.0,245,166
1359544,2023-05-21,Royal Challengers Bangalore,Gujarat Titans,Shubman Gill,Gujarat Titans,field,"M Chinnaswamy Stadium, Bengaluru",Bengaluru,2023.0,2023,5,6,2,0,0,1,240,0,64,0,19,394,25,9,13,11,44,74,147.0,240,30
1359544,2023-05-21,Gujarat Titans,Royal Challengers Bangalore,Shubman Gill,Gujarat Titans,field,"M Chinnaswamy Stadium, Bengaluru",Bengaluru,2023.0,2023,5,6,2,1,0,1,64,0,239,0,19,394,25,9,13,11,44,74,147.0,30,239
1370350,2023-05-23,Chennai Super Kings,Gujarat Titans,RD Gaikwad,Gujarat Titans,field,"MA Chidambaram Stadium, Chepauk, Chennai",Chennai,2023.0,2023,5,1,2,0,0,1,256,0,64,0,19,327,18,17,19,10,74,188,147.0,222,31
1370350,2023-05-23,Gujarat Titans,Chennai Super Kings,RD Gaikwad,Gujarat Titans,field,"MA Chidambaram Stadium, Chepauk, Chennai",Chennai,2023.0,2023,5,1,2,1,0,1,64,0,257,0,19,327,18,17,19,10,74,188,147.0,31,223
1370351,2023-05-24,Mumbai Indians,Lucknow Super Giants,Akash Madhwal,Mumbai Indians,bat,"MA Chidambaram Stadium, Chepauk, Chennai",Chennai,2023.0,2023,5,2,2,1,1,0,282,0,62,0,19,281,24,18,20,12,74,188,147.0,246,29
1370351,2023-05-24,Lucknow Super Giants,Mumbai Indians,Akash Madhwal,Mumbai Indians,bat,"MA Chidambaram Stadium, Chepauk, Chennai",Chennai,2023.0,2023,5,2,2,0,1,0,63,0,282,0,19,281,24,18,20,12,74,188,147.0,30,246
1370352,2023-05-26,Gujarat Titans,Mumbai Indians,Shubman Gill,Mumbai Indians,field,"Narendra Modi Stadium, Ahmedabad",Ahmedabad,2023.0,2023,5,4,2,0,0,1,64,0,282,0,19,404,17,13,16,12,68,92,147.0,32,247
1370352,2023-05-26,Mumbai Indians,Gujarat Titans,Shubman Gill,Mumbai Indians,field,"Narendra Modi Stadium, Ahmedabad",Ahmedabad,2023.0,2023,5,4,2,1,0,1,282,0,64,0,19,404,17,13,16,12,68,92,147.0,247,32
1370353,2023-05-29,Gujarat Titans,Chennai Super Kings,DP Conway,Chennai Super Kings,field,"Narendra Modi Stadium, Ahmedabad",Ahmedabad,2023.0,2023,5,0,2,0,0,1,64,0,257,0,19,385,9,9,12,11,68,92,147.0,33,224
1370353,2023-05-29,Chennai Super Kings,Gujarat Titans,DP Conway,Chennai Super Kings,field,"Narendra Modi Stadium, Ahmedabad",Ahmedabad,2023.0,2023,5,0,2,1,0,1,256,0,64,0,19,385,9,9,12,11,68,92,147.0,223,33
1422119,2024-03-22,Royal Challengers Bengaluru,Chennai Super Kings,Mustafizur Rahman,Royal Challengers Bengaluru,bat,"MA Chidambaram Stadium, Chepauk, Chennai",Chennai,2024.0,2024,3,4,1,1,1,0,35,0,257,0,19,348,28,10,13,12,74,188,142.0,1,225
1422119,2024-03-22,Chennai Super Kings,Royal Challengers Bengaluru,Mustafizur Rahman,Royal Challengers Bengaluru,bat,"MA Chidambaram Stadium, Chepauk, Chennai",Chennai,2024.0,2024,3,4,1,0,1,0,256,0,35,0,19,348,28,10,13,12,74,188,142.0,224,1
1422120,2024-03-23,Delhi Capitals,Punjab Kings,SM Curran,Punjab Kings,field,"Maharaja Yadavindra Singh International Cricket Stadium, Mullanpur",Mohali,2024.0,2024,3,5,1,0,0,1,109,0,78,0,19,349,16,15,18,12,20,18,142.0,78,43
1422120,2024-03-23,Punjab Kings,Delhi Capitals,SM Curran,Punjab Kings,field,"Maharaja Yadavindra Singh International Cricket Stadium, Mullanpur",Mohali,2024.0,2024,3,5,1,1,0,1,78,0,109,0,19,349,16,15,18,12,20,18,142.0,43,78
1422121,2024-03-23,Kolkata Knight Riders,Sunrisers Hyderabad,AD Russell,Sunrisers Hyderabad,field,"Eden Gardens, Kolkata",Kolkata,2024.0,2024,3,5,1,0,0,1,269,0,201,0,19,411,14,14,18,12,51,205,142.0,238,167
1422121,2024-03-23,Sunrisers Hyderabad,Kolkata Knight Riders,AD Russell,Sunrisers Hyderabad,field,"Eden Gardens, Kolkata",Kolkata,2024.0,2024,3,5,1,1,0,1,200,0,268,0,19,411,14,14,18,12,51,205,142.0,167,238
1422122,2024-03-24,Rajasthan Royals,Lucknow Super Giants,SV Samson,Rajasthan Royals,bat,"Sawai Mansingh Stadium, Jaipur",Jaipur,2024.0,2024,3,6,1,1,1,0,239,0,62,0,19,365,21,10,14,12,34,128,142.0,206,30
1422122,2024-03-24,Lucknow Super Giants,Rajasthan Royals,SV Samson,Rajasthan Royals,bat,"Sawai Mansingh Stadium, Jaipur",Jaipur,2024.0,2024,3,6,1,0,1,0,63,0,240,0,19,365,21,10,14,12,34,128,142.0,31,207
1422123,2024-03-24,Gujarat Titans,Mumbai Indians,B Sai Sudharsan,Mumbai Indians,field,"Narendra Modi Stadium, Ahmedabad",Ahmedabad,2024.0,2024,3,6,1,0,0,1,64,0,282,0,19,329,14,15,19,13,68,92,142.0,34,248
1422123,2024-03-24,Mumbai Indians,Gujarat Titans,B Sai Sudharsan,Mumbai Indians,field,"Narendra Modi Stadium, Ahmedabad",Ahmedabad,2024.0,2024,3,6,1,1,0,1,282,0,64,0,19,329,14,15,19,13,68,92,142.0,248,34
1422124,2024-03-25,Punjab Kings,Royal Challengers Bengaluru,V Kohli,Royal Challengers Bengaluru,field,"M Chinnaswamy Stadium, Bengaluru",Bengaluru,2024.0,2024,3,0,1,0,0,1,78,0,35,0,19,353,25,12,16,12,44,74,142.0,44,2
1422124,2024-03-25,Royal Challengers Bengaluru,Punjab Kings,V Kohli,Royal Challengers Bengaluru,field,"M Chinnaswamy Stadium, Bengaluru",Bengaluru,2024.0,2024,3,0,1,1,0,1,35,0,78,0,19,353,25,12,16,12,44,74,142.0,2,44
1422125,2024-03-26,Chennai Super Kings,Gujarat Titans,S Dube,Gujarat Titans,field,"MA Chidambaram Stadium, Chepauk, Chennai",Chennai,2024.0,2024,3,1,1,0,0,1,256,0,64,0,19,349,17,14,17,12,74,188,142.0,225,35
1422125,2024-03-26,Gujarat Titans,Chennai Super Kings,S Dube,Gujarat Titans,field,"MA Chidambaram Stadium, Chepauk, Chennai",Chennai,2024.0,2024,3,1,1,1,0,1,64,0,257,0,19,349,17,14,17,12,74,188,142.0,35,226
1422126,2024-03-27,Sunrisers Hyderabad,Mumbai Indians,Abhishek Sharma,Mumbai Indians,field,"Rajiv Gandhi International Stadium, Uppal, Hyderabad",Hyderabad,2024.0,2024,3,2,1,0,0,1,200,0,282,0,19,522,29,8,12,12,41,169,142.0,168,249
1422126,2024-03-27,Mumbai Indians,Sunrisers Hyderabad,Abhishek Sharma,Mumbai Indians,field,"Rajiv Gandhi International Stadium, Uppal, Hyderabad",Hyderabad,2024.0,2024,3,2,1,1,0,1,282,0,201,0,19,522,29,8,12,12,41,169,142.0,249,168
1422127,2024-03-28,Rajasthan Royals,Delhi Capitals,R Parag,Delhi Capitals,field,"Sawai Mansingh Stadium, Jaipur",Jaipur,2024.0,2024,3,3,1,0,0,1,239,0,109,0,19,358,12,10,14,11,34,128,142.0,207,79
1422127,2024-03-28,Delhi Capitals,Rajasthan Royals,R Parag,Delhi Capitals,field,"Sawai Mansingh Stadium, Jaipur",Jaipur,2024.0,2024,3,3,1,1,0,1,109,0,240,0,19,358,12,10,14,11,34,128,142.0,79,208
1422128,2024-03-29,Royal Challengers Bengaluru,Kolkata Knight Riders,SP Narine,Kolkata Knight Riders,field,"M Chinnaswamy Stadium, Bengaluru",Bengaluru,2024.0,2024,3,4,1,0,0,1,35,0,268,0,19,368,19,9,12,12,44,74,142.0,3,239
1422128,2024-03-29,Kolkata Knight Riders,Royal Challengers Bengaluru,SP Narine,Kolkata Knight Riders,field,"M Chinnaswamy Stadium, Bengaluru",Bengaluru,2024.0,2024,3,4,1,1,0,1,269,0,35,0,19,368,19,9,12,12,44,74,142.0,239,3
1422129,2024-03-30,Lucknow Super Giants,Punjab Kings,MP Yadav,Lucknow Super Giants,bat,"Bharat Ratna Shri Atal Bihari Vajpayee Ekana Cricket Stadium, Lucknow",Lucknow,2024.0,2024,3,5,1,1,1,0,63,0,78,0,19,376,10,13,16,12,47,47,142.0,32,45
1422129,2024-03-30,Punjab Kings,Lucknow Super Giants,MP Yadav,Lucknow Super Giants,bat,"Bharat Ratna Shri Atal Bihari Vajpayee Ekana Cricket Stadium, Lucknow",Lucknow,2024.0,2024,3,5,1,0,1,0,78,0,62,0,19,376,10,13,16,12,47,47,142.0,45,31
1422130,2024-03-31,Sunrisers Hyderabad,Gujarat Titans,MM Sharma,Sunrisers Hyderabad,bat,"Narendra Modi Stadium, Ahmedabad",Ahmedabad,2024.0,2024,3,6,1,1,1,0,200,0,64,0,19,330,8,11,14,12,68,92,142.0,169,36
1422130,2024-03-31,Gujarat Titans,Sunrisers Hyderabad,MM Sharma,Sunrisers Hyderabad,bat,"Narendra Modi Stadium, Ahmedabad",Ahmedabad,2024.0,2024,3,6,1,0,1,0,64,0,201,0,19,330,8,11,14,12,68,92,142.0,36,169
1422131,2024-03-31,Delhi Capitals,Chennai Super Kings,KK Ahmed,Delhi Capitals,bat,"Dr. Y.S. Rajasekhara Reddy ACA-VDCA Cricket Stadium, Visakhapatnam",Visakhapatnam,2024.0,2024,3,6,1,1,1,0,109,0,257,0,19,360,22,11,15,12,8,34,142.0,80,227
1422131,2024-03-31,Chennai Super Kings,Delhi Capitals,KK Ahmed,Delhi Capitals,bat,"Dr. Y.S. Rajasekhara Reddy ACA-VDCA Cricket Stadium, Visakhapatnam",Visakhapatnam,2024.0,2024,3,6,1,0,1,0,256,0,109,0,19,360,22,11,15,12,8,34,142.0,226,80
1422132,2024-04-01,Mumbai Indians,Rajasthan Royals,TA Boult,Rajasthan Royals,field,"Wankhede Stadium, Mumbai",Mumbai,2024.0,2024,4,0,2,0,0,1,282,0,240,0,19,251,20,13,17,10,110,366,142.0,250,209
1422132,2024-04-01,Rajasthan Royals,Mumbai Indians,TA Boult,Rajasthan Royals,field,"Wankhede Stadium, Mumbai",Mumbai,2024.0,2024,4,0,2,1,0,1,239,0,282,0,19,251,20,13,17,10,110,366,142.0,208,250
1422133,2024-04-02,Lucknow Super Giants,Royal Challengers Bengaluru,MP Yadav,Royal Challengers Bengaluru,field,"M Chinnaswamy Stadium, Bengaluru",Bengaluru,2024.0,2024,4,1,2,0,0,1,63,0,35,0,19,332,19,15,17,13,44,74,142.0,33,4
1422133,2024-04-02,Royal Challengers Bengaluru,Lucknow Super Giants,MP Yadav,Royal Challengers Bengaluru,field,"M Chinnaswamy Stadium, Bengaluru",Bengaluru,2024.0,2024,4,1,2,1,0,1,35,0,62,0,19,332,19,15,17,13,44,74,142.0,4,32
1422134,2024-04-03,Kolkata Knight Riders,Delhi Capitals,SP Narine,Kolkata Knight Riders,bat,"Dr. Y.S. Rajasekhara Reddy ACA-VDCA Cricket Stadium, Visakhapatnam",Visakhapatnam,2024.0,2024,4,2,2,1,1,0,269,0,109,0,19,438,38,17,20,13,8,34,142.0,240,81
1422134,2024-04-03,Delhi Capitals,Kolkata Knight Riders,SP Narine,Kolkata Knight Riders,bat,"Dr. Y.S. Rajasekhara Reddy ACA-VDCA Cricket Stadium, Visakhapatnam",Visakhapatnam,2024.0,2024,4,2,2,0,1,0,109,0,268,0,19,438,38,17,20,13,8,34,142.0,81,240
1422135,2024-04-04,Gujarat Titans,Punjab Kings,Shashank Singh,Punjab Kings,field,"Narendra Modi Stadium, Ahmedabad",Ahmedabad,2024.0,2024,4,3,2,0,0,1,64,0,78,0,19,399,22,11,15,12,68,92,142.0,37,46
1422135,2024-04-04,Punjab Kings,Gujarat Titans,Shashank Singh,Punjab Kings,field,"Narendra Modi Stadium, Ahmedabad",Ahmedabad,2024.0,2024,4,3,2,1,0,1,78,0,64,0,19,399,22,11,15,12,68,92,142.0,46,37
1422136,2024-04-05,Chennai Super Kings,Sunrisers Hyderabad,Abhishek Sharma,Sunrisers Hyderabad,field,"Rajiv Gandhi International Stadium, Uppal, Hyderabad",Hyderabad,2024.0,2024,4,4,2,0,0,1,256,0,201,0,19,331,8,9,13,14,41,169,142.0,227,170
1422136,2024-04-05,Sunrisers Hyderabad,Chennai Super Kings,Abhishek Sharma,Sunrisers Hyderabad,field,"Rajiv Gandhi International Stadium, Uppal, Hyderabad",Hyderabad,2024.0,2024,4,4,2,1,0,1,200,0,257,0,19,331,8,9,13,14,41,169,142.0,170,228
1422137,2024-04-06,Royal Challengers Bengaluru,Rajasthan Royals,JC Buttler,Rajasthan Royals,field,"Sawai Mansingh Stadium, Jaipur",Jaipur,2024.0,2024,4,5,2,0,0,1,35,0,240,0,19,372,14,7,11,12,34,128,142.0,5,210
1422137,2024-04-06,Rajasthan Royals,Royal Challengers Bengaluru,JC Buttler,Rajasthan Royals,field,"Sawai Mansingh Stadium, Jaipur",Jaipur,2024.0,2024,4,5,2,1,0,1,239,0,35,0,19,372,14,7,11,12,34,128,142.0,209,5
1422138,2024-04-07,Mumbai Indians,Delhi Capitals,R Shepherd,Delhi Capitals,field,"Wankhede Stadium, Mumbai",Mumbai,2024.0,2024,4,6,2,0,0,1,282,0,109,0,19,439,17,13,16,12,110,366,142.0,251,82
1422138,2024-04-07,Delhi Capitals,Mumbai Indians,R Shepherd,Delhi Capitals,field,"Wankhede Stadium, Mumbai",Mumbai,2024.0,2024,4,6,2,1,0,1,109,0,282,0,19,439,17,13,16,12,110,366,142.0,82,251
1422139,2024-04-07,Lucknow Super Giants,Gujarat Titans,Yash Thakur,Lucknow Super Giants,bat,"Bharat Ratna Shri Atal Bihari Vajpayee Ekana Cricket Stadium, Lucknow",Lucknow,2024.0,2024,4,6,2,1,1,0,63,0,64,0,19,293,17,15,18,12,47,47,142.0,34,38
1422139,2024-04-07,Gujarat Titans,Lucknow Super Giants,Yash Thakur,Lucknow Super Giants,bat,"Bharat Ratna Shri Atal Bihari Vajpayee Ekana Cricket Stadium, Lucknow",Lucknow,2024.0,2024,4,6,2,0,1,0,64,0,62,0,19,293,17,15,18,12,47,47,142.0,38,33
1426260,2024-04-08,Kolkata Knight Riders,Chennai Super Kings,RA Jadeja,Chennai Super Kings,field,"MA Chidambaram Stadium, Chepauk, Chennai",Chennai,2024.0,2024,4,0,2,0,0,1,269,0,257,0,19,278,18,12,16,12,74,188,142.0,241,229
1426260,2024-04-08,Chennai Super Kings,Kolkata Knight Riders,RA Jadeja,Chennai Super Kings,field,"MA Chidambaram Stadium, Chepauk, Chennai",Chennai,2024.0,2024,4,0,2,1,0,1,256,0,268,0,19,278,18,12,16,12,74,188,142.0,228,241
1426261,2024-04-09,Sunrisers Hyderabad,Punjab Kings,Nithish Kumar Reddy,Punjab Kings,field,"Maharaja Yadavindra Singh International Cricket Stadium, Mullanpur",Mohali,2024.0,2024,4,1,2,0,0,1,200,0,78,0,19,360,12,15,19,11,20,18,142.0,171,47
1426261,2024-04-09,Punjab Kings,Sunrisers Hyderabad,Nithish Kumar Reddy,Punjab Kings,field,"Maharaja Yadavindra Singh International Cricket Stadium, Mullanpur",Mohali,2024.0,2024,4,1,2,1,0,1,78,0,201,0,19,360,12,15,19,11,20,18,142.0,47,171
1426262,2024-04-10,Rajasthan Royals,Gujarat Titans,Rashid Khan,Gujarat Titans,field,"Sawai Mansingh Stadium, Jaipur",Jaipur,2024.0,2024,4,2,2,0,0,1,239,0,64,0,19,392,15,10,13,11,34,128,142.0,210,39
1426262,2024-04-10,Gujarat Titans,Rajasthan Royals,Rashid Khan,Gujarat Titans,field,"Sawai Mansingh Stadium, Jaipur",Jaipur,2024.0,2024,4,2,2,1,0,1,64,0,240,0,19,392,15,10,13,11,34,128,142.0,39,211
1426263,2024-04-11,Royal Challengers Bengaluru,Mumbai Indians,JJ Bumrah,Mumbai Indians,field,"Wankhede Stadium, Mumbai",Mumbai,2024.0,2024,4,3,2,0,0,1,35,0,282,0,19,393,11,11,15,13,110,366,142.0,6,252
1426263,2024-04-11,Mumbai Indians,Royal Challengers Bengaluru,JJ Bumrah,Mumbai Indians,field,"Wankhede Stadium, Mumbai",Mumbai,2024.0,2024,4,3,2,1,0,1,282,0,35,0,19,393,11,11,15,13,110,366,142.0,252,6
1426264,2024-04-12,Lucknow Super Giants,Delhi Capitals,Kuldeep Yadav,Lucknow Super Giants,bat,"Bharat Ratna Shri Atal Bihari Vajpayee Ekana Cricket Stadium, Lucknow",Lucknow,2024.0,2024,4,4,2,1,1,0,63,0,109,0,19,337,18,11,15,11,47,47,142.0,35,83
1426264,2024-04-12,Delhi Capitals,Lucknow Super Giants,Kuldeep Yadav,Lucknow Super Giants,bat,"Bharat Ratna Shri Atal Bihari Vajpayee Ekana Cricket Stadium, Lucknow",Lucknow,2024.0,2024,4,4,2,0,1,0,109,0,62,0,19,337,18,11,15,11,47,47,142.0,83,34
1426265,2024-04-13,Punjab Kings,Rajasthan Royals,SO Hetmyer,Rajasthan Royals,field,"Maharaja Yadavindra Singh International Cricket Stadium, Mullanpur",Mohali,2024.0,2024,4,5,2,0,0,1,78,0,240,0,19,299,11,15,17,11,20,18,142.0,48,212
1426265,2024-04-13,Rajasthan Royals,Punjab Kings,SO Hetmyer,Rajasthan Royals,field,"Maharaja Yadavindra Singh International Cricket Stadium, Mullanpur",Mohali,2024.0,2024,4,5,2,1,0,1,239,0,78,0,19,299,11,15,17,11,20,18,142.0,211,48
1426266,2024-04-14,Lucknow Super Giants,Kolkata Knight Riders,PD Salt,Kolkata Knight Riders,field,"Eden Gardens, Kolkata",Kolkata,2024.0,2024,4,6,2,0,0,1,63,0,268,0,19,320,27,9,12,12,51,205,142.0,36,242
1426266,2024-04-14,Kolkata Knight Riders,Lucknow Super Giants,PD Salt,Kolkata Knight Riders,field,"Eden Gardens, Kolkata",Kolkata,2024.0,2024,4,6,2,1,0,1,269,0,62,0,19,320,27,9,12,12,51,205,142.0,242,35
1426267,2024-04-14,Chennai Super Kings,Mumbai Indians,M Pathirana,Mumbai Indians,field,"Wankhede Stadium, Mumbai",Mumbai,2024.0,2024,4,6,2,0,0,1,256,0,282,0,19,392,15,10,14,12,110,366,142.0,229,253
1426267,2024-04-14,Mumbai Indians,Chennai Super Kings,M Pathirana,Mumbai Indians,field,"Wankhede Stadium, Mumbai",Mumbai,2024.0,2024,4,6,2,1,0,1,282,0,257,0,19,392,15,10,14,12,110,366,142.0,253,230
1426268,2024-04-15,Sunrisers Hyderabad,Royal Challengers Bengaluru,TM Head,Royal Challengers Bengaluru,field,"M Chinnaswamy Stadium, Bengaluru",Bengaluru,2024.0,2024,4,0,2,0,0,1,200,0,35,0,19,546,26,10,14,13,44,74,142.0,172,7
1426268,2024-04-15,Royal Challengers Bengaluru,Sunrisers Hyderabad,TM Head,Royal Challengers Bengaluru,field,"M Chinnaswamy Stadium, Bengaluru",Bengaluru,2024.0,2024,4,0,2,1,0,1,35,0,201,0,19,546,26,10,14,13,44,74,142.0,7,172
1426269,2024-04-16,Kolkata Knight Riders,Rajasthan Royals,JC Buttler,Rajasthan Royals,field,"Eden Gardens, Kolkata",Kolkata,2024.0,2024,4,1,2,0,0,1,269,0,240,0,19,447,37,14,17,11,51,205,142.0,243,213
1426269,2024-04-16,Rajasthan Royals,Kolkata Knight Riders,JC Buttler,Rajasthan Royals,field,"Eden Gardens, Kolkata",Kolkata,2024.0,2024,4,1,2,1,0,1,239,0,268,0,19,447,37,14,17,11,51,205,142.0,212,243
1426270,2024-04-17,Gujarat Titans,Delhi Capitals,RR Pant,Delhi Capitals,field,"Narendra Modi Stadium, Ahmedabad",Ahmedabad,2024.0,2024,4,2,2,0,0,1,64,0,109,0,17,180,17,14,17,10,68,92,142.0,40,84
1426270,2024-04-17,Delhi Capitals,Gujarat Titans,RR Pant,Delhi Capitals,field,"Narendra Modi Stadium, Ahmedabad",Ahmedabad,2024.0,2024,4,2,2,1,0,1,109,0,64,0,17,180,17,14,17,10,68,92,142.0,84,40
1426271,2024-04-18,Mumbai Indians,Punjab Kings,JJ Bumrah,Punjab Kings,field,"Maharaja Yadavindra Singh International Cricket Stadium, Mullanpur",Mohali,2024.0,2024,4,3,2,0,0,1,282,0,78,0,19,372,29,17,19,12,20,18,142.0,254,49
1426271,2024-04-18,Punjab Kings,Mumbai Indians,JJ Bumrah,Punjab Kings,field,"Maharaja Yadavindra Singh International Cricket Stadium, Mullanpur",Mohali,2024.0,2024,4,3,2,1,0,1,78,0,282,0,19,372,29,17,19,12,20,18,142.0,49,254
1426272,2024-04-19,Chennai Super Kings,Lucknow Super Giants,KL Rahul,Lucknow Super Giants,field,"Bharat Ratna Shri Atal Bihari Vajpayee Ekana Cricket Stadium, Lucknow",Lucknow,2024.0,2024,4,4,2,0,0,1,256,0,62,0,19,354,15,8,12,12,47,47,142.0,230,36
1426272,2024-04-19,Lucknow Super Giants,Chennai Super Kings,KL Rahul,Lucknow Super Giants,field,"Bharat Ratna Shri Atal Bihari Vajpayee Ekana Cricket Stadium, Lucknow",Lucknow,2024.0,2024,4,4,2,1,0,1,63,0,257,0,19,354,15,8,12,12,47,47,142.0,37,231
1426273,2024-04-20,Sunrisers Hyderabad,Delhi Capitals,TM Head,Delhi Capitals,field,"Arun Jaitley Stadium, Delhi",Delhi,2024.0,2024,4,5,2,0,0,1,200,0,109,0,19,463,11,17,19,13,50,197,142.0,173,85
1426273,2024-04-20,Delhi Capitals,Sunrisers Hyderabad,TM Head,Delhi Capitals,field,"Arun Jaitley Stadium, Delhi",Delhi,2024.0,2024,4,5,2,1,0,1,109,0,201,0,19,463,11,17,19,13,50,197,142.0,85,173
1426274,2024-04-21,Kolkata Knight Riders,Royal Challengers Bengaluru,AD Russell,Royal Challengers Bengaluru,field,"Eden Gardens, Kolkata",Kolkata,2024.0,2024,4,6,2,0,0,1,269,0,35,0,19,442,28,16,18,11,51,205,142.0,244,8
1426274,2024-04-21,Royal Challengers Bengaluru,Kolkata Knight Riders,AD Russell,Royal Challengers Bengaluru,field,"Eden Gardens, Kolkata",Kolkata,2024.0,2024,4,6,2,1,0,1,35,0,268,0,19,442,28,16,18,11,51,205,142.0,8,244
1426275,2024-04-21,Punjab Kings,Gujarat Titans,R Sai Kishore,Punjab Kings,bat,"Maharaja Yadavindra Singh International Cricket Stadium, Mullanpur",Mohali,2024.0,2024,4,6,2,1,1,0,78,0,64,0,19,288,7,17,19,13,20,18,142.0,50,41
1426275,2024-04-21,Gujarat Titans,Punjab Kings,R Sai Kishore,Punjab Kings,bat,"Maharaja Yadavindra Singh International Cricket Stadium, Mullanpur",Mohali,2024.0,2024,4,6,2,0,1,0,64,0,78,0,19,288,7,17,19,13,20,18,142.0,41,50
1426276,2024-04-22,Mumbai Indians,Rajasthan Royals,Sandeep Sharma,Mumbai Indians,bat,"Sawai Mansingh Stadium, Jaipur",Jaipur,2024.0,2024,4,0,2,1,1,0,282,0,240,0,19,362,16,10,14,12,34,128,142.0,255,214
1426276,2024-04-22,Rajasthan Royals,Mumbai Indians,Sandeep Sharma,Mumbai Indians,bat,"Sawai Mansingh Stadium, Jaipur",Jaipur,2024.0,2024,4,0,2,0,1,0,239,0,282,0,19,362,16,10,14,12,34,128,142.0,213,255
1426277,2024-04-23,Chennai Super Kings,Lucknow Super Giants,MP Stoinis,Lucknow Super Giants,field,"MA Chidambaram Stadium, Chepauk, Chennai",Chennai,2024.0,2024,4,1,2,0,0,1,256,0,62,0,19,423,13,8,12,13,74,188,142.0,231,37
1426277,2024-04-23,Lucknow Super Giants,Chennai Super Kings,MP Stoinis,Lucknow Super Giants,field,"MA Chidambaram Stadium, Chepauk, Chennai",Chennai,2024.0,2024,4,1,2,1,0,1,63,0,257,0,19,423,13,8,12,13,74,188,142.0,38,232
1426278,2024-04-24,Delhi Capitals,Gujarat Titans,RR Pant,Gujarat Titans,field,"Arun Jaitley Stadium, Delhi",Delhi,2024.0,2024,4,2,2,0,0,1,109,0,64,0,19,444,13,12,15,13,50,197,142.0,86,42
1426278,2024-04-24,Gujarat Titans,Delhi Capitals,RR Pant,Gujarat Titans,field,"Arun Jaitley Stadium, Delhi",Delhi,2024.0,2024,4,2,2,1,0,1,64,0,109,0,19,444,13,12,15,13,50,197,142.0,42,86
1426279,2024-04-25,Royal Challengers Bengaluru,Sunrisers Hyderabad,RM Patidar,Royal Challengers Bengaluru,bat,"Rajiv Gandhi International Stadium, Uppal, Hyderabad",Hyderabad,2024.0,2024,4,3,2,1,1,0,35,0,201,0,19,375,15,15,18,14,41,169,142.0,9,174
1426279,2024-04-25,Sunrisers Hyderabad,Royal Challengers Bengaluru,RM Patidar,Royal Challengers Bengaluru,bat,"Rajiv Gandhi International Stadium, Uppal, Hyderabad",Hyderabad,2024.0,2024,4,3,2,0,1,0,200,0,35,0,19,375,15,15,18,14,41,169,142.0,174,9
1426280,2024-04-26,Kolkata Knight Riders,Punjab Kings,JM Bairstow,Punjab Kings,field,"Eden Gardens, Kolkata",Kolkata,2024.0,2024,4,4,2,0,0,1,269,0,78,0,19,520,16,8,11,13,51,205,142.0,245,51
1426280,2024-04-26,Punjab Kings,Kolkata Knight Riders,JM Bairstow,Punjab Kings,field,"Eden Gardens, Kolkata",Kolkata,2024.0,2024,4,4,2,1,0,1,78,0,268,0,19,520,16,8,11,13,51,205,142.0,51,245
1426281,2024-04-27,Delhi Capitals,Mumbai Indians,J Fraser-McGurk,Mumbai Indians,field,"Arun Jaitley Stadium, Delhi",Delhi,2024.0,2024,4,5,2,0,0,1,109,0,282,0,19,503,24,13,16,12,50,197,142.0,87,256
1426281,2024-04-27,Mumbai Indians,Delhi Capitals,J Fraser-McGurk,Mumbai Indians,field,"Arun Jaitley Stadium, Delhi",Delhi,2024.0,2024,4,5,2,1,0,1,282,0,109,0,19,503,24,13,16,12,50,197,142.0,256,87
1426282,2024-04-27,Lucknow Super Giants,Rajasthan Royals,SV Samson,Rajasthan Royals,field,"Bharat Ratna Shri Atal Bihari Vajpayee Ekana Cricket Stadium, Lucknow",Lucknow,2024.0,2024,4,5,2,0,0,1,63,0,240,0,19,394,21,8,12,12,47,47,142.0,39,215
1426282,2024-04-27,Rajasthan Royals,Lucknow Super Giants,SV Samson,Rajasthan Royals,field,"Bharat Ratna Shri Atal Bihari Vajpayee Ekana Cricket Stadium, Lucknow",Lucknow,2024.0,2024,4,5,2,1,0,1,239,0,62,0,19,394,21,8,12,12,47,47,142.0,214,38
1426283,2024-04-28,Gujarat Titans,Royal Challengers Bengaluru,WG Jacks,Royal Challengers Bengaluru,field,"Narendra Modi Stadium, Ahmedabad",Ahmedabad,2024.0,2024,4,6,2,0,0,1,64,0,35,0,19,405,22,4,8,12,68,92,142.0,43,10
1426283,2024-04-28,Royal Challengers Bengaluru,Gujarat Titans,WG Jacks,Royal Challengers Bengaluru,field,"Narendra Modi Stadium, Ahmedabad",Ahmedabad,2024.0,2024,4,6,2,1,0,1,35,0,64,0,19,405,22,4,8,12,68,92,142.0,10,43
1426284,2024-04-28,Chennai Super Kings,Sunrisers Hyderabad,RD Gaikwad,Sunrisers Hyderabad,field,"MA Chidambaram Stadium, Chepauk, Chennai",Chennai,2024.0,2024,4,6,2,0,0,1,256,0,201,0,19,346,12,13,16,12,74,188,142.0,232,175
1426284,2024-04-28,Sunrisers Hyderabad,Chennai Super Kings,RD Gaikwad,Sunrisers Hyderabad,field,"MA Chidambaram Stadium, Chepauk, Chennai",Chennai,2024.0,2024,4,6,2,1,0,1,200,0,257,0,19,346,12,13,16,12,74,188,142.0,175,233
1426285,2024-04-29,Delhi Capitals,Kolkata Knight Riders,CV Varun,Delhi Capitals,bat,"Eden Gardens, Kolkata",Kolkata,2024.0,2024,4,0,2,1,1,0,109,0,268,0,19,309,16,12,16,11,51,205,142.0,88,246
1426285,2024-04-29,Kolkata Knight Riders,Delhi Capitals,CV Varun,Delhi Capitals,bat,"Eden Gardens, Kolkata",Kolkata,2024.0,2024,4,0,2,0,1,0,269,0,109,0,19,309,16,12,16,11,51,205,142.0,246,88
1426286,2024-04-30,Mumbai Indians,Lucknow Super Giants,MP Stoinis,Lucknow Super Giants,field,"Bharat Ratna Shri Atal Bihari Vajpayee Ekana Cricket Stadium, Lucknow",Lucknow,2024.0,2024,4,1,2,0,0,1,282,0,62,0,19,289,19,13,17,12,47,47,142.0,257,39
1426286,2024-04-30,Lucknow Super Giants,Mumbai Indians,MP Stoinis,Lucknow Super Giants,field,"Bharat Ratna Shri Atal Bihari Vajpayee Ekana Cricket Stadium, Lucknow",Lucknow,2024.0,2024,4,1,2,1,0,1,63,0,282,0,19,289,19,13,17,12,47,47,142.0,40,257
1426287,2024-05-01,Chennai Super Kings,Punjab Kings,Harpreet Brar,Punjab Kings,field,"MA Chidambaram Stadium, Chepauk, Chennai",Chennai,2024.0,2024,5,2,2,0,0,1,256,0,78,0,19,324,27,10,13,13,74,188,142.0,233,52
1426287,2024-05-01,Punjab Kings,Chennai Super Kings,Harpreet Brar,Punjab Kings,field,"MA Chidambaram Stadium, Chepauk, Chennai",Chennai,2024.0,2024,5,2,2,1,0,1,78,0,257,0,19,324,27,10,13,13,74,188,142.0,52,234
1426288,2024-05-02,Sunrisers Hyderabad,Rajasthan Royals,B Kumar,Sunrisers Hyderabad,bat,"Rajiv Gandhi International Stadium, Uppal, Hyderabad",Hyderabad,2024.0,2024,5,3,2,1,1,0,200,0,240,0,19,400,20,10,13,12,41,169,142.0,176,216
1426288,2024-05-02,Rajasthan Royals,Sunrisers Hyderabad,B Kumar,Sunrisers Hyderabad,bat,"Rajiv Gandhi International Stadium, Uppal, Hyderabad",Hyderabad,2024.0,2024,5,3,2,0,1,0,239,0,201,0,19,400,20,10,13,12,41,169,142.0,215,176
1426289,2024-05-03,Kolkata Knight Riders,Mumbai Indians,VR Iyer,Mumbai Indians,field,"Wankhede Stadium, Mumbai",Mumbai,2024.0,2024,5,4,2,0,0,1,269,0,282,0,19,313,16,20,21,11,110,366,142.0,247,258
1426289,2024-05-03,Mumbai Indians,Kolkata Knight Riders,VR Iyer,Mumbai Indians,field,"Wankhede Stadium, Mumbai",Mumbai,2024.0,2024,5,4,2,1,0,1,282,0,268,0,19,313,16,20,21,11,110,366,142.0,258,247
1426290,2024-05-04,Gujarat Titans,Royal Challengers Bengaluru,Mohammed Siraj,Royal Challengers Bengaluru,field,"M Chinnaswamy Stadium, Bengaluru",Bengaluru,2024.0,2024,5,5,2,0,0,1,64,0,35,0,19,299,9,16,18,11,44,74,142.0,44,11
1426290,2024-05-04,Royal Challengers Bengaluru,Gujarat Titans,Mohammed Siraj,Royal Challengers Bengaluru,field,"M Chinnaswamy Stadium, Bengaluru",Bengaluru,2024.0,2024,5,5,2,1,0,1,35,0,64,0,19,299,9,16,18,11,44,74,142.0,11,44
1426291,2024-05-05,Chennai Super Kings,Punjab Kings,RA Jadeja,Punjab Kings,field,"Himachal Pradesh Cricket Association Stadium, Dharamsala",Dharamsala,2024.0,2024,5,6,2,0,0,1,256,0,78,0,19,306,15,18,22,12,11,29,142.0,234,53
1426291,2024-05-05,Punjab Kings,Chennai Super Kings,RA Jadeja,Punjab Kings,field,"Himachal Pradesh Cricket Association Stadium, Dharamsala",Dharamsala,2024.0,2024,5,6,2,1,0,1,78,0,257,0,19,306,15,18,22,12,11,29,142.0,53,235
1426292,2024-05-05,Kolkata Knight Riders,Lucknow Super Giants,SP Narine,Lucknow Super Giants,field,"Bharat Ratna Shri Atal Bihari Vajpayee Ekana Cricket Stadium, Lucknow",Lucknow,2024.0,2024,5,6,2,0,0,1,269,0,62,0,19,369,17,16,18,13,47,47,142.0,248,40
1426292,2024-05-05,Lucknow Super Giants,Kolkata Knight Riders,SP Narine,Lucknow Super Giants,field,"Bharat Ratna Shri Atal Bihari Vajpayee Ekana Cricket Stadium, Lucknow",Lucknow,2024.0,2024,5,6,2,1,0,1,63,0,268,0,19,369,17,16,18,13,47,47,142.0,41,248
1426293,2024-05-06,Sunrisers Hyderabad,Mumbai Indians,SA Yadav,Mumbai Indians,field,"Wankhede Stadium, Mumbai",Mumbai,2024.0,2024,5,0,2,0,0,1,200,0,282,0,19,347,36,11,15,11,110,366,142.0,177,259
1426293,2024-05-06,Mumbai Indians,Sunrisers Hyderabad,SA Yadav,Mumbai Indians,field,"Wankhede Stadium, Mumbai",Mumbai,2024.0,2024,5,0,2,1,0,1,282,0,201,0,19,347,36,11,15,11,110,366,142.0,259,177
1426294,2024-05-07,Delhi Capitals,Rajasthan Royals,Kuldeep Yadav,Rajasthan Royals,field,"Arun Jaitley Stadium, Delhi",Delhi,2024.0,2024,5,1,2,0,0,1,109,0,240,0,19,418,12,16,19,12,50,197,142.0,89,217
1426294,2024-05-07,Rajasthan Royals,Delhi Capitals,Kuldeep Yadav,Rajasthan Royals,field,"Arun Jaitley Stadium, Delhi",Delhi,2024.0,2024,5,1,2,1,0,1,239,0,109,0,19,418,12,16,19,12,50,197,142.0,216,89
1426295,2024-05-08,Lucknow Super Giants,Sunrisers Hyderabad,TM Head,Lucknow Super Giants,bat,"Rajiv Gandhi International Stadium, Uppal, Hyderabad",Hyderabad,2024.0,2024,5,2,2,1,1,0,63,0,201,0,19,332,7,4,8,11,41,169,142.0,42,178
1426295,2024-05-08,Sunrisers Hyderabad,Lucknow Super Giants,TM Head,Lucknow Super Giants,bat,"Rajiv Gandhi International Stadium, Uppal, Hyderabad",Hyderabad,2024.0,2024,5,2,2,0,1,0,200,0,62,0,19,332,7,4,8,11,41,169,142.0,178,41
1426296,2024-05-09,Royal Challengers Bengaluru,Punjab Kings,V Kohli,Punjab Kings,field,"Himachal Pradesh Cricket Association Stadium, Dharamsala",Dharamsala,2024.0,2024,5,3,2,0,0,1,35,0,78,0,19,421,13,17,19,13,11,29,142.0,12,54
1426296,2024-05-09,Punjab Kings,Royal Challengers Bengaluru,V Kohli,Punjab Kings,field,"Himachal Pradesh Cricket Association Stadium, Dharamsala",Dharamsala,2024.0,2024,5,3,2,1,0,1,78,0,35,0,19,421,13,17,19,13,11,29,142.0,54,12
1426297,2024-05-10,Gujarat Titans,Chennai Super Kings,Shubman Gill,Chennai Super Kings,field,"Narendra Modi Stadium, Ahmedabad",Ahmedabad,2024.0,2024,5,4,2,0,0,1,64,0,257,0,19,427,13,11,14,12,68,92,142.0,45,236
1426297,2024-05-10,Chennai Super Kings,Gujarat Titans,Shubman Gill,Chennai Super Kings,field,"Narendra Modi Stadium, Ahmedabad",Ahmedabad,2024.0,2024,5,4,2,1,0,1,256,0,64,0,19,427,13,11,14,12,68,92,142.0,235,45
1426298,2024-05-11,Kolkata Knight Riders,Mumbai Indians,CV Varun,Mumbai Indians,field,"Eden Gardens, Kolkata",Kolkata,2024.0,2024,5,5,2,0,0,1,269,0,282,0,15,296,18,15,19,11,51,205,142.0,249,260
1426298,2024-05-11,Mumbai Indians,Kolkata Knight Riders,CV Varun,Mumbai Indians,field,"Eden Gardens, Kolkata",Kolkata,2024.0,2024,5,5,2,1,0,1,282,0,268,0,15,296,18,15,19,11,51,205,142.0,260,249
1426299,2024-05-12,Rajasthan Royals,Chennai Super Kings,Simarjeet Singh,Rajasthan Royals,bat,"MA Chidambaram Stadium, Chepauk, Chennai",Chennai,2024.0,2024,5,6,2,1,1,0,239,0,257,0,19,286,11,10,14,11,74,188,142.0,217,237
1426299,2024-05-12,Chennai Super Kings,Rajasthan Royals,Simarjeet Singh,Rajasthan Royals,bat,"MA Chidambaram Stadium, Chepauk, Chennai",Chennai,2024.0,2024,5,6,2,0,1,0,256,0,240,0,19,286,11,10,14,11,74,188,142.0,236,218
1426300,2024-05-12,Royal Challengers Bengaluru,Delhi Capitals,C Green,Delhi Capitals,field,"M Chinnaswamy Stadium, Bengaluru",Bengaluru,2024.0,2024,5,6,2,0,0,1,35,0,109,0,19,326,15,19,20,13,44,74,142.0,13,90
1426300,2024-05-12,Delhi Capitals,Royal Challengers Bengaluru,C Green,Delhi Capitals,field,"M Chinnaswamy Stadium, Bengaluru",Bengaluru,2024.0,2024,5,6,2,1,0,1,109,0,35,0,19,326,15,19,20,13,44,74,142.0,90,13
1426302,2024-05-14,Delhi Capitals,Lucknow Super Giants,I Sharma,Lucknow Super Giants,field,"Arun Jaitley Stadium, Delhi",Delhi,2024.0,2024,5,1,2,0,0,1,109,0,62,0,19,395,12,13,17,15,50,197,142.0,91,42
1426302,2024-05-14,Lucknow Super Giants,Delhi Capitals,I Sharma,Lucknow Super Giants,field,"Arun Jaitley Stadium, Delhi",Delhi,2024.0,2024,5,1,2,1,0,1,63,0,109,0,19,395,12,13,17,15,50,197,142.0,43,91
1426303,2024-05-15,Rajasthan Royals,Punjab Kings,SM Curran,Rajasthan Royals,bat,"Barsapara Cricket Stadium, Guwahati",Guwahati,2024.0,2024,5,2,2,1,1,0,239,0,78,0,19,289,3,14,17,11,16,16,142.0,218,55
1426303,2024-05-15,Punjab Kings,Rajasthan Royals,SM Curran,Rajasthan Royals,bat,"Barsapara Cricket Stadium, Guwahati",Guwahati,2024.0,2024,5,2,2,0,1,0,78,0,240,0,19,289,3,14,17,11,16,16,142.0,55,219
1426305,2024-05-17,Lucknow Super Giants,Mumbai Indians,N Pooran,Mumbai Indians,field,"Wankhede Stadium, Mumbai",Mumbai,2024.0,2024,5,4,2,0,0,1,63,0,282,0,19,407,19,12,16,14,110,366,142.0,44,261
1426305,2024-05-17,Mumbai Indians,Lucknow Super Giants,N Pooran,Mumbai Indians,field,"Wankhede Stadium, Mumbai",Mumbai,2024.0,2024,5,4,2,1,0,1,282,0,62,0,19,407,19,12,16,14,110,366,142.0,261,43
1426306,2024-05-18,Royal Challengers Bengaluru,Chennai Super Kings,F du Plessis,Chennai Super Kings,field,"M Chinnaswamy Stadium, Bengaluru",Bengaluru,2024.0,2024,5,5,2,0,0,1,35,0,257,0,19,408,22,12,16,13,44,74,142.0,14,238
1426306,2024-05-18,Chennai Super Kings,Royal Challengers Bengaluru,F du Plessis,Chennai Super Kings,field,"M Chinnaswamy Stadium, Bengaluru",Bengaluru,2024.0,2024,5,5,2,1,0,1,256,0,35,0,19,408,22,12,16,13,44,74,142.0,237,14
1426307,2024-05-19,Punjab Kings,Sunrisers Hyderabad,Abhishek Sharma,Punjab Kings,bat,"Rajiv Gandhi International Stadium, Uppal, Hyderabad",Hyderabad,2024.0,2024,5,6,2,1,1,0,78,0,201,0,19,429,27,11,15,13,41,169,142.0,56,179
1426307,2024-05-19,Sunrisers Hyderabad,Punjab Kings,Abhishek Sharma,Punjab Kings,bat,"Rajiv Gandhi International Stadium, Uppal, Hyderabad",Hyderabad,2024.0,2024,5,6,2,0,1,0,200,0,78,0,19,429,27,11,15,13,41,169,142.0,179,56
1426309,2024-05-21,Sunrisers Hyderabad,Kolkata Knight Riders,MA Starc,Sunrisers Hyderabad,bat,"Narendra Modi Stadium, Ahmedabad",Ahmedabad,2024.0,2024,5,1,2,1,1,0,200,0,268,0,19,323,18,12,15,12,68,92,142.0,180,250
1426309,2024-05-21,Kolkata Knight Riders,Sunrisers Hyderabad,MA Starc,Sunrisers Hyderabad,bat,"Narendra Modi Stadium, Ahmedabad",Ahmedabad,2024.0,2024,5,1,2,0,1,0,269,0,201,0,19,323,18,12,15,12,68,92,142.0,250,180
1426310,2024-05-22,Royal Challengers Bengaluru,Rajasthan Royals,R Ashwin,Rajasthan Royals,field,"Narendra Modi Stadium, Ahmedabad",Ahmedabad,2024.0,2024,5,2,2,0,0,1,35,0,240,0,19,345,9,14,16,11,68,92,142.0,15,220
1426310,2024-05-22,Rajasthan Royals,Royal Challengers Bengaluru,R Ashwin,Rajasthan Royals,field,"Narendra Modi Stadium, Ahmedabad",Ahmedabad,2024.0,2024,5,2,2,1,0,1,239,0,35,0,19,345,9,14,16,11,68,92,142.0,219,15
1426311,2024-05-24,Sunrisers Hyderabad,Rajasthan Royals,Shahbaz Ahmed,Rajasthan Royals,field,"MA Chidambaram Stadium, Chepauk, Chennai",Chennai,2024.0,2024,5,4,2,0,0,1,200,0,240,0,19,314,13,16,19,12,74,188,142.0,181,221
1426311,2024-05-24,Rajasthan Royals,Sunrisers Hyderabad,Shahbaz Ahmed,Rajasthan Royals,field,"MA Chidambaram Stadium, Chepauk, Chennai",Chennai,2024.0,2024,5,4,2,1,0,1,239,0,201,0,19,314,13,16,19,12,74,188,142.0,220,181
1426312,2024-05-26,Sunrisers Hyderabad,Kolkata Knight Riders,MA Starc,Sunrisers Hyderabad,bat,"MA Chidambaram Stadium, Chepauk, Chennai",Chennai,2024.0,2024,5,6,2,1,1,0,200,0,268,0,18,226,23,12,15,12,74,188,142.0,182,251
1426312,2024-05-26,Kolkata Knight Riders,Sunrisers Hyderabad,MA Starc,Sunrisers Hyderabad,bat,"MA Chidambaram Stadium, Chepauk, Chennai",Chennai,2024.0,2024,5,6,2,0,1,0,269,0,201,0,18,226,23,12,15,12,74,188,142.0,251,182
1473438,2025-03-22,Kolkata Knight Riders,Royal Challengers Bengaluru,KH Pandya,Royal Challengers Bengaluru,field,"Eden Gardens, Kolkata",Kolkata,2025.0,2025,3,5,1,0,0,1,269,0,35,0,19,351,9,11,15,11,51,205,146.0,252,16
1473438,2025-03-22,Royal Challengers Bengaluru,Kolkata Knight Riders,KH Pandya,Royal Challengers Bengaluru,field,"Eden Gardens, Kolkata",Kolkata,2025.0,2025,3,5,1,1,0,1,35,0,268,0,19,351,9,11,15,11,51,205,146.0,16,252
1473439,2025-03-23,Sunrisers Hyderabad,Rajasthan Royals,Ishan Kishan,Rajasthan Royals,field,"Rajiv Gandhi International Stadium, Uppal, Hyderabad",Hyderabad,2025.0,2025,3,6,1,0,0,1,200,0,240,0,19,526,29,12,16,12,41,169,146.0,183,222
1473439,2025-03-23,Rajasthan Royals,Sunrisers Hyderabad,Ishan Kishan,Rajasthan Royals,field,"Rajiv Gandhi International Stadium, Uppal, Hyderabad",Hyderabad,2025.0,2025,3,6,1,1,0,1,239,0,201,0,19,526,29,12,16,12,41,169,146.0,221,183
1473440,2025-03-23,Mumbai Indians,Chennai Super Kings,Noor Ahmad,Chennai Super Kings,field,"MA Chidambaram Stadium, Chepauk, Chennai",Chennai,2025.0,2025,3,6,1,0,0,1,282,0,257,0,19,313,15,15,19,13,74,188,146.0,262,239
1473440,2025-03-23,Chennai Super Kings,Mumbai Indians,Noor Ahmad,Chennai Super Kings,field,"MA Chidambaram Stadium, Chepauk, Chennai",Chennai,2025.0,2025,3,6,1,1,0,1,256,0,282,0,19,313,15,15,19,13,74,188,146.0,238,262
1473441,2025-03-24,Lucknow Super Giants,Delhi Capitals,Ashutosh Sharma,Delhi Capitals,field,"Dr. Y.S. Rajasekhara Reddy ACA-VDCA Cricket Stadium, Visakhapatnam",Visakhapatnam,2025.0,2025,3,0,1,0,0,1,63,0,109,0,19,420,15,17,20,13,8,34,146.0,45,92
1473441,2025-03-24,Delhi Capitals,Lucknow Super Giants,Ashutosh Sharma,Delhi Capitals,field,"Dr. Y.S. Rajasekhara Reddy ACA-VDCA Cricket Stadium, Visakhapatnam",Visakhapatnam,2025.0,2025,3,0,1,1,0,1,109,0,62,0,19,420,15,17,20,13,8,34,146.0,92,44
1473442,2025-03-25,Punjab Kings,Gujarat Titans,SS Iyer,Gujarat Titans,field,"Narendra Modi Stadium, Ahmedabad",Ahmedabad,2025.0,2025,3,1,1,0,0,1,78,0,64,0,19,472,23,10,14,13,68,92,146.0,57,46
1473442,2025-03-25,Gujarat Titans,Punjab Kings,SS Iyer,Gujarat Titans,field,"Narendra Modi Stadium, Ahmedabad",Ahmedabad,2025.0,2025,3,1,1,1,0,1,64,0,78,0,19,472,23,10,14,13,68,92,146.0,46,57
1473443,2025-03-26,Rajasthan Royals,Kolkata Knight Riders,Q de Kock,Kolkata Knight Riders,field,"Barsapara Cricket Stadium, Guwahati",Guwahati,2025.0,2025,3,2,1,0,0,1,239,0,268,0,19,302,13,11,15,12,16,16,146.0,222,253
1473443,2025-03-26,Kolkata Knight Riders,Rajasthan Royals,Q de Kock,Kolkata Knight Riders,field,"Barsapara Cricket Stadium, Guwahati",Guwahati,2025.0,2025,3,2,1,1,0,1,269,0,240,0,19,302,13,11,15,12,16,16,146.0,253,223
1473444,2025-03-27,Sunrisers Hyderabad,Lucknow Super Giants,SN Thakur,Lucknow Super Giants,field,"Rajiv Gandhi International Stadium, Uppal, Hyderabad",Hyderabad,2025.0,2025,3,3,1,0,0,1,200,0,62,0,19,380,18,14,18,12,41,169,146.0,184,45
1473444,2025-03-27,Lucknow Super Giants,Sunrisers Hyderabad,SN Thakur,Lucknow Super Giants,field,"Rajiv Gandhi International Stadium, Uppal, Hyderabad",Hyderabad,2025.0,2025,3,3,1,1,0,1,63,0,201,0,19,380,18,14,18,12,41,169,146.0,46,184
1473445,2025-03-28,Royal Challengers Bengaluru,Chennai Super Kings,RM Patidar,Chennai Super Kings,field,"MA Chidambaram Stadium, Chepauk, Chennai",Chennai,2025.0,2025,3,4,1,0,0,1,35,0,257,0,19,342,14,15,19,12,74,188,146.0,17,240
1473445,2025-03-28,Chennai Super Kings,Royal Challengers Bengaluru,RM Patidar,Chennai Super Kings,field,"MA Chidambaram Stadium, Chepauk, Chennai",Chennai,2025.0,2025,3,4,1,1,0,1,256,0,35,0,19,342,14,15,19,12,74,188,146.0,239,17
1473446,2025-03-29,Gujarat Titans,Mumbai Indians,M Prasidh Krishna,Mumbai Indians,field,"Narendra Modi Stadium, Ahmedabad",Ahmedabad,2025.0,2025,3,5,1,0,0,1,64,0,282,0,19,355,23,14,16,12,68,92,146.0,47,263
1473446,2025-03-29,Mumbai Indians,Gujarat Titans,M Prasidh Krishna,Mumbai Indians,field,"Narendra Modi Stadium, Ahmedabad",Ahmedabad,2025.0,2025,3,5,1,1,0,1,282,0,64,0,19,355,23,14,16,12,68,92,146.0,263,47
1473447,2025-03-30,Sunrisers Hyderabad,Delhi Capitals,MA Starc,Sunrisers Hyderabad,bat,"Dr. Y.S. Rajasekhara Reddy ACA-VDCA Cricket Stadium, Visakhapatnam",Visakhapatnam,2025.0,2025,3,6,1,1,1,0,200,0,109,0,18,329,19,13,16,12,8,34,146.0,185,93
1473447,2025-03-30,Delhi Capitals,Sunrisers Hyderabad,MA Starc,Sunrisers Hyderabad,bat,"Dr. Y.S. Rajasekhara Reddy ACA-VDCA Cricket Stadium, Visakhapatnam",Visakhapatnam,2025.0,2025,3,6,1,0,1,0,109,0,201,0,18,329,19,13,16,12,8,34,146.0,93,185
1473448,2025-03-30,Rajasthan Royals,Chennai Super Kings,N Rana,Chennai Super Kings,field,"Barsapara Cricket Stadium, Guwahati",Guwahati,2025.0,2025,3,6,1,0,0,1,239,0,257,0,19,358,14,15,19,12,16,16,146.0,223,241
1473448,2025-03-30,Chennai Super Kings,Rajasthan Royals,N Rana,Chennai Super Kings,field,"Barsapara Cricket Stadium, Guwahati",Guwahati,2025.0,2025,3,6,1,1,0,1,256,0,240,0,19,358,14,15,19,12,16,16,146.0,240,224
1473449,2025-03-31,Kolkata Knight Riders,Mumbai Indians,Ashwani Kumar,Mumbai Indians,field,"Wankhede Stadium, Mumbai",Mumbai,2025.0,2025,3,0,1,0,0,1,269,0,282,0,16,236,9,12,15,11,110,366,146.0,254,264
1473449,2025-03-31,Mumbai Indians,Kolkata Knight Riders,Ashwani Kumar,Mumbai Indians,field,"Wankhede Stadium, Mumbai",Mumbai,2025.0,2025,3,0,1,1,0,1,282,0,268,0,16,236,9,12,15,11,110,366,146.0,264,254
1473450,2025-04-01,Lucknow Super Giants,Punjab Kings,P Simran Singh,Punjab Kings,field,"Bharat Ratna Shri Atal Bihari Vajpayee Ekana Cricket Stadium, Lucknow",Lucknow,2025.0,2025,4,1,2,0,0,1,63,0,78,0,19,348,12,9,13,12,47,47,146.0,47,58
1473450,2025-04-01,Punjab Kings,Lucknow Super Giants,P Simran Singh,Punjab Kings,field,"Bharat Ratna Shri Atal Bihari Vajpayee Ekana Cricket Stadium, Lucknow",Lucknow,2025.0,2025,4,1,2,1,0,1,78,0,62,0,19,348,12,9,13,12,47,47,146.0,58,46
1473451,2025-04-02,Royal Challengers Bengaluru,Gujarat Titans,Mohammed Siraj,Gujarat Titans,field,"M Chinnaswamy Stadium, Bengaluru",Bengaluru,2025.0,2025,4,2,2,0,0,1,35,0,64,0,19,339,11,10,13,12,44,74,146.0,18,48
1473451,2025-04-02,Gujarat Titans,Royal Challengers Bengaluru,Mohammed Siraj,Gujarat Titans,field,"M Chinnaswamy Stadium, Bengaluru",Bengaluru,2025.0,2025,4,2,2,1,0,1,64,0,35,0,19,339,11,10,13,12,44,74,146.0,48,18
1473452,2025-04-03,Kolkata Knight Riders,Sunrisers Hyderabad,VG Arora,Sunrisers Hyderabad,field,"Eden Gardens, Kolkata",Kolkata,2025.0,2025,4,3,2,0,0,1,269,0,201,0,19,320,19,16,18,11,51,205,146.0,255,186
1473452,2025-04-03,Sunrisers Hyderabad,Kolkata Knight Riders,VG Arora,Sunrisers Hyderabad,field,"Eden Gardens, Kolkata",Kolkata,2025.0,2025,4,3,2,1,0,1,200,0,268,0,19,320,19,16,18,11,51,205,146.0,186,255
1473453,2025-04-04,Lucknow Super Giants,Mumbai Indians,DS Rathi,Mumbai Indians,field,"Bharat Ratna Shri Atal Bihari Vajpayee Ekana Cricket Stadium, Lucknow",Lucknow,2025.0,2025,4,4,2,0,0,1,63,0,282,0,19,394,16,13,17,11,47,47,146.0,48,265
1473453,2025-04-04,Mumbai Indians,Lucknow Super Giants,DS Rathi,Mumbai Indians,field,"Bharat Ratna Shri Atal Bihari Vajpayee Ekana Cricket Stadium, Lucknow",Lucknow,2025.0,2025,4,4,2,1,0,1,282,0,62,0,19,394,16,13,17,11,47,47,146.0,265,47
1473454,2025-04-05,Delhi Capitals,Chennai Super Kings,KL Rahul,Delhi Capitals,bat,"MA Chidambaram Stadium, Chepauk, Chennai",Chennai,2025.0,2025,4,5,2,1,1,0,109,0,257,0,19,341,24,11,15,12,74,188,146.0,94,242
1473454,2025-04-05,Chennai Super Kings,Delhi Capitals,KL Rahul,Delhi Capitals,bat,"MA Chidambaram Stadium, Chepauk, Chennai",Chennai,2025.0,2025,4,5,2,0,1,0,256,0,109,0,19,341,24,11,15,12,74,188,146.0,241,94
1473455,2025-04-05,Rajasthan Royals,Punjab Kings,JC Archer,Punjab Kings,field,"Maharaja Yadavindra Singh International Cricket Stadium, Mullanpur",Mohali,2025.0,2025,4,5,2,0,0,1,239,0,78,0,19,358,25,13,17,12,20,18,146.0,224,59
1473455,2025-04-05,Punjab Kings,Rajasthan Royals,JC Archer,Punjab Kings,field,"Maharaja Yadavindra Singh International Cricket Stadium, Mullanpur",Mohali,2025.0,2025,4,5,2,1,0,1,78,0,240,0,19,358,25,13,17,12,20,18,146.0,59,225
1473457,2025-04-06,Sunrisers Hyderabad,Gujarat Titans,Mohammed Siraj,Gujarat Titans,field,"Rajiv Gandhi International Stadium, Uppal, Hyderabad",Hyderabad,2025.0,2025,4,6,2,0,0,1,200,0,64,0,19,305,7,11,15,12,41,169,146.0,187,49
1473457,2025-04-06,Gujarat Titans,Sunrisers Hyderabad,Mohammed Siraj,Gujarat Titans,field,"Rajiv Gandhi International Stadium, Uppal, Hyderabad",Hyderabad,2025.0,2025,4,6,2,1,0,1,64,0,201,0,19,305,7,11,15,12,41,169,146.0,49,187
1473458,2025-04-07,Royal Challengers Bengaluru,Mumbai Indians,RM Patidar,Mumbai Indians,field,"Wankhede Stadium, Mumbai",Mumbai,2025.0,2025,4,0,2,0,0,1,35,0,282,0,19,429,14,14,18,12,110,366,146.0,19,266
1473458,2025-04-07,Mumbai Indians,Royal Challengers Bengaluru,RM Patidar,Mumbai Indians,field,"Wankhede Stadium, Mumbai",Mumbai,2025.0,2025,4,0,2,1,0,1,282,0,35,0,19,429,14,14,18,12,110,366,146.0,266,19
1473456,2025-04-08,Lucknow Super Giants,Kolkata Knight Riders,N Pooran,Kolkata Knight Riders,field,"Eden Gardens, Kolkata",Kolkata,2025.0,2025,4,1,2,0,0,1,63,0,268,0,19,466,29,10,14,11,51,205,146.0,49,256
1473456,2025-04-08,Kolkata Knight Riders,Lucknow Super Giants,N Pooran,Kolkata Knight Riders,field,"Eden Gardens, Kolkata",Kolkata,2025.0,2025,4,1,2,1,0,1,269,0,62,0,19,466,29,10,14,11,51,205,146.0,256,48
1473459,2025-04-08,Punjab Kings,Chennai Super Kings,Priyansh Arya,Punjab Kings,bat,"Maharaja Yadavindra Singh International Cricket Stadium, Mullanpur",Mohali,2025.0,2025,4,1,2,1,1,0,78,0,257,0,19,419,21,11,15,13,20,18,146.0,60,243
1473459,2025-04-08,Chennai Super Kings,Punjab Kings,Priyansh Arya,Punjab Kings,bat,"Maharaja Yadavindra Singh International Cricket Stadium, Mullanpur",Mohali,2025.0,2025,4,1,2,0,1,0,256,0,78,0,19,419,21,11,15,13,20,18,146.0,242,60
1473460,2025-04-09,Gujarat Titans,Rajasthan Royals,B Sai Sudharsan,Rajasthan Royals,field,"Narendra Modi Stadium, Ahmedabad",Ahmedabad,2025.0,2025,4,2,2,0,0,1,64,0,240,0,19,375,26,16,18,11,68,92,146.0,50,226
1473460,2025-04-09,Rajasthan Royals,Gujarat Titans,B Sai Sudharsan,Rajasthan Royals,field,"Narendra Modi Stadium, Ahmedabad",Ahmedabad,2025.0,2025,4,2,2,1,0,1,239,0,64,0,19,375,26,16,18,11,68,92,146.0,225,50
1473461,2025-04-10,Royal Challengers Bengaluru,Delhi Capitals,KL Rahul,Delhi Capitals,field,"M Chinnaswamy Stadium, Bengaluru",Bengaluru,2025.0,2025,4,3,2,0,0,1,35,0,109,0,19,331,21,11,15,12,44,74,146.0,20,95
1473461,2025-04-10,Delhi Capitals,Royal Challengers Bengaluru,KL Rahul,Delhi Capitals,field,"M Chinnaswamy Stadium, Bengaluru",Bengaluru,2025.0,2025,4,3,2,1,0,1,109,0,35,0,19,331,21,11,15,12,44,74,146.0,95,20
1473462,2025-04-11,Chennai Super Kings,Kolkata Knight Riders,SP Narine,Kolkata Knight Riders,field,"MA Chidambaram Stadium, Chepauk, Chennai",Chennai,2025.0,2025,4,4,2,0,0,1,256,0,268,0,19,210,10,11,15,10,74,188,146.0,243,257
1473462,2025-04-11,Kolkata Knight Riders,Chennai Super Kings,SP Narine,Kolkata Knight Riders,field,"MA Chidambaram Stadium, Chepauk, Chennai",Chennai,2025.0,2025,4,4,2,1,0,1,269,0,257,0,19,210,10,11,15,10,74,188,146.0,257,244
1473463,2025-04-12,Gujarat Titans,Lucknow Super Giants,AK Markram,Lucknow Super Giants,field,"Bharat Ratna Shri Atal Bihari Vajpayee Ekana Cricket Stadium, Lucknow",Lucknow,2025.0,2025,4,5,2,0,0,1,64,0,62,0,19,366,18,10,14,12,47,47,146.0,51,49
1473463,2025-04-12,Lucknow Super Giants,Gujarat Titans,AK Markram,Lucknow Super Giants,field,"Bharat Ratna Shri Atal Bihari Vajpayee Ekana Cricket Stadium, Lucknow",Lucknow,2025.0,2025,4,5,2,1,0,1,63,0,64,0,19,366,18,10,14,12,47,47,146.0,50,51
1473464,2025-04-12,Punjab Kings,Sunrisers Hyderabad,Abhishek Sharma,Punjab Kings,bat,"Rajiv Gandhi International Stadium, Uppal, Hyderabad",Hyderabad,2025.0,2025,4,5,2,1,1,0,78,0,201,0,19,492,24,8,12,13,41,169,146.0,61,188
1473464,2025-04-12,Sunrisers Hyderabad,Punjab Kings,Abhishek Sharma,Punjab Kings,bat,"Rajiv Gandhi International Stadium, Uppal, Hyderabad",Hyderabad,2025.0,2025,4,5,2,0,1,0,200,0,78,0,19,492,24,8,12,13,41,169,146.0,188,61
1473465,2025-04-13,Rajasthan Royals,Royal Challengers Bengaluru,PD Salt,Royal Challengers Bengaluru,field,"Sawai Mansingh Stadium, Jaipur",Jaipur,2025.0,2025,4,6,2,0,0,1,239,0,35,0,19,348,13,5,9,13,34,128,146.0,226,21
1473465,2025-04-13,Royal Challengers Bengaluru,Rajasthan Royals,PD Salt,Royal Challengers Bengaluru,field,"Sawai Mansingh Stadium, Jaipur",Jaipur,2025.0,2025,4,6,2,1,0,1,35,0,240,0,19,348,13,5,9,13,34,128,146.0,21,227
1473466,2025-04-13,Mumbai Indians,Delhi Capitals,KV Sharma,Delhi Capitals,field,"Arun Jaitley Stadium, Delhi",Delhi,2025.0,2025,4,6,2,0,0,1,282,0,109,0,19,397,18,15,18,12,50,197,146.0,267,96
1473466,2025-04-13,Delhi Capitals,Mumbai Indians,KV Sharma,Delhi Capitals,field,"Arun Jaitley Stadium, Delhi",Delhi,2025.0,2025,4,6,2,1,0,1,109,0,282,0,19,397,18,15,18,12,50,197,146.0,96,267
1473467,2025-04-14,Lucknow Super Giants,Chennai Super Kings,MS Dhoni,Chennai Super Kings,field,"Bharat Ratna Shri Atal Bihari Vajpayee Ekana Cricket Stadium, Lucknow",Lucknow,2025.0,2025,4,0,2,0,0,1,63,0,257,0,19,331,18,12,14,12,47,47,146.0,51,245
1473467,2025-04-14,Chennai Super Kings,Lucknow Super Giants,MS Dhoni,Chennai Super Kings,field,"Bharat Ratna Shri Atal Bihari Vajpayee Ekana Cricket Stadium, Lucknow",Lucknow,2025.0,2025,4,0,2,1,0,1,256,0,62,0,19,331,18,12,14,12,47,47,146.0,244,50
1473468,2025-04-15,Punjab Kings,Kolkata Knight Riders,YS Chahal,Punjab Kings,bat,"Maharaja Yadavindra Singh International Cricket Stadium, Mullanpur",Mohali,2025.0,2025,4,1,2,1,1,0,78,0,268,0,15,206,10,20,21,10,20,18,146.0,62,258
1473468,2025-04-15,Kolkata Knight Riders,Punjab Kings,YS Chahal,Punjab Kings,bat,"Maharaja Yadavindra Singh International Cricket Stadium, Mullanpur",Mohali,2025.0,2025,4,1,2,0,1,0,269,0,78,0,15,206,10,20,21,10,20,18,146.0,258,62
1473469,2025-04-16,Delhi Capitals,Rajasthan Royals,MA Starc,Rajasthan Royals,field,"Arun Jaitley Stadium, Delhi",Delhi,2025.0,2025,4,2,2,0,0,1,109,0,240,0,19,397,13,12,13,13,50,197,146.0,97,228
1473469,2025-04-16,Rajasthan Royals,Delhi Capitals,MA Starc,Rajasthan Royals,field,"Arun Jaitley Stadium, Delhi",Delhi,2025.0,2025,4,2,2,1,0,1,239,0,109,0,19,397,13,12,13,13,50,197,146.0,227,97
1473470,2025-04-17,Sunrisers Hyderabad,Mumbai Indians,WG Jacks,Mumbai Indians,field,"Wankhede Stadium, Mumbai",Mumbai,2025.0,2025,4,3,2,0,0,1,200,0,282,0,19,327,14,11,15,12,110,366,146.0,189,268
1473470,2025-04-17,Mumbai Indians,Sunrisers Hyderabad,WG Jacks,Mumbai Indians,field,"Wankhede Stadium, Mumbai",Mumbai,2025.0,2025,4,3,2,1,0,1,282,0,201,0,19,327,14,11,15,12,110,366,146.0,268,189
1473471,2025-04-18,Royal Challengers Bengaluru,Punjab Kings,TH David,Punjab Kings,field,"M Chinnaswamy Stadium, Bengaluru",Bengaluru,2025.0,2025,4,4,2,0,0,1,35,0,78,0,13,193,8,14,18,10,44,74,146.0,22,63
1473471,2025-04-18,Punjab Kings,Royal Challengers Bengaluru,TH David,Punjab Kings,field,"M Chinnaswamy Stadium, Bengaluru",Bengaluru,2025.0,2025,4,4,2,1,0,1,78,0,35,0,13,193,8,14,18,10,44,74,146.0,63,22
1473472,2025-04-19,Delhi Capitals,Gujarat Titans,JC Buttler,Gujarat Titans,field,"Narendra Modi Stadium, Ahmedabad",Ahmedabad,2025.0,2025,4,5,2,0,0,1,109,0,64,0,19,404,19,11,15,12,68,92,146.0,98,52
1473472,2025-04-19,Gujarat Titans,Delhi Capitals,JC Buttler,Gujarat Titans,field,"Narendra Modi Stadium, Ahmedabad",Ahmedabad,2025.0,2025,4,5,2,1,0,1,64,0,109,0,19,404,19,11,15,12,68,92,146.0,52,98
1473473,2025-04-19,Lucknow Super Giants,Rajasthan Royals,Avesh Khan,Lucknow Super Giants,bat,"Sawai Mansingh Stadium, Jaipur",Jaipur,2025.0,2025,4,5,2,1,1,0,63,0,240,0,19,358,11,10,14,11,34,128,146.0,52,229
1473473,2025-04-19,Rajasthan Royals,Lucknow Super Giants,Avesh Khan,Lucknow Super Giants,bat,"Sawai Mansingh Stadium, Jaipur",Jaipur,2025.0,2025,4,5,2,0,1,0,239,0,62,0,19,358,11,10,14,11,34,128,146.0,228,51
1473474,2025-04-20,Punjab Kings,Royal Challengers Bengaluru,V Kohli,Royal Challengers Bengaluru,field,"Maharaja Yadavindra Singh International Cricket Stadium, Mullanpur",Mohali,2025.0,2025,4,6,2,0,0,1,78,0,35,0,19,316,6,9,13,13,20,18,146.0,64,23
1473474,2025-04-20,Royal Challengers Bengaluru,Punjab Kings,V Kohli,Royal Challengers Bengaluru,field,"Maharaja Yadavindra Singh International Cricket Stadium, Mullanpur",Mohali,2025.0,2025,4,6,2,1,0,1,35,0,78,0,19,316,6,9,13,13,20,18,146.0,23,64
1473475,2025-04-20,Chennai Super Kings,Mumbai Indians,RG Sharma,Mumbai Indians,field,"Wankhede Stadium, Mumbai",Mumbai,2025.0,2025,4,6,2,0,0,1,256,0,282,0,19,352,17,6,10,13,110,366,146.0,245,269
1473475,2025-04-20,Mumbai Indians,Chennai Super Kings,RG Sharma,Mumbai Indians,field,"Wankhede Stadium, Mumbai",Mumbai,2025.0,2025,4,6,2,1,0,1,282,0,257,0,19,352,17,6,10,13,110,366,146.0,269,246
1473476,2025-04-21,Gujarat Titans,Kolkata Knight Riders,Shubman Gill,Kolkata Knight Riders,field,"Eden Gardens, Kolkata",Kolkata,2025.0,2025,4,0,2,0,0,1,64,0,268,0,19,357,14,11,15,12,51,205,146.0,53,259
1473476,2025-04-21,Kolkata Knight Riders,Gujarat Titans,Shubman Gill,Kolkata Knight Riders,field,"Eden Gardens, Kolkata",Kolkata,2025.0,2025,4,0,2,1,0,1,269,0,64,0,19,357,14,11,15,12,51,205,146.0,259,53
1473477,2025-04-22,Lucknow Super Giants,Delhi Capitals,Mukesh Kumar,Delhi Capitals,field,"Bharat Ratna Shri Atal Bihari Vajpayee Ekana Cricket Stadium, Lucknow",Lucknow,2025.0,2025,4,1,2,0,0,1,63,0,109,0,19,319,4,8,11,12,47,47,146.0,53,99
1473477,2025-04-22,Delhi Capitals,Lucknow Super Giants,Mukesh Kumar,Delhi Capitals,field,"Bharat Ratna Shri Atal Bihari Vajpayee Ekana Cricket Stadium, Lucknow",Lucknow,2025.0,2025,4,1,2,1,0,1,109,0,62,0,19,319,4,8,11,12,47,47,146.0,99,52
1473478,2025-04-23,Sunrisers Hyderabad,Mumbai Indians,TA Boult,Mumbai Indians,field,"Rajiv Gandhi International Stadium, Uppal, Hyderabad",Hyderabad,2025.0,2025,4,2,2,0,0,1,200,0,282,0,19,289,5,11,14,11,41,169,146.0,190,270
1473478,2025-04-23,Mumbai Indians,Sunrisers Hyderabad,TA Boult,Mumbai Indians,field,"Rajiv Gandhi International Stadium, Uppal, Hyderabad",Hyderabad,2025.0,2025,4,2,2,1,0,1,282,0,201,0,19,289,5,11,14,11,41,169,146.0,270,190
1473479,2025-04-24,Royal Challengers Bengaluru,Rajasthan Royals,JR Hazlewood,Rajasthan Royals,field,"M Chinnaswamy Stadium, Bengaluru",Bengaluru,2025.0,2025,4,3,2,0,0,1,35,0,240,0,19,398,19,14,17,12,44,74,146.0,24,230
1473479,2025-04-24,Rajasthan Royals,Royal Challengers Bengaluru,JR Hazlewood,Rajasthan Royals,field,"M Chinnaswamy Stadium, Bengaluru",Bengaluru,2025.0,2025,4,3,2,1,0,1,239,0,35,0,19,398,19,14,17,12,44,74,146.0,229,24
1473480,2025-04-25,Chennai Super Kings,Sunrisers Hyderabad,HV Patel,Sunrisers Hyderabad,field,"MA Chidambaram Stadium, Chepauk, Chennai",Chennai,2025.0,2025,4,4,2,0,0,1,256,0,201,0,19,309,22,15,18,12,74,188,146.0,246,191
1473480,2025-04-25,Sunrisers Hyderabad,Chennai Super Kings,HV Patel,Sunrisers Hyderabad,field,"MA Chidambaram Stadium, Chepauk, Chennai",Chennai,2025.0,2025,4,4,2,1,0,1,200,0,257,0,19,309,22,15,18,12,74,188,146.0,191,247
1473481,2025-04-26,Punjab Kings,Kolkata Knight Riders,Unknown,Punjab Kings,bat,"Eden Gardens, Kolkata",Kolkata,2025.0,2025,4,5,2,1,1,0,78,0,268,0,19,208,5,4,8,7,51,205,146.0,65,260
1473481,2025-04-26,Kolkata Knight Riders,Punjab Kings,Unknown,Punjab Kings,bat,"Eden Gardens, Kolkata",Kolkata,2025.0,2025,4,5,2,0,1,0,269,0,78,0,19,208,5,4,8,7,51,205,146.0,260,65
1473482,2025-04-27,Mumbai Indians,Lucknow Super Giants,WG Jacks,Lucknow Super Giants,field,"Wankhede Stadium, Mumbai",Mumbai,2025.0,2025,4,6,2,0,0,1,282,0,62,0,19,375,12,17,20,12,110,366,146.0,271,53
1473482,2025-04-27,Lucknow Super Giants,Mumbai Indians,WG Jacks,Lucknow Super Giants,field,"Wankhede Stadium, Mumbai",Mumbai,2025.0,2025,4,6,2,1,0,1,63,0,282,0,19,375,12,17,20,12,110,366,146.0,54,271
1473483,2025-04-27,Delhi Capitals,Royal Challengers Bengaluru,KH Pandya,Royal Challengers Bengaluru,field,"Arun Jaitley Stadium, Delhi",Delhi,2025.0,2025,4,6,2,0,0,1,109,0,35,0,19,327,8,12,15,11,50,197,146.0,100,25
1473483,2025-04-27,Royal Challengers Bengaluru,Delhi Capitals,KH Pandya,Royal Challengers Bengaluru,field,"Arun Jaitley Stadium, Delhi",Delhi,2025.0,2025,4,6,2,1,0,1,35,0,109,0,19,327,8,12,15,11,50,197,146.0,25,100
1473484,2025-04-28,Gujarat Titans,Rajasthan Royals,V Suryavanshi,Rajasthan Royals,field,"Sawai Mansingh Stadium, Jaipur",Jaipur,2025.0,2025,4,0,2,0,0,1,64,0,240,0,19,418,11,6,10,13,34,128,146.0,54,231
1473484,2025-04-28,Rajasthan Royals,Gujarat Titans,V Suryavanshi,Rajasthan Royals,field,"Sawai Mansingh Stadium, Jaipur",Jaipur,2025.0,2025,4,0,2,1,0,1,239,0,64,0,19,418,11,6,10,13,34,128,146.0,230,54
1473485,2025-04-29,Kolkata Knight Riders,Delhi Capitals,SP Narine,Delhi Capitals,field,"Arun Jaitley Stadium, Delhi",Delhi,2025.0,2025,4,1,2,0,0,1,269,0,109,0,19,392,23,18,22,12,50,197,146.0,261,101
1473485,2025-04-29,Delhi Capitals,Kolkata Knight Riders,SP Narine,Delhi Capitals,field,"Arun Jaitley Stadium, Delhi",Delhi,2025.0,2025,4,1,2,1,0,1,109,0,268,0,19,392,23,18,22,12,50,197,146.0,101,261
1473486,2025-04-30,Chennai Super Kings,Punjab Kings,SS Iyer,Punjab Kings,field,"MA Chidambaram Stadium, Chepauk, Chennai",Chennai,2025.0,2025,4,2,2,0,0,1,256,0,78,0,19,384,22,16,18,12,74,188,146.0,247,66
1473486,2025-04-30,Punjab Kings,Chennai Super Kings,SS Iyer,Punjab Kings,field,"MA Chidambaram Stadium, Chepauk, Chennai",Chennai,2025.0,2025,4,2,2,1,0,1,78,0,257,0,19,384,22,16,18,12,74,188,146.0,66,248
1473487,2025-05-01,Mumbai Indians,Rajasthan Royals,RD Rickelton,Rajasthan Royals,field,"Sawai Mansingh Stadium, Jaipur",Jaipur,2025.0,2025,5,3,2,0,0,1,282,0,240,0,19,334,22,12,15,12,34,128,146.0,272,232
1473487,2025-05-01,Rajasthan Royals,Mumbai Indians,RD Rickelton,Rajasthan Royals,field,"Sawai Mansingh Stadium, Jaipur",Jaipur,2025.0,2025,5,3,2,1,0,1,239,0,282,0,19,334,22,12,15,12,34,128,146.0,231,272
1473488,2025-05-02,Gujarat Titans,Sunrisers Hyderabad,M Prasidh Krishna,Sunrisers Hyderabad,field,"Narendra Modi Stadium, Ahmedabad",Ahmedabad,2025.0,2025,5,4,2,0,0,1,64,0,201,0,19,410,16,12,15,13,68,92,146.0,55,192
1473488,2025-05-02,Sunrisers Hyderabad,Gujarat Titans,M Prasidh Krishna,Sunrisers Hyderabad,field,"Narendra Modi Stadium, Ahmedabad",Ahmedabad,2025.0,2025,5,4,2,1,0,1,200,0,64,0,19,410,16,12,15,13,68,92,146.0,192,55
1473489,2025-05-03,Royal Challengers Bengaluru,Chennai Super Kings,R Shepherd,Chennai Super Kings,field,"M Chinnaswamy Stadium, Bengaluru",Bengaluru,2025.0,2025,5,5,2,0,0,1,35,0,257,0,19,424,7,10,14,12,44,74,146.0,26,249
1473489,2025-05-03,Chennai Super Kings,Royal Challengers Bengaluru,R Shepherd,Chennai Super Kings,field,"M Chinnaswamy Stadium, Bengaluru",Bengaluru,2025.0,2025,5,5,2,1,0,1,256,0,35,0,19,424,7,10,14,12,44,74,146.0,248,26
1473490,2025-05-04,Kolkata Knight Riders,Rajasthan Royals,AD Russell,Kolkata Knight Riders,bat,"Eden Gardens, Kolkata",Kolkata,2025.0,2025,5,6,2,1,1,0,269,0,240,0,19,409,14,12,15,12,51,205,146.0,262,233
1473490,2025-05-04,Rajasthan Royals,Kolkata Knight Riders,AD Russell,Kolkata Knight Riders,bat,"Eden Gardens, Kolkata",Kolkata,2025.0,2025,5,6,2,0,1,0,239,0,268,0,19,409,14,12,15,12,51,205,146.0,232,262
1473491,2025-05-04,Punjab Kings,Lucknow Super Giants,P Simran Singh,Lucknow Super Giants,field,"Himachal Pradesh Cricket Association Stadium, Dharamsala",Dharamsala,2025.0,2025,5,6,2,0,0,1,78,0,62,0,19,435,17,12,16,11,11,29,146.0,67,54
1473491,2025-05-04,Lucknow Super Giants,Punjab Kings,P Simran Singh,Lucknow Super Giants,field,"Himachal Pradesh Cricket Association Stadium, Dharamsala",Dharamsala,2025.0,2025,5,6,2,1,0,1,63,0,78,0,19,435,17,12,16,11,11,29,146.0,55,67
1473492,2025-05-05,Delhi Capitals,Sunrisers Hyderabad,Unknown,Sunrisers Hyderabad,field,"Rajiv Gandhi International Stadium, Uppal, Hyderabad",Hyderabad,2025.0,2025,5,0,2,0,0,1,109,0,201,0,19,133,5,7,9,6,41,169,146.0,102,193
1473493,2025-05-06,Mumbai Indians,Gujarat Titans,Shubman Gill,Gujarat Titans,field,"Wankhede Stadium, Mumbai",Mumbai,2025.0,2025,5,1,2,0,0,1,282,0,64,0,19,299,13,15,19,13,110,366,146.0,273,56
1473493,2025-05-06,Gujarat Titans,Mumbai Indians,Shubman Gill,Gujarat Titans,field,"Wankhede Stadium, Mumbai",Mumbai,2025.0,2025,5,1,2,1,0,1,64,0,282,0,19,299,13,15,19,13,110,366,146.0,56,273
1473494,2025-05-07,Kolkata Knight Riders,Chennai Super Kings,Noor Ahmad,Kolkata Knight Riders,bat,"Eden Gardens, Kolkata",Kolkata,2025.0,2025,5,2,2,1,1,0,269,0,257,0,19,362,11,14,18,12,51,205,146.0,263,250
1473494,2025-05-07,Chennai Super Kings,Kolkata Knight Riders,Noor Ahmad,Kolkata Knight Riders,bat,"Eden Gardens, Kolkata",Kolkata,2025.0,2025,5,2,2,0,1,0,256,0,268,0,19,362,11,14,18,12,51,205,146.0,249,263
1473495,2025-05-08,Punjab Kings,Delhi Capitals,Unknown,Punjab Kings,bat,"Himachal Pradesh Cricket Association Stadium, Dharamsala",Dharamsala,2025.0,2025,5,3,2,1,1,0,78,0,109,0,10,122,2,1,2,6,11,29,146.0,68,102
1473497,2025-05-18,Punjab Kings,Rajasthan Royals,Harpreet Brar,Punjab Kings,bat,"Sawai Mansingh Stadium, Jaipur",Jaipur,2025.0,2025,5,6,2,1,1,0,78,0,240,0,19,427,15,12,16,12,34,128,146.0,69,234
1473497,2025-05-18,Rajasthan Royals,Punjab Kings,Harpreet Brar,Punjab Kings,bat,"Sawai Mansingh Stadium, Jaipur",Jaipur,2025.0,2025,5,6,2,0,1,0,239,0,78,0,19,427,15,12,16,12,34,128,146.0,233,68
1473498,2025-05-18,Delhi Capitals,Gujarat Titans,B Sai Sudharsan,Gujarat Titans,field,"Arun Jaitley Stadium, Delhi",Delhi,2025.0,2025,5,6,2,0,0,1,109,0,64,0,19,404,10,3,7,12,50,197,146.0,103,57
1473498,2025-05-18,Gujarat Titans,Delhi Capitals,B Sai Sudharsan,Gujarat Titans,field,"Arun Jaitley Stadium, Delhi",Delhi,2025.0,2025,5,6,2,1,0,1,64,0,109,0,19,404,10,3,7,12,50,197,146.0,57,103
1473499,2025-05-19,Lucknow Super Giants,Sunrisers Hyderabad,Abhishek Sharma,Sunrisers Hyderabad,field,"Bharat Ratna Shri Atal Bihari Vajpayee Ekana Cricket Stadium, Lucknow",Lucknow,2025.0,2025,5,0,2,0,0,1,63,0,201,0,19,409,19,12,15,13,47,47,146.0,56,194
1473499,2025-05-19,Sunrisers Hyderabad,Lucknow Super Giants,Abhishek Sharma,Sunrisers Hyderabad,field,"Bharat Ratna Shri Atal Bihari Vajpayee Ekana Cricket Stadium, Lucknow",Lucknow,2025.0,2025,5,0,2,1,0,1,200,0,62,0,19,409,19,12,15,13,47,47,146.0,193,55
1473500,2025-05-20,Chennai Super Kings,Rajasthan Royals,Akash Madhwal,Rajasthan Royals,field,"Arun Jaitley Stadium, Delhi",Delhi,2025.0,2025,5,1,2,0,0,1,256,0,240,0,19,374,23,12,16,12,50,197,146.0,250,235
1473500,2025-05-20,Rajasthan Royals,Chennai Super Kings,Akash Madhwal,Rajasthan Royals,field,"Arun Jaitley Stadium, Delhi",Delhi,2025.0,2025,5,1,2,1,0,1,239,0,257,0,19,374,23,12,16,12,50,197,146.0,234,251
1473501,2025-05-21,Mumbai Indians,Delhi Capitals,SA Yadav,Delhi Capitals,field,"Wankhede Stadium, Mumbai",Mumbai,2025.0,2025,5,2,2,0,0,1,282,0,109,0,19,301,3,15,18,11,110,366,146.0,274,104
1473501,2025-05-21,Delhi Capitals,Mumbai Indians,SA Yadav,Delhi Capitals,field,"Wankhede Stadium, Mumbai",Mumbai,2025.0,2025,5,2,2,1,0,1,109,0,282,0,19,301,3,15,18,11,110,366,146.0,104,274
1473502,2025-05-22,Lucknow Super Giants,Gujarat Titans,MR Marsh,Gujarat Titans,field,"Narendra Modi Stadium, Ahmedabad",Ahmedabad,2025.0,2025,5,3,2,0,0,1,63,0,64,0,19,437,18,11,14,12,68,92,146.0,57,58
1473502,2025-05-22,Gujarat Titans,Lucknow Super Giants,MR Marsh,Gujarat Titans,field,"Narendra Modi Stadium, Ahmedabad",Ahmedabad,2025.0,2025,5,3,2,1,0,1,64,0,62,0,19,437,18,11,14,12,68,92,146.0,58,56
1473503,2025-05-23,Sunrisers Hyderabad,Royal Challengers Bengaluru,Ishan Kishan,Royal Challengers Bengaluru,field,"Bharat Ratna Shri Atal Bihari Vajpayee Ekana Cricket Stadium, Lucknow",Lucknow,2025.0,2025,5,4,2,0,0,1,200,0,35,0,19,420,23,16,19,12,47,47,146.0,194,27
1473503,2025-05-23,Royal Challengers Bengaluru,Sunrisers Hyderabad,Ishan Kishan,Royal Challengers Bengaluru,field,"Bharat Ratna Shri Atal Bihari Vajpayee Ekana Cricket Stadium, Lucknow",Lucknow,2025.0,2025,5,4,2,1,0,1,35,0,201,0,19,420,23,16,19,12,47,47,146.0,27,195
1485779,2025-05-24,Punjab Kings,Delhi Capitals,Sameer Rizvi,Delhi Capitals,field,"Sawai Mansingh Stadium, Jaipur",Jaipur,2025.0,2025,5,5,2,0,0,1,78,0,109,0,19,414,16,12,16,11,34,128,146.0,70,105
1485779,2025-05-24,Delhi Capitals,Punjab Kings,Sameer Rizvi,Delhi Capitals,field,"Sawai Mansingh Stadium, Jaipur",Jaipur,2025.0,2025,5,5,2,1,0,1,109,0,78,0,19,414,16,12,16,11,34,128,146.0,105,69
1473504,2025-05-25,Chennai Super Kings,Gujarat Titans,D Brevis,Chennai Super Kings,bat,"Narendra Modi Stadium, Ahmedabad",Ahmedabad,2025.0,2025,5,6,2,1,1,0,256,0,64,0,19,375,22,15,17,14,68,92,146.0,251,59
1473504,2025-05-25,Gujarat Titans,Chennai Super Kings,D Brevis,Chennai Super Kings,bat,"Narendra Modi Stadium, Ahmedabad",Ahmedabad,2025.0,2025,5,6,2,0,1,0,64,0,257,0,19,375,22,15,17,14,68,92,146.0,59,252
1473505,2025-05-25,Sunrisers Hyderabad,Kolkata Knight Riders,H Klaasen,Sunrisers Hyderabad,bat,"Arun Jaitley Stadium, Delhi",Delhi,2025.0,2025,5,6,2,1,1,0,200,0,268,0,19,445,29,13,15,13,50,197,146.0,195,264
1473505,2025-05-25,Kolkata Knight Riders,Sunrisers Hyderabad,H Klaasen,Sunrisers Hyderabad,bat,"Arun Jaitley Stadium, Delhi",Delhi,2025.0,2025,5,6,2,0,1,0,269,0,201,0,19,445,29,13,15,13,50,197,146.0,264,196
1473506,2025-05-26,Mumbai Indians,Punjab Kings,JP Inglis,Punjab Kings,field,"Sawai Mansingh Stadium, Jaipur",Jaipur,2025.0,2025,5,0,2,0,0,1,282,0,78,0,19,370,21,10,13,12,34,128,146.0,275,70
1473506,2025-05-26,Punjab Kings,Mumbai Indians,JP Inglis,Punjab Kings,field,"Sawai Mansingh Stadium, Jaipur",Jaipur,2025.0,2025,5,0,2,1,0,1,78,0,282,0,19,370,21,10,13,12,34,128,146.0,71,275
1473507,2025-05-27,Lucknow Super Giants,Royal Challengers Bengaluru,JM Sharma,Royal Challengers Bengaluru,field,"Bharat Ratna Shri Atal Bihari Vajpayee Ekana Cricket Stadium, Lucknow",Lucknow,2025.0,2025,5,1,2,0,0,1,63,0,35,0,19,457,20,7,11,12,47,47,146.0,58,28
1473507,2025-05-27,Royal Challengers Bengaluru,Lucknow Super Giants,JM Sharma,Royal Challengers Bengaluru,field,"Bharat Ratna Shri Atal Bihari Vajpayee Ekana Cricket Stadium, Lucknow",Lucknow,2025.0,2025,5,1,2,1,0,1,35,0,62,0,19,457,20,7,11,12,47,47,146.0,28,57
1473508,2025-05-29,Punjab Kings,Royal Challengers Bengaluru,Suyash Sharma,Royal Challengers Bengaluru,field,"Maharaja Yadavindra Singh International Cricket Stadium, Mullanpur",New Chandigarh,2025.0,2025,5,3,2,0,0,1,78,0,35,0,14,207,15,12,15,11,20,8,146.0,72,29
1473508,2025-05-29,Royal Challengers Bengaluru,Punjab Kings,Suyash Sharma,Royal Challengers Bengaluru,field,"Maharaja Yadavindra Singh International Cricket Stadium, Mullanpur",New Chandigarh,2025.0,2025,5,3,2,1,0,1,35,0,78,0,14,207,15,12,15,11,20,8,146.0,29,71
1473509,2025-05-30,Mumbai Indians,Gujarat Titans,RG Sharma,Mumbai Indians,bat,"Maharaja Yadavindra Singh International Cricket Stadium, New Chandigarh",New Chandigarh,2025.0,2025,5,4,2,1,1,0,282,0,64,0,19,435,16,11,15,13,6,8,146.0,276,60
1473509,2025-05-30,Gujarat Titans,Mumbai Indians,RG Sharma,Mumbai Indians,bat,"Maharaja Yadavindra Singh International Cricket Stadium, New Chandigarh",New Chandigarh,2025.0,2025,5,4,2,0,1,0,64,0,282,0,19,435,16,11,15,13,6,8,146.0,60,276
1473510,2025-06-01,Mumbai Indians,Punjab Kings,SS Iyer,Punjab Kings,field,"Narendra Modi Stadium, Ahmedabad",Ahmedabad,2025.0,2025,6,6,2,0,0,1,282,0,78,0,19,410,13,11,15,12,68,92,146.0,277,72
1473510,2025-06-01,Punjab Kings,Mumbai Indians,SS Iyer,Punjab Kings,field,"Narendra Modi Stadium, Ahmedabad",Ahmedabad,2025.0,2025,6,6,2,1,0,1,78,0,282,0,19,410,13,11,15,12,68,92,146.0,73,277
1473511,2025-06-03,Royal Challengers Bengaluru,Punjab Kings,KH Pandya,Punjab Kings,field,"Narendra Modi Stadium, Ahmedabad",Ahmedabad,2025.0,2025,6,1,2,0,0,1,35,0,78,0,19,374,20,16,19,11,68,92,146.0,30,73
1473511,2025-06-03,Punjab Kings,Royal Challengers Bengaluru,KH Pandya,Punjab Kings,field,"Narendra Modi Stadium, Ahmedabad",Ahmedabad,2025.0,2025,6,1,2,1,0,1,78,0,35,0,19,374,20,16,19,11,68,92,146.0,74,30
1527674,2026-03-28,Sunrisers Hyderabad,Royal Challengers Bengaluru,JA Duffy,Royal Challengers Bengaluru,field,"M Chinnaswamy Stadium, Bengaluru",Bengaluru,2026.0,2026,3,5,1,0,0,1,200,0,35,0,19,403,23,13,17,12,44,74,47.0,196,31
1527674,2026-03-28,Royal Challengers Bengaluru,Sunrisers Hyderabad,JA Duffy,Royal Challengers Bengaluru,field,"M Chinnaswamy Stadium, Bengaluru",Bengaluru,2026.0,2026,3,5,1,1,0,1,35,0,201,0,19,403,23,13,17,12,44,74,47.0,31,197
1527675,2026-03-29,Kolkata Knight Riders,Mumbai Indians,SN Thakur,Mumbai Indians,field,"Wankhede Stadium, Mumbai",Mumbai,2026.0,2026,3,6,1,0,0,1,269,0,282,0,19,443,15,8,12,12,110,366,47.0,265,278
1527675,2026-03-29,Mumbai Indians,Kolkata Knight Riders,SN Thakur,Mumbai Indians,field,"Wankhede Stadium, Mumbai",Mumbai,2026.0,2026,3,6,1,1,0,1,282,0,268,0,19,443,15,8,12,12,110,366,47.0,278,265
1527676,2026-03-30,Chennai Super Kings,Rajasthan Royals,N Burger,Rajasthan Royals,field,"Barsapara Cricket Stadium, Guwahati",Guwahati,2026.0,2026,3,0,1,0,0,1,256,0,240,0,19,255,22,12,15,12,16,16,47.0,252,236
1527676,2026-03-30,Rajasthan Royals,Chennai Super Kings,N Burger,Rajasthan Royals,field,"Barsapara Cricket Stadium, Guwahati",Guwahati,2026.0,2026,3,0,1,1,0,1,239,0,257,0,19,255,22,12,15,12,16,16,47.0,235,253
1527677,2026-03-31,Gujarat Titans,Punjab Kings,C Connolly,Punjab Kings,field,"Maharaja Yadavindra Singh International Cricket Stadium, New Chandigarh",New Chandigarh,2026.0,2026,3,1,1,0,0,1,64,0,78,0,19,327,18,13,17,11,6,8,47.0,61,74
1527677,2026-03-31,Punjab Kings,Gujarat Titans,C Connolly,Punjab Kings,field,"Maharaja Yadavindra Singh International Cricket Stadium, New Chandigarh",New Chandigarh,2026.0,2026,3,1,1,1,0,1,78,0,64,0,19,327,18,13,17,11,6,8,47.0,75,61
1527678,2026-04-01,Lucknow Super Giants,Delhi Capitals,Sameer Rizvi,Delhi Capitals,field,"Bharat Ratna Shri Atal Bihari Vajpayee Ekana Cricket Stadium, Lucknow",Lucknow,2026.0,2026,4,2,2,0,0,1,63,0,109,0,18,285,33,14,17,13,47,47,47.0,59,106
1527678,2026-04-01,Delhi Capitals,Lucknow Super Giants,Sameer Rizvi,Delhi Capitals,field,"Bharat Ratna Shri Atal Bihari Vajpayee Ekana Cricket Stadium, Lucknow",Lucknow,2026.0,2026,4,2,2,1,0,1,109,0,62,0,18,285,33,14,17,13,47,47,47.0,106,58
1527679,2026-04-02,Sunrisers Hyderabad,Kolkata Knight Riders,Nithish Kumar Reddy,Kolkata Knight Riders,field,"Eden Gardens, Kolkata",Kolkata,2026.0,2026,4,3,2,0,0,1,200,0,268,0,19,386,20,18,20,13,51,205,47.0,197,266
1527679,2026-04-02,Kolkata Knight Riders,Sunrisers Hyderabad,Nithish Kumar Reddy,Kolkata Knight Riders,field,"Eden Gardens, Kolkata",Kolkata,2026.0,2026,4,3,2,1,0,1,269,0,201,0,19,386,20,18,20,13,51,205,47.0,266,198
1527680,2026-04-03,Chennai Super Kings,Punjab Kings,Priyansh Arya,Punjab Kings,field,"MA Chidambaram Stadium, Chepauk, Chennai",Chennai,2026.0,2026,4,4,2,0,0,1,256,0,78,0,19,418,25,10,14,11,74,188,47.0,253,75
1527680,2026-04-03,Punjab Kings,Chennai Super Kings,Priyansh Arya,Punjab Kings,field,"MA Chidambaram Stadium, Chepauk, Chennai",Chennai,2026.0,2026,4,4,2,1,0,1,78,0,257,0,19,418,25,10,14,11,74,188,47.0,76,254
1527681,2026-04-04,Mumbai Indians,Delhi Capitals,Sameer Rizvi,Delhi Capitals,field,"Arun Jaitley Stadium, Delhi",Delhi,2026.0,2026,4,5,2,0,0,1,282,0,109,0,19,326,10,10,14,12,50,197,47.0,279,107
1527681,2026-04-04,Delhi Capitals,Mumbai Indians,Sameer Rizvi,Delhi Capitals,field,"Arun Jaitley Stadium, Delhi",Delhi,2026.0,2026,4,5,2,1,0,1,109,0,282,0,19,326,10,10,14,12,50,197,47.0,107,279
1527682,2026-04-04,Rajasthan Royals,Gujarat Titans,Ravi Bishnoi,Rajasthan Royals,bat,"Narendra Modi Stadium, Ahmedabad",Ahmedabad,2026.0,2026,4,5,2,1,1,0,239,0,64,0,19,414,24,14,18,12,68,92,47.0,236,62
1527682,2026-04-04,Gujarat Titans,Rajasthan Royals,Ravi Bishnoi,Rajasthan Royals,bat,"Narendra Modi Stadium, Ahmedabad",Ahmedabad,2026.0,2026,4,5,2,0,1,0,64,0,240,0,19,414,24,14,18,12,68,92,47.0,62,237
1527683,2026-04-05,Sunrisers Hyderabad,Lucknow Super Giants,Mohammed Shami,Lucknow Super Giants,field,"Rajiv Gandhi International Stadium, Uppal, Hyderabad",Hyderabad,2026.0,2026,4,6,2,0,0,1,200,0,62,0,19,316,7,14,17,11,41,169,47.0,198,59
1527683,2026-04-05,Lucknow Super Giants,Sunrisers Hyderabad,Mohammed Shami,Lucknow Super Giants,field,"Rajiv Gandhi International Stadium, Uppal, Hyderabad",Hyderabad,2026.0,2026,4,6,2,1,0,1,63,0,201,0,19,316,7,14,17,11,41,169,47.0,60,199
1527684,2026-04-05,Royal Challengers Bengaluru,Chennai Super Kings,TH David,Chennai Super Kings,field,"M Chinnaswamy Stadium, Bengaluru",Bengaluru,2026.0,2026,4,6,2,0,0,1,35,0,257,0,19,457,15,13,16,12,44,74,47.0,32,255
1527684,2026-04-05,Chennai Super Kings,Royal Challengers Bengaluru,TH David,Chennai Super Kings,field,"M Chinnaswamy Stadium, Bengaluru",Bengaluru,2026.0,2026,4,6,2,1,0,1,256,0,35,0,19,457,15,13,16,12,44,74,47.0,254,32
1527685,2026-04-06,Kolkata Knight Riders,Punjab Kings,Unknown,Kolkata Knight Riders,bat,"Eden Gardens, Kolkata",Kolkata,2026.0,2026,4,0,2,1,1,0,269,0,78,0,3,25,0,2,4,2,51,205,47.0,267,76
1527686,2026-04-07,Rajasthan Royals,Mumbai Indians,YBK Jaiswal,Mumbai Indians,field,"Barsapara Cricket Stadium, Guwahati",Guwahati,2026.0,2026,4,1,2,0,0,1,239,0,282,0,10,273,17,12,16,11,16,16,47.0,237,280
1527686,2026-04-07,Mumbai Indians,Rajasthan Royals,YBK Jaiswal,Mumbai Indians,field,"Barsapara Cricket Stadium, Guwahati",Guwahati,2026.0,2026,4,1,2,1,0,1,282,0,240,0,10,273,17,12,16,11,16,16,47.0,280,238
1527687,2026-04-08,Gujarat Titans,Delhi Capitals,Rashid Khan,Delhi Capitals,field,"Arun Jaitley Stadium, Delhi",Delhi,2026.0,2026,4,2,2,0,0,1,64,0,109,0,19,418,13,12,15,12,50,197,47.0,63,108
1527687,2026-04-08,Delhi Capitals,Gujarat Titans,Rashid Khan,Delhi Capitals,field,"Arun Jaitley Stadium, Delhi",Delhi,2026.0,2026,4,2,2,1,0,1,109,0,64,0,19,418,13,12,15,12,50,197,47.0,108,63
1527688,2026-04-09,Kolkata Knight Riders,Lucknow Super Giants,MD Choudhary,Lucknow Super Giants,field,"Eden Gardens, Kolkata",Kolkata,2026.0,2026,4,3,2,0,0,1,269,0,62,0,19,363,21,11,15,11,51,205,47.0,268,60
1527688,2026-04-09,Lucknow Super Giants,Kolkata Knight Riders,MD Choudhary,Lucknow Super Giants,field,"Eden Gardens, Kolkata",Kolkata,2026.0,2026,4,3,2,1,0,1,63,0,268,0,19,363,21,11,15,11,51,205,47.0,61,267
1527689,2026-04-10,Royal Challengers Bengaluru,Rajasthan Royals,V Suryavanshi,Rajasthan Royals,field,"Barsapara Cricket Stadium, Guwahati",Guwahati,2026.0,2026,4,4,2,0,0,1,35,0,240,0,19,403,16,12,16,12,16,16,47.0,33,239
1527689,2026-04-10,Rajasthan Royals,Royal Challengers Bengaluru,V Suryavanshi,Rajasthan Royals,field,"Barsapara Cricket Stadium, Guwahati",Guwahati,2026.0,2026,4,4,2,1,0,1,239,0,35,0,19,403,16,12,16,12,16,16,47.0,238,33
1527690,2026-04-11,Sunrisers Hyderabad,Punjab Kings,SS Iyer,Punjab Kings,field,"Maharaja Yadavindra Singh International Cricket Stadium, New Chandigarh",New Chandigarh,2026.0,2026,4,5,2,0,0,1,200,0,78,0,19,439,15,10,14,13,6,8,47.0,199,77
1527690,2026-04-11,Punjab Kings,Sunrisers Hyderabad,SS Iyer,Punjab Kings,field,"Maharaja Yadavindra Singh International Cricket Stadium, New Chandigarh",New Chandigarh,2026.0,2026,4,5,2,1,0,1,78,0,201,0,19,439,15,10,14,13,6,8,47.0,77,200
1527691,2026-04-11,Chennai Super Kings,Delhi Capitals,SV Samson,Delhi Capitals,field,"MA Chidambaram Stadium, Chepauk, Chennai",Chennai,2026.0,2026,4,5,2,0,0,1,256,0,109,0,19,401,18,12,15,12,74,188,47.0,255,109
1527691,2026-04-11,Delhi Capitals,Chennai Super Kings,SV Samson,Delhi Capitals,field,"MA Chidambaram Stadium, Chepauk, Chennai",Chennai,2026.0,2026,4,5,2,1,0,1,109,0,257,0,19,401,18,12,15,12,74,188,47.0,109,256
1527692,2026-04-12,Lucknow Super Giants,Gujarat Titans,M Prasidh Krishna,Gujarat Titans,field,"Bharat Ratna Shri Atal Bihari Vajpayee Ekana Cricket Stadium, Lucknow",Lucknow,2026.0,2026,4,6,2,0,0,1,63,0,64,0,19,329,12,11,15,11,47,47,47.0,62,64
1527692,2026-04-12,Gujarat Titans,Lucknow Super Giants,M Prasidh Krishna,Gujarat Titans,field,"Bharat Ratna Shri Atal Bihari Vajpayee Ekana Cricket Stadium, Lucknow",Lucknow,2026.0,2026,4,6,2,1,0,1,64,0,62,0,19,329,12,11,15,11,47,47,47.0,64,61
1527693,2026-04-12,Royal Challengers Bengaluru,Mumbai Indians,PD Salt,Mumbai Indians,field,"Wankhede Stadium, Mumbai",Mumbai,2026.0,2026,4,6,2,0,0,1,35,0,282,0,19,461,24,10,14,12,110,366,47.0,34,281
1527693,2026-04-12,Mumbai Indians,Royal Challengers Bengaluru,PD Salt,Mumbai Indians,field,"Wankhede Stadium, Mumbai",Mumbai,2026.0,2026,4,6,2,1,0,1,282,0,35,0,19,461,24,10,14,12,110,366,47.0,281,34
1529264,2026-04-13,Sunrisers Hyderabad,Rajasthan Royals,PP Hinge,Rajasthan Royals,field,"Rajiv Gandhi International Stadium, Uppal, Hyderabad",Hyderabad,2026.0,2026,4,0,2,0,0,1,200,0,240,0,19,374,18,16,18,12,41,169,47.0,200,240
1529264,2026-04-13,Rajasthan Royals,Sunrisers Hyderabad,PP Hinge,Rajasthan Royals,field,"Rajiv Gandhi International Stadium, Uppal, Hyderabad",Hyderabad,2026.0,2026,4,0,2,1,0,1,239,0,201,0,19,374,18,16,18,12,41,169,47.0,239,201
1529265,2026-04-14,Chennai Super Kings,Kolkata Knight Riders,Noor Ahmad,Kolkata Knight Riders,field,"MA Chidambaram Stadium, Chepauk, Chennai",Chennai,2026.0,2026,4,1,2,0,0,1,256,0,268,0,19,351,21,12,16,12,74,188,47.0,256,268
1529265,2026-04-14,Kolkata Knight Riders,Chennai Super Kings,Noor Ahmad,Kolkata Knight Riders,field,"MA Chidambaram Stadium, Chepauk, Chennai",Chennai,2026.0,2026,4,1,2,1,0,1,269,0,257,0,19,351,21,12,16,12,74,188,47.0,269,257
1529266,2026-04-15,Lucknow Super Giants,Royal Challengers Bengaluru,JR Hazlewood,Royal Challengers Bengaluru,field,"M Chinnaswamy Stadium, Bengaluru",Bengaluru,2026.0,2026,4,2,2,0,0,1,63,0,35,0,19,295,12,15,18,10,44,74,47.0,63,35
1529266,2026-04-15,Royal Challengers Bengaluru,Lucknow Super Giants,JR Hazlewood,Royal Challengers Bengaluru,field,"M Chinnaswamy Stadium, Bengaluru",Bengaluru,2026.0,2026,4,2,2,1,0,1,35,0,62,0,19,295,12,15,18,10,44,74,47.0,35,62
1529267,2026-04-16,Mumbai Indians,Punjab Kings,Arshdeep Singh,Punjab Kings,field,"Wankhede Stadium, Mumbai",Mumbai,2026.0,2026,4,3,2,0,0,1,282,0,78,0,19,393,18,9,12,11,110,366,47.0,282,78
1529267,2026-04-16,Punjab Kings,Mumbai Indians,Arshdeep Singh,Punjab Kings,field,"Wankhede Stadium, Mumbai",Mumbai,2026.0,2026,4,3,2,1,0,1,78,0,282,0,19,393,18,9,12,11,110,366,47.0,78,282
